AttributeID,AttributeName,Color,DefaultValue,Direction,Format,Hidden,Level,MustExist,Owner,Owner2,PositionX,PositionY,Ratio,SingleInstance,Size,Typ,Visible,ASSIGNED_LIST,Usage_Description,UNIQUE_VALUE,DESCRIPTION_34,DESCRIPTION_86,DESCRIPTION_49,DESCRIPTION_44,DESCRIPTION_33,DESCRIPTION_39,DESCRIPTION_81,DESCRIPTION_31,DESCRIPTION_351,DESCRIPTION_07,DESCRIPTION_90,Flags2,DESCRIPTION_48
2,.ACTIVE_COMPOSITE,0,,1,VALUE,False,1,False,8160,0,0.0,-40.0,1,True,20.0,4,1,,,,Pieza complementaria,当前匹配连接器,Aktives Gegenstück,Active mating connector,Contre-pièce,Controparte attiva,アクティブな嵌合コネクタ,tegenstuk,Contra-peça,Ответная часть,Aktif eş konnektör,0,
4,.ACTIVE_CONNPART,0,,1,VALUE,False,1,False,8160,0,0.0,-40.0,1,True,20.0,4,1,,,,Pieza de cavidad activa,当前匹配的针脚插件,Aktives Kammermaterial,Active cavity part,Pièce de cavité active,Parte per cavità attiva,アクティブなキャビティパート,aktief cavity part,,Текущий наконечник/уплотнитель,Aktif boşluk parçası,0,Aktywna grupa pinów i uszczelek
6,.ALT_COMPCODE,0,,1,DEFAULT,False,1,False,16416,,0.0,-40.0,1,True,25.0,4,0,,,,Código de componente alternativo,可选元件代码,Alternativer Bauteilname,Alternative component code,Nom de composant alternatif,Codice componente alternativo,代替コンポーネントコード,alternative toestelnaam,Código alternativo de componente,Альтернативный код изделия,Alternatif bileşen kodu,,Alternatywny kod komponentu
0,.ARRANGEMENT_SYMBOL,1,,1,VALUE,False,1,False,4194304,0,0.0,-40.0,1,True,25.0,4,0,,DatabaseSymbol,1,Símbolo de organización de contactos,触点布置符号,Kontaktspiegel Symbol,Contact arrangement symbol,Symbole de disposition des contacts,Simbolo tabella contatti,コンタクトアレンジシンボル,kontakt arrangement symbool,Símbolo de arranjo de contatos,Символ упорядочения контактов,İletişim düzenleme sembolü,0,Symbol aranżacji styków
0,.ASSIGNED_END_BRACKET,1,,1,VALUE,False,1,False,32,0,0.0,-40.0,1,True,25.0,4,0,,,,Soporte final asignado,指定的终端固定件,Zugewiesene Endklammer,Assigned end bracket,Attache d'extrémité assignée,Blocchetto terminale assegnato,割り当てられたエンドブラケット,Toegewezen eindklem,,Назначенный концевой стопор,Atanmış uç dirseği,0,Przypisana blokada końcowa
0,.ASSIGNED_END_COVER,1,,1,VALUE,False,1,False,32,0,0.0,-40.0,1,True,25.0,4,0,,,,Cubierta final asignada,指定的端盖,Zugewiesene Endplatte,Assigned end cover,Plaque d'extrémité assignée,Piastra terminale assegnata,割り当てられた終端カバー,Toegewezen eindafsluiting,,Назначенная концевая пластина,Atanmış uç kapağı,0,Przypisana ścianka końcowa
0,.ASSIGNED_SEPARATION_PLATE,1,,1,VALUE,False,1,False,32,0,0.0,-40.0,1,True,25.0,4,0,,,,Placa de separación asignada,指定的隔片,Zugewiesene Trennplatte,Assigned separating plate,Plaque de séparation assignée,Piastra di separazione assegnata,割り当てられた分離プレート,Toegewezen tussenplaat,,Назначенная разделительная пластина,Atanmış ayırma plakası,0,Przepisana płytka separacyjna
,.ATTACHED_SYMBOL,0,,,,False,,False,4194305,,,,,False,,4,0,,DatabaseSymbol,,Símbolo adjunto,附属符号,Zugeordnetes Symbol,Attached symbol,Symbol assigné,Simbolo assegnato,添付シンボル,bijgevoegd symbool,Símbolo anexado,Присоединенный символ,Ekli sembol,,Przylączony symbol
0,.BACKPLANE_WIRE,1,,1,VALUE,False,1,False,134217728,0,0.0,-40.0,1,True,25.0,3,1,,,,Cableado de la Pletina (reijlla),背板布线 (网格),Rückwandverdrahtung (Raster),Backplane wiring (grid),Câblage de fond de panier (grille),Connessione backplane (griglia),バックプレーン配線(グリッド),backplane bedrading,Fiação Backplane (grade),Монтаж соединительной платой,Arkaplan kablo (ızgara),0,Okablowanie za płytą montażową (siatka)
0,.BLOCK_PIN_SYMBOL,1,,1,VALUE,False,1,False,1088,0,0.0,-40.0,1,True,25.0,4,0,,DatabaseSymbol,,Símbolo para conector de bloque,背板布线 (网格) (1),Symbol für Blockstecker,Symbol for block connector,Symbole pour connecteur-bloc,Simbolo per connettore di blocco,ブロックコネクタ用シンボル,symbool voor blok stekker,Símbolo para Conector de Bloco,Символ для соединителя блока,Sembol için blok konnektör,0,Symbol dla złącza bloku
,.BRIDGE,0,,1,VALUE,False,1,False,1971542,0,0.0,-40.0,1,True,20.0,1,1,,,,Puente para borne,模块连接器符号,Klemmenbrücke,Jumper for terminal,Pont pour borne,Ponte per morsetto,ターミナル用ジャンパー,klemmenbrug,Ponte para borne,Перемычка для клеммы,Terminal için jumper,0,Mostek dla złączek
80,.CABLE_DUCT_LENGTH,0,,1,DEFAULT,False,1,False,2080,0,0.0,-40.0,1,True,125.0,3,1,,,,Longitud conducto de manguera,电缆通道长度,Länge des Kabelkanals,Length of cable duct,Longueur du caniveau de câble,Lunghezza canalina cavi,ケーブルダクト長,lengte van de kabelgoot,Comprimento da eletrocalha,Длина кабель-канала,Kablo kanalı uzunluğu,0,Długość korytka kablowego
11,.CABLENAME,0,,1,VALUE,False,12,False,2,0,0.0,-40.0,1,True,20.0,4,1,,,,Nombre dispositivo de manguera,电缆设备代号,Kabelname,Cable Device designation,Nom de câble,Designazione cavo,ケーブルデバイス識別名,kabelnaam,Designação de Dispositivo do Cabo,Кабель - Позиционное обозначение,Kablo aygıtı atama,0,Oznaczenie kabla
0,.CABLESHAPE,1,,1,VALUE,False,1,False,393222,340,0.0,-40.0,1,True,25.0,4,1,,,,Contorno de manguera,Cable Shape,Kabelform,Cable Shape,Forme de câble,Forma cavo,Cable Shape,Kabelvorm,Forma do cabo,Форма кабеля,Kablo Şekli,0,Kształt kabla
12,.CABLETYPE,0,,1,VALUE,False,5,False,2,0,0.0,-40.0,1,True,20.0,4,1,,,,Código de componente de manguera,电缆元件代码,Kabeltyp,Cable Component code,Type de câble,Componente cavo,ケーブルコンポーネントコード,kabeltype,Código de Componente do Cabo,Кабель - Условное обозначение,Kablo bileşen kodu,0,Kod komponentu kabla
0,.CALC_PARAM_AMBIENT_TEMP,1,,1,## °C,False,1,False,6,0,0.0,-40.0,1,True,25.0,2,1,,,,Temperatura ambiente [grados C],环境温度(摄氏度),Umgebungstemperatur [Grad C],Ambient temperature [degrees C],Température extérieure [degrés C],Temperatura ambiente [C°],周辺温度 [℃],buitentemperatuur [graden Celsius],Temperatura Ambiente [Graus Celsius],Наружная температура [градусы Цельсия],Ortam sıcaklığı [derece C],0,Temperatura otoczenia [stopnie C]
0,.CALC_PARAM_CURRENT,1,,1,#.### A,False,1,False,32,0,0.0,-40.0,1,True,25.0,2,1,,Calculation,,Corriente [A],电流[A],Stromwert [A],Current [A],Courant [A],Corrente [A],電流 [A],stroom [A],Corrente [A],Ток [A],Akım [A],0,Prąd [A]
0,.CALC_PARAM_CURRENT_SWITCH_EXPRESSION,1,,1,VALUE,False,1,False,1140850688,0,0.0,-40.0,1,True,25.0,4,1,,Calculation,,Expresión de cambio de corriente,Current switch expression（当前开关标记）,Aktuelle Schalterstellung,Current switch expression,État actuel du commutateur ,Posizione interruttore,現在のスイッチ表記,actueel wisselstand,Expressão de troca atual,Текущее выражение переключателя,Güncel anahtar ifadesi,0,Przełączanie prądu
0,.CALC_PARAM_FUSE_SIZE,1,,1,# A,False,1,False,2080,0,0.0,-40.0,1,True,25.0,2,1,,Calculation,,Clasificación de fusible [A],熔线额定(电流)值[A],Leitungsschutzeinrichtungsgröße  [A],Fuse rating [A],calibre de fusible [A],Portata fusibile [A],フューズ定格 [A],zekeringswaarde [A],Categoria do Fusível [A],Номинал плавкого предохранителя [A],Sigorta Değeri [A],0,Obciążalność bezpiecznika [A]
0,.CALC_PARAM_LOAD_FACTOR,1,,1,VALUE,False,1,False,2080,0,0.0,-40.0,1,True,25.0,2,1,,Calculation,,Factor de carga,负载系数,Belastungsfaktor,Load factor,Facteur de charge,Fattore di carico,負荷要因,belastingsfaktor,Fator de carga [A],Коэффициент нагрузки,Yük Faktörü,0,Współczynnik obciążenia
0,.CALC_PARAM_NOMINAL_TEMP,1,,1,## °C,False,1,False,16384,2,0.0,-40.0,1,True,25.0,2,1,,Calculation,,Temperatura nominal [grados C],额定温度(摄氏度),Referenztemperatur [Grad C],Nominal temperature [degrees C],Température prescrite [degrés C],Temperatura nominale [Gradi centigradi],公称温度 [℃],nominale temperatuur [Grad Celsius],Temperatura Nominal [Graus Celsius],Номинальная температура [градусы Цельсия],Nominal sıcaklık [derece C],0,Nominalna temperatura [stopnie C]
0,.CALC_PARAM_OVER_CURRENT_RATIO,1,,1,VALUE,False,1,False,2080,0,0.0,-40.0,1,True,25.0,2,1,,Calculation,,Ratio de sobrecarga,过载电流率,Überstromfaktor,Over current ratio,Rapport surintensité,rapporto di sovvracorrente,過電流率,stroompiek,Relação de sobre-corrente,Кратность перегрузки,Geçerli oranın üzerinde,0,Współczynnik prądu przetężeniowego
0,.CALC_PARAM_PERMISSION_CURRENT,1,,1,#.### A,False,1,False,5440,0,0.0,-40.0,1,True,25.0,2,1,,Calculation,,Corriente permitida [A],Permission current（容许电流） [A],Strombelastung [A],Permission current [A],calculé : courant autorisé,Corrente di carico [A],許容電流[A],toegelaten stroom [A],Corrente Permitida [A],Допустимый ток [А],İzin verilen akım [A],0,Pobór prądu [A]
0,.CALC_PARAM_PIN_PROTECTION,1,,1,VALUE,False,1,False,5440,0,0.0,-40.0,1,True,25.0,5,1,,Calculation,,Protección de pin,针脚保护,Anschlusspunktschutz,Pin protection,Protection de broche,Protezione pin,保護端子,pin protectie,Proteção do Pino,Защита вывода,Pin koruması,0,Ochrona pinu
0,.CALC_PARAM_POWER_GROUND,1,,1,VALUE,False,1,False,5440,0,0.0,-40.0,1,True,25.0,5,1,,Calculation,,Ground,Ground,Masse,Ground,Ground,Massa,Ground,Ground,Ground,Ground,Ground,0,Uziemienie
0,.CALC_PARAM_RESISTANCE,1,,1,VALUE,False,1,False,1140855104,0,0.0,-40.0,1,True,25.0,2,1,,Calculation,,Resistencia (C) [Ohm],Resistance （电阻） [Ohm],Widerstand (C) [Ohm],Resistance (for Calculation) [Ohm],Résistance (C) [Ohm],Resistenza (C) [Ohm],抵抗(C) [Ω],Weerstand (C) [Ohm],Resistência (C) [Ohm],Сопротивление (C) [Ом],Direnç (C) [Ohm],0,Rezystancja (dla obliczeń) [Ohm]
0,.CALC_PARAM_VALID_SWITCH_EXPRESSION,1,,1,VALUE,False,1,False,1140850688,0,0.0,-40.0,1,False,25.0,4,1,,Calculation,1,Expresión de cambio válida,Valid switch expression（有效开关标记）,Gültige Schalterstellung,Valid switch expression,Position valide de l'interrupteur,Posizione valida interruttore,有効なスイッチ表記,geldig wisselstand,Expressão de troca válida,Действующее выражение переключателя,Geçerli anahtar ifadesi,0,Poprawne przedstawienie styków
0,.CALC_PARAM_VOLTAGE,1,,1,#.### V,False,1,False,5440,0,0.0,-40.0,1,True,25.0,2,1,,Calculation,,Suministro de voltaje [V],电源电压[V],Spannungsversorgung [V],Voltage supply [V],Tension d'alimentation,Tensione di alimentazione [V],供給電圧 [V],voedingsspanning,Voltagem da Fonte [V],Напряжение питания [V],Kaynak Gerilimi [V],0,Napięcie zasilania [V]
0,.CALC_PARAM_VOLTAGE_MAX,1,,1,#.### V,False,1,False,5440,0,0.0,-40.0,1,True,25.0,2,1,,Calculation,,Valor máximo de voltaje [V],最大电压值 [V],Max. Spannungswert [V],Maximum voltage value [V],Valeur maximale de tension [V],Valore massimo tensione [V],最高電圧値 [V],max. voedingsspanning [V],Valor Máximo de voltagem [V],Максимальное напряжение [V],Maksimum voltaj değeri [V],0,Maksymalna wartość napięcia [V]
0,.CALC_PARAM_VOLTAGE_MIN,1,,1,#.### V,False,1,False,5440,0,0.0,-40.0,1,True,25.0,2,1,,Calculation,,Valor mínimo de voltaje [V],最小电压值 [V],Min. Spannungswert [V],Minimum voltage value [V],Valeur minimale de tension [V],Valore minimo tensione [V],最低電圧値 [V],min. voedingsspanning [V],Valor Mínimo de voltagem [V],Минимальное напряжение [V],Minimum voltaj değeri [V],0,Minimalna wartość napięcia [V]
0,.CALC_PARAM_WIRE_KIND_ID,1,,1,VALUE,False,1,False,262148,0,0.0,-40.0,1,True,25.0,1,1,,Calculation,,Tipo de hilo,导线类别,Drahtmaterial,Wire kind,Type de fil,Materiale filo,ワイヤ種別,draad type,Tipo de Fio,Марка провода,Tel türü,0,Rodzaj przewodu
0,.CALC_RESULT_ACTUAL_RESISTANCE,1,,1,#.##### Ω,False,1,False,4,0,0.0,-40.0,1,True,25.0,2,1,,Calculation,,Resistencia actual [Ohm],Actual resistance（实效电阻 [Ohm]）,Aktueller Widerstand [Ohm],Actual resistance [Ohm],Résistance  actuel [Ohm],Resistenza attuale [Ohm],実抵抗[Ω],actueel weerstand [Ohm],Resistência atual [Ohm],Фактическое сопротивление [Ом],Gerçek direnç [Ohm],0,Aktualna rezystancja [Ohm]
0,.CALC_RESULT_CONDUCTOR_TEMP,1,,1,## °C,False,1,False,4,0,0.0,-40.0,1,True,25.0,2,1,,Calculation,,Calculado: Vena [grados C],计算：导线,Berechnet: Adertemperatur [Grad C],Calculated: Conductor temperature [degrees C],Calculé : température de brin [degrés C],Calcolato: Conduttore,算出: 導体温度 [℃],berekend: ader,Calculado: Temperatura do condutor [Graus Celsius],Рассчитано: Температура проводника [градусы Цельсия],Hesaplandı: İletken sıcaklığı [degree C],0,Wyliczony/a: Temperatura żyły [stopnie C]
0,.CALC_RESULT_CURRENT,1,,1,#.### A,False,1,False,5440,0,0.0,-40.0,1,True,25.0,2,1,,Calculation,,Calculado: Corriente [A],计算：电流[A],Berechnet: Stromwert [A],Calculated: Current [A],Calculé : courant [A],Calcolato: Corrente [A],算出: 電流 [A],berekend: stroom [A],Calculado: Corrente [A],Рассчитано: Ток [A],Hesaplandı: Akım [A],0,Wyliczony/a: Prąd [A]
0,.CALC_RESULT_FUSE_SIZE,1,,1,#.### A,False,1,False,5440,0,0.0,-40.0,1,True,25.0,2,1,,Calculation,,Calculado: Clasificación de fusible [A],计算：熔线额定(电流)值[A],Berechnet: Sicherungsgröße [A],Calculated: Fuse rating [A],Calculé : valeur du fusible [A],Calcolato: Portata fusibile [A],算出: フューズ定格 [A],berekend: zekeringswaarde [A],Calculado: Categoria do Fusível [A],Рассчитано: Номинальная характеристика плавления [A],Hesaplandı: Sigorta değeri [A],0,Wyliczony/a: Obciążalność bezpieczenika [A]
0,.CALC_RESULT_LOAD_FACTOR,1,,1,VALUE,False,1,False,4,0,0.0,-40.0,1,True,25.0,2,1,,Calculation,,Calculado: Factor de carga,计算：负载系数,Berechnet: Belastungsfaktor,Calculated: Load factor,Calculé : facteur de charge,Calcolato: fattore di carico,算出: 負荷要因,berekend: belastingsfaktor,Calculado: Fator de Carga,Рассчитано: Коэффициент нагрузки,Hesaplandı: Yük faktörü,0,Wyliczony/a: Wspołczynnik obciążenia
0,.CALC_RESULT_OPTIMUM_CURRENT,1,,1,#.### A,False,1,False,4,0,0.0,-40.0,1,True,25.0,2,1,,Calculation,,Calculado: Corriente óptima [A],计算：最佳电流[A],Berechnet: Optimaler Stromwert der Sicherungseinrichtung [A],Calculated: Optimum current [A],Calculé : courant optimal [A],Calcolato: Portata fusibile ottimale [A],算出: 最適電流 [A],berekend: optimaal stroom [A],Calculado: Corrente ideal [A],Рассчитано: Оптимальный ток [A],Hesaplandı: İdeal akım [A],0,Wyliczony/a: Optymalny prąd [A]
0,.CALC_RESULT_PERMISSION_CURRENT,1,,1,#.### A,False,1,False,4,0,0.0,-40.0,1,True,25.0,2,1,,Calculation,,Calculado: Permiso corriente [A],计算：允许电流,Berechnet: Strombelastung [A],Calculated: Permission current [A],calculé : courant autorisé [A],Calcolato: corrente ammessa [A],算出: 許容電流 [A],berekend: toegelaaten stroom,Calculado: Corrente permitida [A],Рассчитано: Допустимый ток [A],Hesaplandı: İzin verilen akım [A],0,Wyliczony/a: Dopuszczalny prąd [A]
0,.CALC_RESULT_VOLTAGE,1,,1,#.### V,False,1,False,5440,0,0.0,-40.0,1,True,25.0,2,1,,Calculation,,Calculado: Voltaje de suministro [V],计算：电源电压[V],Berechnet: Spannungsversorgung [V],Calculated: Supply voltage [V],Calculé : tension d'alimentation,Calcolato: tensione di alimentazione [V],算出: 供給電圧 [V],berekend: werkspanning [V],Calculado: Voltagem da Fonte [V],Рассчитано: Напряжение питания [V],Hesaplandı: Kaynak voltajı [V],0,Wyliczony/a: Napięcie zasilania [V]
0,.CALC_RESULT_VOLTAGE_DROP,1,,1,#.### V,False,1,False,5440,0,0.0,-40.0,1,True,25.0,2,1,,Calculation,,Grupo de voltaje [V],Voltage drop（压降） [V],Spannungsabfall [V],Voltage drop [V],Chute de tension  [V],Caduta di tensione [V],電圧降下[V],spanningsval [V],Queda de Tensão [V],Падение напряжения [В],Gerilim düşümü [V],0,Spadek napięcia [V]
0,.CALC_RESULT_WIRE_IGNITION_POINT_TIME,1,,1,# s,False,1,False,4,0,0.0,-40.0,1,True,25.0,2,1,,Calculation,,Calculado: tiempo de ignición del hilo [seg],Calculated: Wire Ignition point time （计算：线缆燃点时间 ）[sec],Berechnet: Auslösezeit Sicherung [sek],Calculated: Wire Ignition point time [sec],Calculé :  temps de déclenchement de protection de puissance [sec],Calcolato: Tempo di intervento fusibile [sec],算出: ワイヤ発火時間[秒],berekend: zekerings smelt tijd [sec],Calculado: Tempo do ponto de ignição do fio [sec],Рассчитано: Время возгорания провода [сек],Hesaplandı: Tel kontak noktası zamanı [sec],0,Wyliczony/a: Punkt zapłonu przewodu [sec]
0,.cmChangeInformation,0,,1,VALUE,False,1,False,-1275101185,8191,0.0,-40.0,1,True,25.0,4,1,,RevisionManagement,1,cmInformaciónModificación,cm修改信息,cmÄnderungsInformation,rmChangeInformation,cmInformationModification,cmInformazioniModifiche,変更情報(CM),cmModificatie informatie,cmÍndicedeAlteração,cmChangeInformation,cmDeğişiklikBilgisi,0,rmZmianaInformacji
0,.cmData,0,,1,VALUE,False,1,False,-1275101185,8191,0.0,-40.0,1,False,25.0,4,1,,RevisionManagement,1,cmDatos,cm数据,cmDaten,rmData_1,cmDonnées,cmData,変更データ(CM),cmData,cmAlteração-Versão,cmData,cmVeri,0,rmData_1
73,.CONNECTOR_NAME,1,,1,VALUE,False,1,False,7488,0,0.0,-40.0,1,True,25.0,4,1,,,,Designación de dispositivo interna,内部设备代号,Internes Betriebsmittelkennzeichen,Internal device designation,Désignation d'appareil interne,Designazione interna dispositivo,内部デバイス識別名,interne toestelbenaming,Designação Interna de Dispositivo,Внутреннее позиционное обозначение,İç Aygıt Adı,0,Wewnętrzne oznaczenie urządzenia
0,.CORE_MANUFACTURING_LENGTH,1,,1,VALUE,False,1,False,4,0,0.0,-40.0,1,True,25.0,3,0,,,,Longitud de fabricación de vena,Core manufacturing length（芯线制造长度）,Aderfertigungslänge,Core (conductor) manufacturing length,Longueur de production du brin,Lunghezza produzione conduttore,コア製造長さ,Core manufacturing length,Core manufacturing length,Производственная длина жилы,Damar Üretim Uzunluğu,0,Długość produkcyjna żyły
0,.COST,1,,1,VALUE,False,1,False,393222,324,0.0,-40.0,1,True,25.0,4,0,,,,Factor de coste,Cost factor（成本要素）,Kostenfaktor,Cost factor,Facteur coût,Fattore di costo,コストファクタ,Kostenfactor,Fator de custo,сто́имость,Maliyet etkeni,0,Czynnik kosztu
0,.DEVICE_MAPPING_CODE,1,,1,VALUE,False,1,False,2048,0,0.0,-40.0,1,True,25.0,4,0,,,,Asignación al dispositivo,设备映射,Zuordnung an Betriebsmittel,Device Mapping,Mappage d'appareils,Assegnazione al dispositivo,デバイスマッピング,bijvoegsel aan toestel,Mapeamento de dispositivos,Согласование изделий,Aygıt Eşleme,0,Mapowanie urządzenia
0,.DOCUMENT_TYPE,0,,1,DEFAULT,False,1,False,301989888,0,0.0,-40.0,1,True,25.0,4,1,,"report ContentMain.vbs,CoverSheet.vbs",,Tipo de documento,文档类型,Dokumententyp,Document Type,Type de document,Tipo documento,ドキュメントタイプ,documenttype,Tipo de Documento,Вид документа,Belge Türü,0,Typ dokumentu
0,.DRILL_HOLE_GRID,1,,1,VALUE,False,1,False,2080,0,0.0,-40.0,1,False,25.0,4,0,,,,Rejilla de taladro,钻孔网格,Bohrloch Raster,Drill Hole Grid,Grille de perçage,Griglia forature,ドリル穴グリッド,Boorgat raster,,Сетка отверстий сверловки,Delme noktası aralığı,0,Siatka otworów
87,.E3.ePLM_ActionField,0,,1,VALUE,False,1,False,-2147483648,0,0.0,0.0,1,False,25.0,4,1,,E3.ePLM Interface,,E3.ePLM Campo de acción,E3.ePLM Action Field,E3.ePLM Aktionsfeld,E3.ePLM Action Field,ChampAction E3.ePLM,E3.ePLM ActionField,E3.ePLMアクションフィールド,E3.ePLM actie veld,Campo de Ação E3.ePLM,E3.ePLM ActionField,E3.ePLM AksiyonAlanı,0,E3.ePLM Pole Akcji
86,.E3.ePLM_ID,0,,1,VALUE,False,1,False,-2113929216,0,0.0,0.0,1,True,25.0,4,1,,E3.ePLM Interface,,E3.ePLM ID,E3.ePLM ID,E3.ePLM ID,E3.ePLM ID,ID E3.ePLM,E3.ePLM ID,E3.ePLM ID,E3.ePLM ID,E3.ePLM ID,E3.ePLM ID,E3.ePLM ID,0,E3.ePLM ID
0,.ECHECK_ACTUAL_CURRENT,1,,1,#.## A,False,1,False,34048,131072,0.0,-40.0,1,True,25.0,2,1,,,,Corriente actual (resultado) [A],実電流 (結果) [A],Ist-Strom (Ergebnis),Actual current (result) [A],Courant réel (résultat) [A],Corrente attuale (risultato) [A],実電流 (結果) [A],ActualCurrent (resultaat) [A],Corrente atual (resultado) [A],Фактический ток (результат) [А],Aktif akım (sonuç) [A],0,Aktualny prąd (wynik) [A]
0,.ECHECK_ACTUAL_TEMPERATURE,1,,1,VALUE,False,1,False,16777220,0,0.0,-40.0,1,True,25.0,2,1,,,,Temperatura actual (resultado) [°C],実温度 (結果) [°C],Ist-Temperatur (Ergebnis) [°C],Actual temperature (result) [°C],Température réelle (résultat) [°C],Temperatura attuale (risultato) [°C],実温度 (結果) [°C],Werkelijke temperatuur (resultaat) [° C],Temperatura atual (resultado) [°C],Фактическая температура (результат) [°C],Aktif sıcaklık (sonuç) [°C],0,Aktualna temperatura (wynik) [°C]
0,.ECHECK_ACTUAL_VOLTAGE,1,,1,#.## V,False,1,False,34048,131072,0.0,-40.0,1,True,25.0,2,1,,,,Voltaje actual (resultado) [V],実電圧 (結果) [V],Ist-Spannung (Ergebnis) [V],Actual voltage (result) [V],Tension réelle (résultat) [V],Tensione attuale (risultato) [V],実電圧 (結果) [V],Actuele spanning (resultaat) [V],Tensão actual (resultado) [V],Фактическое напряжение (результат) [В],Aktif volt (sonuç) [V],0,Aktualne napięcie (wynik) [V]
0,.ECHECK_AMBIENT_TEMPERATURE,1,,1,VALUE,False,1,False,16777220,0,0.0,-40.0,1,True,25.0,2,1,,,,Temperatura ambiente [°C],周辺温度  [°C],Umgebungstemperatur [°C],Ambient temperature [°C],Température ambiante [°C],Temperatura ambiente [°C],周辺温度  [°C],Omgevingstemperatuur [° C],Temperatura ambiente [°C],Наружная температура [°C],Ortam sıcaklığı [°C],0,Temperatura otoczenia [°C]
0,.ECHECK_COLOUR,1,,1,VALUE,False,1,False,16777216,0,0.0,-40.0,1,True,25.0,1,1,,,,Color de hilo,导线颜色,Drahtfarbe,Wire colour,Couleur de fil,Colore filo,ワイヤカラー,draadkleur,Cor do fio,Цвет провода,Tel rengi,0,Kolor przewodu
0,.ECHECK_CROSSEC,1,,1,VALUE,False,1,False,16777216,0,0.0,-40.0,1,True,25.0,2,1,,,,Sección cruzada de hilo,线径,Drahtquerschnitt,Wire cross-section,Section transversale de fil,Sezione filo,ワイヤ断面積,Dwarsdoorsnede van de kabel,Seção transversal do fio,Сечение провода,Tel enine kesiti,0,Przekrój przewodu
0,.ECHECK_INTERNAL_PIN_RESISTANCE,1,,1,#.##### Ω,False,1,False,5440,262144,0.0,-40.0,1,True,25.0,2,1,,,,Resistencia de pin interno [Ohm],内部针脚电阻 [Ohm],Interner Widerstand am Anschlusspunkt [Ohm],Internal pin resistance [Ohm],Résistance interne de broche [Ohm],Resistenza interna pin [Ohm],内部ピン抵抗 [Ohm],Interne pin weerstand [Ohm],Resistência interna do pino [Ohm],Внутреннее сопротивление вывода [Ом],Pin iç direnci [Ohm],0,Wewnętrzna rezystancja pinu [Ohm]
0,.ECHECK_INTERNAL_RESISTANCE,1,,1,VALUE,False,1,False,0,2048,0.0,-40.0,1,True,25.0,2,1,,,,Resistencia interna [Ohm],内部电阻 [Ohm],Interner Widerstand [Ohm],Internal resistance [Ohm],Résistance interne [Ohm],Resistenza interna [Ohm],内部抵抗 [Ohm],interne weerstand [Ohm],Resistência interna [Ohm],Внутреннее сопротивление [Ом],iç direnç [Ohm],0,Wewnętrzna rezystancja [Ohm]
0,.ECHECK_IS_ACTIVE,1,,1,VALUE,False,1,False,1,0,0.0,-40.0,1,True,25.0,5,1,,,,Verificaciones eléctricas activas,eCheck已启动,Elektrische Prüfungen sind aktiviert,eCheck is active,eCheck est actif,Verifiche elettriche attive,電気検証 がアクティブです,eCheck is actief,Verificações eléctricas são ativadas,eCheck активизирован,Elektriksel Kontrol aktif,0,eCheck jest aktywny
0,.ECHECK_MAXIMUM_CURRENT,1,,1,VALUE,False,1,False,0,2048,0.0,-40.0,1,True,25.0,2,1,,,,Corriente máxima [A],最大電流 [A],Maximalstrom [A],Maximum current [A],Courant maximal  [A],Corrente massima [A],最大電流 [A],Maximale stroom [A],Corrente máxima [A],Максимальный ток [А],Maximum akım [A],0,Maksymalny prąd [A]
0,.ECHECK_MAXIMUM_TEMPERATURE,1,,1,VALUE,False,1,False,17039364,0,0.0,-40.0,1,True,25.0,2,1,,,,Temperatura máxima [°C],最高温度 [°C],Maximaltemperatur [°C],Maximum temperature [°C],Température maximale [°C],Temperatura massima [°C],最高温度 [°C],Maximum temperatuur [° C],Temperatura máxima [°C],Максимальная температура [°C],Maximum sıcaklık [°C],0,Maksymalna temperatura [°C]
0,.ECHECK_MAXIMUM_VOLTAGE,1,,1,VALUE,False,1,False,0,2048,0.0,-40.0,1,True,25.0,2,1,,,,Voltaje máximo [V],最大電圧 [V],Maximalspannung [V],Maximum voltage [V],Tension maximale [V],Tensione massima [V],最大電圧 [V],Maximale spanning [V],Tensão máxima [V],Максимальное напряжение [В],Maximum volt [V],0,Maksymalne napięcie [V]
0,.ECHECK_MINIMUM_CURRENT,1,,1,VALUE,False,1,False,0,2048,0.0,-40.0,1,True,25.0,2,1,,,,Corriente mínima [A],最小電流 [A],Minimalstrom [A],Minimum current [A],Courant minimal [A],Corrente minima [A],最小電流 [A],Minimale stroom [A],Corrente mínima [A],Минимальный ток [А],Minimum akım [A],0,Minimalny prąd [A]
0,.ECHECK_MINIMUM_VOLTAGE,1,,1,VALUE,False,1,False,0,2048,0.0,-40.0,1,True,25.0,2,1,,,,Voltaje mínimo [V],最小電圧 [V],Minimalspannung [V],Minimum voltage [V],Tension minimal [V],Tensione minima [V],最小電圧 [V],Minimale spanning [V],Tensão mínima [V],Минимальное напряжениеe [В],Minimum volt [V],0,Miminalne napięcie [V]
0,.ECHECK_NOMINAL_CURRENT,1,,1,VALUE,False,1,False,0,2048,0.0,-40.0,1,True,25.0,2,1,,,,Corriente nominal [A],公称電流 [A],Nennstrom [A],Nominal current [A],Courant nominal [A],Corrente nominale [A],公称電流 [A],Nominale stroom [A],Corrente nominal [A],Номинальный ток [А],Nominal akım [A],0,Nominalny prąd [A]
0,.ECHECK_NOMINAL_VOLTAGE,1,,1,VALUE,False,1,False,0,2048,0.0,-40.0,1,True,25.0,2,1,,,,Voltaje nominal [V],公称電圧 [V],Nennspannung [V],Nominal voltage [V],Tension nominale [V],Tensione nominale [V],公称電圧 [V],Nominale spanning [V],Tensão nominal [V],Номинальное напряжение [В],Nominal volt [V],0,Nominalne napięcie [V]
0,.ECHECK_POWER,1,,1,VALUE,False,1,False,0,2048,0.0,-40.0,1,True,25.0,2,1,,,,Potencia [Watt],電力 [Watt],Leistung [Watt],Power [Watt],Puissance [Watt],Potenza [Watt],電力 [Watt],Vermogen [Watt],Potência [W],Мощность [Вт],Güç [Watt],0,Moc [W]
0,.ECHECK_RATING,1,,1,VALUE,False,1,False,0,2048,0.0,-40.0,1,True,25.0,2,1,,,,Índice (corriente max. fusible),额定值(保险丝最大电流),Nennwert (Maximalstrom Sicherung),Rating (max. current fuse),Valeur nominale (courant max. fusible),Taratura (corrente massima del fusibile),定格 (最大電流フューズ),Nominale (maximale stroom zekering),Classificação (corrente máx. fusível),Номинал предохранителя (макс. ток),Değerlendirme (max. sigorta akımı),0,Obciązalność (max. prąd bezpiecznika)
0,.ECHECK_RESISTANCE,1,,1,#.##### Ω,False,1,False,0,2048,0.0,-40.0,1,True,25.0,2,1,,,,Resistencia [Ohm],抵抗 [Ohm],Widerstand [Ohm],Resistance [Ohm],Résistance [Ohm],Resistenza [Ohm],抵抗 [Ohm],Weerstand [Ohm],Resistência [Ohm],Сопротивление [Ом],Direnç [Ohm],0,Rezystancja [Ohm]
0,.ECHECK_SPECIFIC_RESISTANCE,1,,1,#.###### Ω mm² / m,False,1,False,17039364,0,0.0,-40.0,1,True,25.0,2,1,,,,Resistencia específica [Ohm x mm²/m],比抵抗 [Ohm x mm²/m],Spezifischer Widerstand [Ohm x mm²/m],Specific resistance [Ohm x mm²/m],Résistance spécifique [Ohm x mm²/m],Resistenza specifica [Ohm x mm²/m],比抵抗 [Ohm x mm²/m],Specifieke weerstand [Ohm-mm ² / m],Resistência específica [Ohm x mm²/m],Удельное сопротивление [Ом x мм2/м],Özgül direnç [Ohm x mm²/m],0,Oporność [Ohm x mm²/m]
0,.ECHECK_TEST,1,,1,VALUE,False,1,False,16777221,0,0.0,-40.0,1,True,25.0,5,1,,,,Verificación pasada,检测通过,Prüfung bestanden,Check passed,Contrôle réussi,Verifica superata,パスした検証,Test doorstaan,Verificação efetuada,Проверка завершена,Geçmişi kontrol et,0,Poprawne wartości
0,.ECHECK_VOLTAGE_DROP,1,,1,VALUE,False,1,False,16777220,2048,0.0,-40.0,1,True,25.0,2,1,,,,Caída de voltaje (Diodo) [V],电压降 (二极管) [V],Spannungsabfall (Diode) [V],Voltage drop (Diode) [V],Chute de tension (diode) [V],Caduta di tensione (Diodo) [V],電圧降下(ダイオード) [V],Spanningsverlies (diode) [V],Queda de tensão (diodo) [V],Падение напряжения (Диод) [В],Gerilim düşümü (Diyot) [V],0,Spadek napięcia (Dioda) [V]
0,.ECHECK_WEIGHT,1,,1,VALUE,False,1,False,17039364,0,0.0,-40.0,1,True,25.0,2,1,,,,Peso de hilo [kg/km],单位线重[kg/km],Drahtgewicht [kg/km],Wire weight [kg/km],Poids de fil [kg/km],Peso filo [kg/km]:,ワイヤ重量 [kg/km],Draad Gewicht [kg / km],Peso do fio [kg/km],Погонная масса провода [кг/км],Tel ağırlığı [kg/km],0,Waga przewodu [kg/km]
0,.ENTRY_CABLEDUCT_FOR_AUTOCONNECT,1,,1,VALUE,False,1,False,5376,0,0.0,-40.0,1,True,25.0,4,0,,,,Entrada de conducto de manguera para autoconectar,自动连接用线槽输入,Kabelkanaleintrag für automatisches Verbinden,Cable duct entry for autoconnect,Entrée de caniveau de câbles pour la connexion automatique,Sigla canalina per connessioni automatiche,自動接続用にエントリしているケーブルダクト,cable duct entry for autoconnect,Canaleta para autoconexão,Вход короба для трассировки,Kablo kanalı girdisi otomatik bağlantı için,0,Wejście korytka kablowego dla automatycznego połączenia
0,.ENTRY_PORT,1,,1,VALUE,False,1,False,64,0,0.0,-40.0,1,True,25.0,4,0,,,,Entrada de puerto de borne,端子输入端,Klemmstelleneintrag,Terminal port entry,Entrée point de raccordement,Sigla porta morsettiere,エントリしているターミナルポート,terminal port entry, Dados da porta do Borne,Вход порта клеммы,Terminal port girdisi,0,Wejście portu złączki
,.EXTERN,0,,1,VALUE,False,1,False,2101336,0,0.0,-40.0,1,True,20.0,4,1,,,,Conexión externa,外部连接,Externe Verbindung,External connection,Connexion externe,Connessione esterna,外部接続,externe verbinding,Conexão externa,Внешнее соединение,Dış bağlantı,0,Zewnętrzne połączenie
0,.FILEINFO_CATEGORY,1,,1,VALUE,False,1,False,16384,0,0.0,-40.0,1,True,25.0,4,0,,,,Categoría de información de archivo,文件信息类别,Datei-Information Kategorie,File information category,Info de fichier Catégorie,Proprietà file: Categoria,ファイル情報(カテゴリ),bestandsinformatie Categorie,Informação de arquivo - Categoria,Категория информационного файла,Dosya bilgi kategorisi,0,Kategoria pliku informacji
0,.FILEINFO_COMMENTS,1,,1,VALUE,False,1,False,16384,0,0.0,-40.0,1,True,25.0,4,0,,,,Comentario de información de archivo,文件信息注释,Datei-Information Kommentare,File information comments,Info de fichier Commentaire,Proprietà file: Commenti,ファイル情報(注釈),bestandsinformatie Kommentaar,Informação de arquivo - Comentário,Комментарий информационного файла,Dosya bilgisi yorum,0,Komentarze pliku informacji
0,.FILEINFO_KEYWORDS,1,,1,VALUE,False,1,False,16384,0,0.0,-40.0,1,True,25.0,4,0,,,,Palabras clave de información de archivo,文件信息关键词,Datei-Information Stichwörter,File information keywords,Info de fichier Mots clé,Proprietà file: Parole chiave,ファイル情報(キーワード),bestandsinformatie Trefwoord,Informação de arquivo - Palavras-chave,Ключевые слова информационного файла,Dosya bilgisi anahtar kelimeler,0,Słowo kluczowe pliku informacji
0,.FILEINFO_SUBJECT,1,,1,VALUE,False,1,False,16384,0,0.0,-40.0,1,True,25.0,4,0,,,,Tema de información de archivo,文件信息主题,Datei-Information Thema,File information subject,Info de fichier Sujet,Proprietà file: Oggetto,ファイル情報(主題),bestandsinformatie Thema,Informação de arquivo - Assunto,Предмет информационного файла,Dosya bilgisi konu,0,Temat pliku informacji
0,.FILEINFO_TITLE,1,,1,VALUE,False,1,False,16384,0,0.0,-40.0,1,True,25.0,4,0,,,,Título de información de archivo,文件信息标题,Datei-Information Titel,File information title,Info de fichier Titre,Proprietà file: Titolo,ファイル情報(タイトル),bestandsinformatie Titel,Informação de arquivo - Título,Заголовок информационного файла,Dosya bilgisi başlık,0,Tytuł pliku informacji
0,.FORMBOARD_VIEW_NUMBER,1,,1,VALUE,False,1,False,33554432,0,0.0,-40.0,1,True,25.0,1,0,,,1,Número de vista Formboard,模板视图编号,Formboardansichtennummer,Formboard view number,Numéro de vue Formboard,Numero vista Formboard,フォームボードビュー番号,formboard nummer,Número de vista Formboard,Номер изображения для чертежа жгута,Kablaj tahtası görüntüleme numarası,0,Numer widoku formboard
0,.FUNIT_SYMBOL,1,,1,VALUE,False,1,False,0,2048,0.0,-40.0,1,True,25.0,4,0,,,,Símbolo de unidad funcional,Functional unit symbol（功能单元符号）,Symbol für Funktionseinheit,Functional unit symbol,Symbole d'unité fonctionnelle,Simbolo unità funzionale,ファンクショナルユニットシンボル,Functional unit symbool,Símbolo da unidade funciona,Символ объекта функциональной схемы,Fonksiyonel birim sembolü,0,Symbol jednostki funkcjonalnej
0,.HISTORY_DBVERS,1,,1,VALUE,False,1,False,16384,0,0.0,-40.0,1,False,25.0,4,0,,,1,Historial versión de base de datos,历史数据版本,Historie - Datenbankversion,History - database version,Historique versions de BdD,"Storico, versione database",履歴 - データベースバージョン,tijdstip databank versie,Histórico de versão de banco de dados,БД версий,Geçmiş MU  veritabanı versiyonu,0,Historia - wersja bazy danych
0,.HISTORY_LICENSE,1,,1,VALUE,False,1,False,16384,0,0.0,-40.0,1,False,25.0,4,0,,,1,Historial de licencia,历史许可,Historie - Lizenz,History - licence,Historique licences,"Storico, licenza",ライセンス履歴,tijdstip licentie,Histórico de licença,История лицензий,Tarih lisans,0,Historia - licencja
0,.HISTORY_MU_DBVERS,1,,1,VALUE,False,1,False,16384,0,0.0,-40.0,1,False,25.0,4,0,,,1,Historia de versiones de base de datos multi-usuario,历史 - MU 数据库版本,Historie - MU Datenbankversion,History - MU database version,Historique Version BdD MU,History - Versione database MU,履歴 - MUデータベースバージョン,Geschiedenis MU databaseversie,,Версия БД из файла Истории,MU tarih veritabanı versiyonu,0,Historia -wersja bazy danych MU
0,.HISTORY_MU_PRJGUID,1,,1,VALUE,False,1,False,16384,0,0.0,-40.0,1,False,25.0,4,0,,,1,Historia - Guia proyecto MU,历史 - MU 项目 GUID,Historie - MU Projekt GUID,History - MU project GUID,Historique - GUID du projet MU,History - GUID progetto MU,履歴 - MUプロジェクトGUID,Historie - MU project GUID,,История - MU проект GUID,Geçmiş - MU proje GUID,0,Historia - projekt MU GUID
0,.HISTORY_NLF,1,,1,VALUE,False,1,False,16384,0,0.0,-40.0,1,False,25.0,4,0,,,1,Historia - NLF,历史 - NLF,Historie - NLF,History - NLF,Historique - NLF,History - NLF,履歴 - NLF,Historie - NLF,,История - NLF,Geçmiş - NLF,0,Historia - NLF
0,.HISTORY_NO_LICENSE_FOUND,1,,1,VALUE,False,1,False,16384,0,0.0,-40.0,1,False,25.0,4,0,,,1,Historia - ninguna licencia encontrada,历史-找不到授权,Historie - keine Lizenz gefunden,History - no licence found,Historique - aucune licence n'a pu être trouvée,Storia - nessuna licenza trovata,履歴 - ライセンスが見つかりません,Historie - geen licentie gevonden,História - nenhuma licença encontrada,История - лицензия не найдена,Geçmiş - Lisans bulunamadı,0,Historia - nie odnaleziono licencji
0,.HISTORY_PRJGUID,1,,1,VALUE,False,1,False,16384,0,0.0,-40.0,1,False,25.0,4,0,,,1,Historia - Guia proyecto,历史 - 项目 GUID,Historie - Projekt GUID,History - project GUID,Historique - GUID du project,History - GUID progetto,履歴 - プロジェクトGUID,Historie - project GUID,,История - GUID проекта,Geçmiş - proje GUID,0,Historia - projekt GUID
0,.HISTORY_PROJECT_FIXED,1,,1,VALUE,False,1,False,16384,0,0.0,-40.0,1,False,25.0,4,0,,,1,Historia - Proyecto fijo,历史 - 项目确认,Historie - Projekt fixiert,History - project fixed,Historique- projet fixé,History - Progetto riparato,履歴 - プロジェクト確定,Historie - projekt gefixed,,История - проект фиксирован,Geçmiş - Proje sabit,0,Historia - projekt naprawiony
0,.HISTORY_PURGEVARIANTS,1,,1,VALUE,False,1,False,16384,0,0.0,-40.0,1,False,25.0,4,0,,,1,Historia - Purgar variantes,历史 - 清除变量,Historie - Varianten löschen,History - purge variants,Historique - purger variantes,History - Elimina Varianti,履歴 - 仕向け消去,Historie - varianten verwijderen,,История - удалить варианты,Geçmiş - Varyantları temizle,0,Historia - usuń warianty
0,.HISTORY_SUBCIRCUIT_IMPORT,1,,1,VALUE,False,1,False,16384,0,0.0,-40.0,1,False,25.0,4,0,,,1,Historia - importar subcircuito,历史 - 导入子电路,Historie - Teilschaltung Import,History - subcircuit import,Historique - importation sous-circuit,History - Importazione sottocircuito,履歴 - サブ回路のインポート,Historie - deel schakeling,,История - импорт фрагмента схемы,Geçmiş - Altdevre alma,0,Historia - import części schematu
0,.HISTORY_SUBCIRCUIT_UPDATE,1,,1,VALUE,False,1,False,16384,0,0.0,-40.0,1,False,25.0,4,0,,,1,Historia - actualizar subcircuito,历史 - 更新子电路,Historie - Teilschaltung Update,History - subcircuit update,Historique - actualisation sous-circuit,History - Aggiornamento sottocircuito,履歴 - サブ回路の更新,Historie - update deel schakeling,,История - обновление фрагмента схемы,Geçmiş - Altdevre güncelleme,0,Historia - zauktualizuj część schematu
0,.HISTORY_TSFETCH,1,,1,VALUE,False,1,False,16384,0,0.0,-40.0,1,False,25.0,4,0,,,1,Historial fecha de lectura de DF,DF读出记录,Historie - Zeitpunkt DF lesen,History - date of reading design file,Historique date de lecture DF,"Storico, Data lettura DF",DF読込みの履歴日付,tijdstip van DF import,Histórico de data de leitura DF,Даты чтения DF,Tarih DF okunma tarihi,0,Historia - data odczytu pliku projektu
0,.HISTORY_TSGENERATE,1,,1,VALUE,False,1,False,16384,0,0.0,-40.0,1,False,25.0,4,0,,,1,Historial fecha de escritura de DF,DF写入记录,Historie - Zeitpunkt DF schreiben,History - date of writing design file,Historique date d'écriture DF,"Storico, Data scrittura DF",DF書込みの履歴日付,tijdstip van DF export,Histórico de data de escrita DF,Даты записи DF,Tarih DF yazma tarihi,0,Historia - data zapisu pliku projektu
0,.HISTORY_TSIMPORT,1,,1,VALUE,False,1,False,16384,0,0.0,-40.0,1,False,25.0,4,0,,,1,Historial fecha de importación,导入记录,Historie - Zeitpunkt importieren,History - date of importing,Historique date d'importation,"Storico, Data di importazione",インポートの履歴日付,tijdstip van import,Histórico de data de importação,Даты импорта,Tarih alma tarihi,0,Historia - data importu
0,.HISTORY_TSMUCREATE,1,,1,VALUE,False,1,False,16384,0,0.0,-40.0,1,False,25.0,4,0,,,1,Historial fecha de creación de MU,MU创建记录,Historie - Zeitpunkt MU erzeugen,History - date of creating MU,Historique date de création MU,"Storico, Data creazione MU",MU作成の履歴日付,tijdstip van nieuw MU,Histórico de data de criação MU,Дата создания многопользовательского режима,Tarih MU oluşturulma tarihi,0,Historia - data stworzenia MU
0,.HISTORY_TSMUSAVE,1,,1,VALUE,False,1,False,16384,0,0.0,-40.0,1,False,25.0,4,0,,,1,Historial fecha de guardado de MU,MU保存记录,Historie - Zeitpunkt MU speichern,History - date of saving MU,Historique date d'enregistrement MU,"Storico, Data salvataggio MU",MU保存の履歴日付,tijdstip van MU opslag,Histórico de data em que foi salvo MU,Дата сохранения многопользовательского режима,Tarih MU kayıt tarihi,0,Historia - data zapisu MU
0,.HISTORY_TSMUSHEETS,1,,1,VALUE,False,1,False,16384,0,0.0,-40.0,1,False,25.0,4,0,,,1,Historia de instante de guardar multi-usuario como solo-usuario,历史 - MU项目保存为单人用户项目时间,Historie - Zeitpunkt MU speichern als Single-user,	Hiostry - date of saving MU as single-user,Date d'historique  d'enregistrement MU comme mono-utilisateur,History - data salvataggio MU come single-user,履歴 - シングルユーザとしてのMU保存日時,Historie datum  opslaan MU als single-user,,Дата сохранения MU в однопользовательский проект из файла Истории,MU geçmiş tarihini tek kullanıcı olarak sakla,0,History - data zapisu MU dla pojedynczego użytkownika
0,.HISTORY_TSREPAIR,1,,1,VALUE,False,1,False,16384,0,0.0,-40.0,1,False,25.0,4,0,,,1,Historial fecha de reparación,修复记录,Historie - Zeitpunkt reparieren,History - date of repairing,Historique date de réparation,"Storico, Data riparazione",修復の履歴日付,tijdstip van reparatie,Histórico de data de reparo,Даты восстановления,Tarih tamir tarihi,0,Historia - data naprawy
0,.HISTORY_TSSAVE,1,,1,VALUE,False,1,False,16384,0,0.0,-40.0,1,False,25.0,4,0,,,1,Historial fecha de guardado,保存记录,Historie - Zeitpunkt speichern,History - date of saving,Historique date d'enregistrement,"Storico, Data salvataggio",保存の履歴日付,tijdstip van opslag,Histórico de data em que foi salvo,Даты сохранения,Tarih kayıt tarihi,0,Historia - data zapisu
0,.HYPERLINK,1,,1,VALUE,False,1,False,-1837146113,1020,0.0,-40.0,1,False,25.0,4,1,,,1,Hipervínculo,超链接,Hyperlink,Hyperlink,Lien hypertexte,Hyperlink,ハイパーリンク,hyperlink,Hyperlink,Гиперссылка,Köprü,0,Hyperlink
,.INTERN,0,,1,VALUE,False,1,False,2101336,0,0.0,-40.0,1,True,20.0,4,1,,,,Conexión interna,内部连接,Interne Verbindung,Internal connection,Connexion interne,Connessione interna,内部接続,interne verbinding,Conexão interna,Внутреннее соединение,İç bağlantı,0,Wewnętrzne połączenie
0,.INTERNAL_SYMDES,1,,1,VALUE,False,1,False,67108864,0,0.0,-40.0,1,True,25.0,4,0,,,,Designación de símbolo interna,内部符号代号,Interne Symbolbezeichnung,Internal Symbol designation,Désignation interne de symbole,Designazione interna simbolo,内部シンボル識別名,interne symboolbenaming,Designação interna de Símbolo,Внутреннее обозначение символа,İç Sembol atama,0,Wewnętrzne oznaczenie symbolu
0,.IS_FORMBOARD_SYMBOL,1,,1,VALUE,False,1,False,4194304,0,0.0,-40.0,1,True,25.0,1,0,,,1,Utilizable como símbolo de placa de producción,作为模板符号使用,als Formboardsymbol verwendbar,Used for formboard symbol,Utilisable en tant que symbole Formboard,utilizzabile come simbolo Formboard,フォームボードシンボルとして使用可能,bruikbaar voor formboard symbool,utilizável como símbolo formboard,применяется как символ жгута,Kablaj tahtası sembolü olarak kullanılabilir,0,Używany jako symbol formboard
5,.ISOLATE,0,,1,VALUE,False,1,False,1056752,0,0.0,-40.0,1,True,20.0,4,1,,,,Aislamiento,绝缘,Abisolierung,Insulation,Isolation,Spelatura,絶縁体,isolatie,Isolamento,Изоляция,İzolasyon,0,Izolacja
29,.LENGTH,0,,1,DEFAULT,False,1,False,16809984,0,0.0,-40.0,1,True,20.0,3,1,,,,Longitud segmento de red,网络段长度,Netzsegmentlänge,Net segment length,Longueur net,Lunghezza segmento di rete,ネットセグメント長,netsegmentlengte,Comprimento do segmento de rede,Длина участка цепи,Net parça uzunluğu,0,Długość segmentu sieci
48,.MasterOf,0,,0,,False,0,False,0,,0.0,0.0,0,False,0.0,4,0,,,,Master of,主,Master von,Master of,Maître de,Master di,マスター,master van,Mestre de,Мастер,Usta,,Główny
0,.MU_PROJPERM,1,,1,VALUE,False,1,False,16384,0,0.0,-40.0,1,False,25.0,4,0,,,1,Permiso de usuario múltiple,Multi-user permission（多用户权限）,Multi-user-Berechtigung,Multi-user permission,Autorisation multi-utilisateur,Permesso multi-utente,マルチユーザ権限,Multi-user permissie,Premissão de Multi-usuário,Права в в многопользовательском проекте,Çoklu-kullanıcı izni,0,Zezwolenia Multi-user
0,.NET_CLASS,1,,1,VALUE,False,1,False,8192,0,0.0,-40.0,1,True,25.0,4,0,,,,Clase de red,网络类,Netz Klasse,Net class,Classe de réseaux,Net class,ネットクラス,net klasse,Classe de rede,Категория цепи,Net klas,0,Klasa sieci
0,.NET_NUMBER,1,,1,VALUE,False,1,False,8393988,0,0.0,-40.0,1,True,25.0,4,1,,,,Número de red ,Net number（网络号码）,Netznummer,Net number,Numéro de réseau,Numero Net,ネット番号,net nummer,Número de Rede,Номер цепи,Net Numarası,0,Numer sieci
0,.NET_ROUTE_CODE,1,,1,VALUE,False,1,False,8192,0,0.0,-40.0,1,True,25.0,4,0,,,,Codigo de ruta de red,网络路径代码,Netz Weg Kennzahl,Net route code,Net route code,Codice route della Net,ネット配線コード,net route code,Código de roteamento de rede,Код цепи,Net rota kodu,0,Kod trasy sieci
0,.NET_SEGMENT_NAME,1,,1,VALUE,False,1,False,16777216,0,0.0,-40.0,1,True,25.0,4,1,,,,Nombre de segmento de red,Net segment name（网络线段名称）,Netzsegmentname,Net segment name,Nom du segment de réseau,Nome segmento rete,ネットセグメント名,Net segment naam,Nome do segmento de rede,Имя участка цепи,Net segment adı,0,Nazwa segmentu sieci
0,.NET_SPACING,1,,1,VALUE,False,1,False,8192,0,0.0,-40.0,1,True,25.0,4,0,,,,Distancias de red,网络间距,Netzabstände,Net spacing,Distances de réseaux,Distanza Net,ネット距離,net afstand,Distâncias de rede,Расстояние между цепями,Net mesafe,0,Odstępy sieci
0,.NUMBER_OF_WINDINGS_FOR_CORES,1,,1,VALUE,False,1,False,2097152,0,0.0,-40.0,1,True,25.0,1,0,,,,Número de devanados por metro,Number of windings per meter for cores(芯线单位长度线圈数量),Number of windSchlagzahl pro Meter für Aderings per meter for cores,Number of windings per meter for cores (conductors),Nombre de spires par mètre pour brins,Number of windings per meter for cores,コア1メートル当たり撚り数,Number of windings per meter for,Número de voltas por metro do condutor,Число витков на метр для жил,Damarlar için hıer metredeki büküm sayısı,0,Ilość skręceń na jeden metr żyły
0,.OFFSET_X,1,,1,VALUE,False,1,False,4194305,0,0.0,-40.0,1,True,25.0,3,0,,,1,Desplazamiento X,X偏移,Verschiebung X,X-offset,Décalage X,X Offset,Xオフセット,X offset,Offset X,Смещение по X,X Denkleştirme,0,X-offset
0,.OFFSET_Y,1,,1,VALUE,False,1,False,4194305,0,0.0,-40.0,1,True,25.0,3,0,,,1,Desplazamiento Y,Y偏移,Verschiebung Y,Y-offset,Décalage Y,Y Offset,Yオフセット,Y offset,Offset Y,Смещение по Y,Y Denkleştirme,0,Y-offset
0,.PADDRILL,1,,1,VALUE,False,1,False,4194304,0,0.0,-40.0,1,True,25.0,3,0,,,,Diámetro de perforación placa (PCB),焊孔直径(PCB),Bohrdurchmesser am Pad (PCB),Pad Drill diameter (PCB),Diamètre de perçage Oeillet,Diametro foratura pad (PCB),パッドドリル直径(PCB),boordiameter van het pad (PCB),Diâmetro da furação do Pad (PCB),Диаметр отверстия контактной площадки (PCB),Yatak delme çapı (PCB),0,Średnica otworu płytki (PCB)
0,.PIN_SYMBOL,1,,1,VALUE,False,1,False,320,0,0.0,-40.0,1,True,25.0,4,0,,,,Símbolo para conector de pin,连接器针脚符号,Symbol für Steckeranschlusspunkt,Symbol for Connector Pin,Symbole pour broche de connecteur,Simbolo per pin connettore,コネクタピン用シンボル,symbool voor connector pen,Símbolo para Pino de Conector,Символ вывода соединителя,Konnektör pini için sembol,0,Symbol dla pinu złącza
0,.PINVIEW_SYMBOL,1,,1,VALUE,False,1,False,64,0,0.0,-40.0,1,True,25.0,4,0,,,,Símbolo para vista del pin,针脚视图符号,Symbol für Anschlusspunkt-Ansicht,Symbol for pin view,Symbole pour vue de broche,Simbolo per vista pin,ピンビュー用シンボル,symbool voor pen aanzicht,Símbolo para vista de pino,Символ для изображения вывода,Pin görünümü için sembol,0,Symbol dla widoku pinu
85,.PLCADDR,1,,1,VALUE,False,1,False,4160,0,0.0,-40.0,1,True,25.0,4,0,,,,Dirección de inicio PLC,PLC 起始地址,SPS Startadresse,PLC starting address,Adresse de démarrage API,PLC indirizzo iniziale,PLC開始アドレス,PLC startadres,Endereço Inicial PLC,ПК (PLC) - Начальный адрес,PLC Başlatma adresi,0,Adres startu PLC
,.PLCPHYSADDR,0,,1,VALUE,False,70,False,4416,0,0.0,-40.0,1,True,20.0,4,1,,"script WireNumberMain.vbs,ExportPlcAssignment.vbs",4,Dirección físico PLC,PLC 物理地址,SPS physikalische Adresse,PLC Physical address,API - Adresse physique,PLC indirizzo fisico,PLC物理アドレス,PLC fysieksadres,Endereço Físico PLC,ПК (PLC) - Физический адрес,PLC Fiziksel adresi,0,Fizyczny adres PLC
79,.PREFERRED_VIEW,0,,1,DEFAULT,False,1,False,306184193,0,0.0,-40.0,1,True,25.0,1,1,,,,Número de vista por defecto,默认视图号,Standard Nummer der Ansicht,Default View Number,Numéro de vue par défaut,Numero vista di default,デフォルトビュー番号,standaard zichtnummer,Número Padrão da Vista,Номер изображения по умолчанию,Varsayılan Görünüm Numarası,0,Domyślny numer widoku
0,.PREVIEW_SYMBOL,1,,1,VALUE,False,1,False,131104,16,0.0,-40.0,1,True,25.0,4,0,,DatabasePreview,,Vista previa de símbolo,Preview Symbol（预览符号）,Vorschausymbol,Preview Symbol,Symbole d'aperçu,Simbolo anteprima,プレビューシンボル,preview symbool,Visualização do Símbolo,Символ предв.просмотра,Sembol Görünümü,0,Symbol podglądu
0,.REFERENCED_PIN,1,,1,VALUE,False,1,False,0,65536,0.0,-40.0,1,False,25.0,4,0,,,1,Pin referenciado,,Referenzierter Anschlusspunkt,Referenced Pin,Broche référencée,Pin referenziato,参照されたピン,Gerefereerd aansluitpunt,Pino referenciado,Вывод по ссылке,Refererans alınmış pin,0,Pin odniesienia
0,.SAPSTATUSTEXT,1,,1,VALUE,False,1,False,16384,2,0.0,-40.0,1,True,25.0,4,1,,,,Estado SAP,SAP状态,SAP Status,Status SAP,État SAP,Stato SAP,SAPステータス,SAP status,Status do SAP,Статус SAP,SAP Durumu,0,Status SAP
0,.SCHEMATIC_TYPE,1,,1,VALUE,False,1,False,306315264,16,0.0,-40.0,1,False,25.0,1,0,,,1,Tipo esquemático,原理图类型,Schematyp,Schematic Type,Type de schéma,Tipo schematico,配線図タイプ,schematype,Tipo de Esquemático,Тип схемы,Şematik Tipi,0,Typ schematu
0,.SORT_FORMAT_FILE,1,,1,VALUE,False,1,False,18432,0,0.0,-40.0,1,True,25.0,4,0,,,,ordenar archivo de formato,排列格式文件,Sortierungsdatei,sort format file,Format de tri du fichier,file ordinamento,フォーマットファイルの並べ替え,Sorteer bestand,,сортировать файл формата,Biçim dosyasını sırala,0,Plik formatu sortowania
0,.STRUCTURE_NODE_EXT_NAME,1,,1,VALUE,False,1,False,8192,2,0.0,-40.0,1,True,25.0,4,1,,,,Nombre externo de nodo de estructura,结构节点EXT名称,Ext. Name des Strukturknotens,Structure Node ext name,Nom ext. du noeud de structure,Nodo struttura - sigla esterna,構造ノードのEXT名,Ext. Naam van het struktuurknooppunt,Nome externo do nó de estrutura,Внешнее имя раздела структурного дерева,Yapı düğümünün ext adı,0,Węzeł struktury nazwa zew.
0,.STRUCTURE_NODE_ID,1,,1,VALUE,False,1,False,8192,2,0.0,-40.0,1,True,25.0,4,1,,,,ID ne nodo de estructura,结构节点ID,ID des Strukturknotens,Structure Node ID,ID noeud de structure,Nodo struttura - ID,構造ノードＩＤ,ID van het struktuurknooppunt,ID do nó de estrutura,Идентификатор (ID) раздела структурного дерева,Yapı düğümü ID,0,ID węzła struktury
0,.STRUCTURE_NODE_VALUE,1,,1,VALUE,False,1,False,8192,2,0.0,-40.0,1,True,25.0,4,1,,,,Valor de nodo de estructura,结构节点值,Wert des Strukturknotens,Structure Node value,Valeur noeud de structure,Nodo struttura - valore,構造ノード値,Waarde van het struktuurknooppunt,Valor de nó de estrutura,Значение раздела структурного дерева,Yapı düğümü değeri,0,Wartość węzła struktury
0,.STRUCTURE_TEMPLATE_FILE,1,,1,VALUE,False,1,False,16384,0,0.0,-40.0,1,True,25.0,4,0,,,,Archivo Plantilla de Estructura,结构模板文件,Vorlagendatei für Strukturierung,Structure template file,Fichier de modèles structure,File Template di Struttura,構成テンプレートファイル,structuur sjabloon map,Arquivo de padrão de estrutura,Файл шаблона структуры,Yapı şablon doayası,0,Plik szablonu struktury
0,.TOPOLOGY_SYMBOL,1,,1,VALUE,False,1,False,32,0,0.0,-40.0,1,True,25.0,4,0,,,,Símbolo de topología,Topology symbol（拓扑符号）,Topologie-Symbol,Topology symbol,Symbole de topologie,Simbolo topologico,トポロジシンボル,Topologie symbool,Topologia do Símbolo,Символ топологии,Topoloji sembolü,0,Symbol topologii
1,.VALID_COMPOSITE,0,,1,VALUE,False,1,False,96,0,0.0,-40.0,1,False,20.0,4,0,,,1,Pieza complementaria válida,有效匹配连接器,Gültiges Gegenstück,Valid mating connector,Contre-pièce valable,Controparte valida,有効な嵌合コネクタ,geldig tegenstuk,Contra-peça válida,Допустимая ответная часть,Geçerli Eş konnektör,0,Pasujące kontr-złącze
3,.VALID_CONNPART,0,,1,VALUE,False,1,False,96,0,0.0,-40.0,1,False,20.0,4,0,,,1,Pieza de cavidad válida,有效针脚端子,Gültiges Kammermaterial,Valid cavity part,Pièce de cavité valide,Parte di cavità valida,有効なキャビティパート,geldig cavity part,,Допустимое посадочное место,Geçerli boşluk parçası,0,Pasujące piny i uszczelki
0,.VARIANT_ID,1,,1,VALUE,False,1,False,0,8192,0.0,-40.0,1,True,25.0,4,1,,,,ID de variante,变量ID,ID der Variante,Variant ID,ID variante,ID variante,仕向けID,variant ID,ID da variante,Идентификатор (ID) варианта,Varyant ID,0,ID wariantu
0,.WIRETYPE_DEFAULT,1,,1,VALUE,False,1,False,12352,0,0.0,-40.0,1,False,25.0,4,0,,,1,Tipo de hilo por defecto,默认电线类型,Standarddrahttyp,Default Wire Type,Type de fil par défaut,Tipo filo di default,デフォルトワイヤタイプ,standaard draad type,Tipo de Fio Padrão,Default Wire Type,Varsayılan Tel Tipi,0,Domyślny typ przewodu
0,.XVL_PROJECT_NAME,1,,1,VALUE,False,1,False,16384,0,0.0,-40.0,1,True,25.0,4,0,,,,Nombre de proyecto XVL,XVL 项目名称,XVL Projektname,XVL ProjectName,Nom de projet XVL,XVL - ProjectName,XVLプロジェクト名,XVL projectnaam,,XVL ProjectName,XVL ProjeAdı,0,XVL NazwaProjektu
0,.XVL_STRUCTURE_CABINET,1,,1,VALUE,False,1,False,68224,0,0.0,-40.0,1,True,25.0,4,1,,,,Nombre de armario XVL,XVL 盘柜名称,XVL Schaltschrankstruktur,XVL CabinetName,Nom d'armoire XVL,XVL - CabinetName,XVLパネル構造,XVL schakelkastnaam,,XVL CabinetName,XVL PanoAdı,0,XVL NazwaSzafy
0,.XVL_STRUCTURE_MAIN,1,,1,VALUE,False,1,False,68224,0,0.0,-40.0,1,True,25.0,4,1,,,,Estructura principal XVL,XVL 主结构,XVL Hauptstruktur,XVL StructureMain,Structure principale XVL,XVL - StructureMain,XVLメイン構造,XVL hoofd structuur,,XVL StructureMain,XVL AnaYapı,0,XVL GłównaStruktura
0,.XVL_WIRING_ORDER_NUMBER,1,,1,VALUE,False,1,False,6,0,0.0,-40.0,1,True,25.0,1,0,,,,Número de secuencia de hijo XVL,XVL 配线编码,XVL Verdrahtngsreihenfolge,XVL WiringOrderNumber,Numéro de séquence de cablâge XVL,XVL - WiringOrderNumber,XVL配線順序,XVL draad volgorde nummer,,XVL WiringOrderNumber,XVL TelSiparişNo,0,XVL KolejnosćNumerowaniaPrzewodów
56,AdditionalPart,0,,1,VALUE,False,1,False,2238,4,0.0,-40.0,1,False,20.0,4,1,,"report PartsMain.vbs,PartsSheet_complete.vbs",,Pieza adicional,附件,Zusatzteil 20,Additional Part,Pièce supplémentaire,Parte addizionale,追加部品,bijvoegsel,Peça Adicional,Дополнительная часть,Ek Bölüm,0,Dodatkowy element (BOM)
58,AddLength,0,,1,VALUE,False,1,False,336,0,0.0,-40.0,1,True,20.0,3,1,,,,Longitud restante (mm),剩余长度 (mm),Restlänge (mm),Rest Length (mm),Longueur résiduelle (mm),Lunghezza residua (mm),余剰長さ(mm),restlengte (mm),Comprimento Restante (mm),Длина остатка (мм),Kalan Uzunluk (mm),0,Dodatkowa długość (mm)
0,Approval,0,,1,VALUE,False,1,False,162,0,0.0,-40.0,1,True,25.0,4,1,,,1,Aprobación,批准,Zulassung,Approval,Approbation,Approvazione,承認,toestemming,Aprovação,Апробация,Onaylama,0,Zatwierdził
0,ArticleType,0,,1,VALUE,False,1,False,199330,16,0.0,-40.0,1,True,25.0,4,1,,,1,Tipo de artículo,型式,Artikel Typ,Article Type,Type d'article,Tipo articolo,型式,Artikeltype,,Тип по каталогу,Ürün Tipi,0,Typ artykułu
0,AttachedDocument,0,,1,VALUE,False,1,False,843204771,0,0.0,-40.0,1,False,25.0,4,1,,Component Attributes,1,Hoja de datos,数据手册,Datenblatt,Data sheet,Fiche de données,Scheda tecnica,データシート,datablad,Folha de Dados,Данные листа,Veri sayfası,0,Arkusz danych
0,Attr4UseFromACPT,0,,1,VALUE,False,1,False,2208,0,0.0,-40.0,1,True,25.0,4,1,,,1,Atributo para usar desde borne pin activo,有效针脚端子的使用属性,Attribut das vom aktiven Anschlagteil benutzt wird,Attribute for use from active pin terminal,Attribut à utiliser par la pièce de fixation active,Attributo da usare dal terminale attivo,アクティブなピンターミナルからの使用属性,Attribuut voor gebruik van aktieve fitting,,Атрибут для использования из текущего наконечника,Aktif pin terminali için nitelik,0,Atrybut z aktywnego pinu złącza
0,Attribute_Dimension,0,,1,VALUE,False,1,False,0,16384,0.0,-40.0,1,True,25.0,4,1,,Example Attribute owner Dimension,1,Ejemplo: Propietario de atributo Propiedades de Cota,例子:属性宿主尺寸,Beispiel Attribut Träger Bemaßungseigenschaften,Example attribute owner Dimension,Exemple propriétaire d'attribut de cotation,Attributo d'esempio - proprietrio: quota,属性オーナー寸法の例,Voorbeeld attribuut drager dimensionering eigenschappen,,Пример атрибута носителя Размер,Örnek nitelik sahibi boyutu,0,Przykład właściciela atrybutu Wymiarowanie
0,Attribute_Graphic,0,,1,VALUE,False,1,False,0,32768,0.0,-40.0,1,True,25.0,4,1,,Example Attribute owner Graphic,1,"Ejemplo: Propietario de atributo Propiedades de Gráfico
Propiedades de Gráfico",例子:属性宿主图形,Beispiel Attribut Träger Grafikeigenschaften,Example attribute owner Graphic,Exemple propriétaire d'attribut de graphique,Attributo d'esempio - proprietrio: grafica,属性オーナー図形の例,Voorbeeld attribuut drager grafische eigenschappen,,Пример атрибута носителя Графика,Örnek nitelik sahibi grafiği,0,Przykład właściciela atrybutu Grafika
0,Attribute_Text,0,,1,VALUE,False,1,False,0,65536,0.0,-40.0,1,True,25.0,4,1,,Example Attribute owner Text,1,Ejemplo: Propietario de atributo Propiedades de Texto,例子:属性宿主文本,Beispiel Attribut Träger Texteigenschaften,Example attribute owner Text,Exemple propriétaire d'attribut de texte,Attributo d'esempio - proprietrio: testo,属性オーナーテキストの例,Voorbeeld attribuut drager teksteigenschappen,,Пример атрибута носителя Надпись,Örnek nitelik sahibi metini,0,Przykład właściciela atrybutu Tekst
0,BendRadius,0,,1,VALUE,False,1,False,393222,0,0.0,-40.0,1,True,25.0,4,1,,Component Attributes,1,Radio de curva,弯曲半径,Biegeradius,Bend radius,Rayon de courbure,Raggio di piegatura,屈曲半径,gebogen radius,Raio de dobra,Радиус изгиба,Eğil yarıçapı,0,Promień gięcia
0,BOMpos,0,,1,VALUE,False,1,False,2178,0,0.0,-40.0,1,True,25.0,1,1,,BillOfMaterial,,Posición de LdM,材料清单位置,Stücklistenposition,BOM Position,Position nomenclature,Posizione nella BOM,部品表位置,stuklijstpositie,Posição LdM,Позиция спецификации,BOM Pozisyonu,0,Pozycja BOM
0,BundleType,0,,1,VALUE,False,1,False,2097152,0,0.0,-40.0,1,True,25.0,4,1,,,,Tipo de bundle,线束类型,Bündeltyp,Bundle Type,Type de faisceau,Tipo fascio,バンドルタイプ,bundeltype,Tipo de Agrupamento,Тип изоляции жил,Paket Türü,0,Typ wiązki
0,Car_body,0,,1,VALUE,False,1,False,1966110,0,0.0,-40.0,1,True,25.0,4,1,,Leitungs-Konfigurator.exe,1,Car_body,Car_body,Karosserie,Car_body,Carrosserie ,Carrozzeria,カーボディ,carrosserie,Carroceria,Car_body,Araba_gövde,0,Karoseria
0,Car_code,0,,1,VALUE,False,1,False,1966110,0,0.0,-40.0,1,True,25.0,4,1,,Leitungs-Konfigurator.exe,1,Car_code,Car_code,Entwicklungsbezeichnung,Car_code,Code de conception,Codice sviluppo,カーコード,auto_code,Código_carro,Car_code,Araba_kod,0,Kod_pojazdu
0,ChangeDate,0,,1,VALUE,False,1,False,16384,1024,0.0,-40.0,1,True,25.0,4,1,,,1,Fecha de modificación,修改日期,Änderungsdatum,Modification date,Date de modification,Data di modifica,変更日付,modificatiedatum,Data de Alteração,Дата изменения,Tadilat tarihi,0,Data modyfikacji
0,ChangeHistory,0,,1,VALUE,False,1,False,33554432,1024,0.0,-40.0,1,False,25.0,4,1,,,,Historial de modificaciones,修改记录,Änderungshistorie,Modification history,Historique des modifications,Elenco modifiche,変更履歴,modificatiehistorie,Histórico de Alteração,История изменения,Tadilat tarih,0,Historia modyfikacji
0,ChangeReleased,0,,1,VALUE,False,1,False,16384,1024,0.0,-40.0,1,True,25.0,5,1,,,1,Modificación lanzada,修改释放,Änderung freigegeben,Modification released,Modifications autorisées,Rilascia modifica,変更リリース,modificatie vrijgegeven,Alteração - Lançamento,Версия изменения,Tadilat yayımlandı,0,Modyfikacja zwolniona
0,ChangeShortText,0,,1,VALUE,False,1,False,16384,1024,0.0,-40.0,1,True,25.0,4,1,,,1,Texto corto de modificación,修改简要文本,Änderungskurztext,Modification short text,Courte description des modifications,Sigla di modifica,変更ショートテキスト,modificatie - korte tekst,Alteração - Texto Curto,Заголовок изменения,Tadilat kısa metin,0,Krótki tekst modyfikacji
0,ChangeText,0,,1,VALUE,False,1,False,33570816,1024,0.0,-40.0,1,False,25.0,4,1,,,,Texto de modificación,修改文本,Änderungstext,Modification text,Description des modifications,"Modifica, descrizione",変更テキスト,modificatietekst,Alteração - Texto,Текст изменения,Tadilat metni,0,Tekst modyfikacji
0,ChangeUser,0,,1,VALUE,False,1,False,16384,1024,0.0,-40.0,1,True,25.0,4,1,,,1,Usuario de modificación,修改用户,Änderungsbearbeiter,Modification user,Modifications faites par,Modificato da,変更ユーザ,modificatiebewerker,Alteração - Usuário,Выполнил изменение,Tadilat kullanıcı,0,Użytkownik modyfikujący
0,ChangeVersion,0,,1,VALUE,False,1,False,16384,1024,0.0,-40.0,1,True,25.0,4,1,,,2,Índice de modificación,修改索引,Änderungskennzeichen,Modification index,Index des modifications,Indice di modifica,変更インデックス,modificatiebenaming,Alteração - Versão,Индекс изменения,Tadilat kütüğü,0,Indeks modyfikacji
,Class_castellano,0,,1,VALUE,False,1,False,809631776,16,0.0,-40.0,1,True,20.0,4,1,,DatabaseClass,1,Clase de Base de datos castellano,数据库类  西班牙语,Datenbankklasse spanisch,Database Class Spanish,Classe de base de données espagnole,Classe database spagnolo,データベースクラス(スペイン語),databankklasse Spaans,Classe do Banco de Dados em Espanhol,Класс в Базе Данных (исп.),Veritabanı klas İspanyolca,0,Klasa bazy danych hiszpański
,Class_chinese,0,,1,VALUE,False,1,False,809631776,16,0.0,-40.0,1,True,20.0,4,1,,DatabaseClass,,Clase de Base de datos china,数据库类  汉语,Datenbankklasse chinesisch,Database Class Chinese,Classe de base de données chinoise,Classe database cinese,データベースクラス(中国語),databankklasse Chinees,Classe do Banco de Dados em Chinês,Класс в Базе Данных (…...),Veritabanı klas Çince,0,Klasa bazy danych chiński
,Class_deutsch,0,,1,VALUE,False,1,False,809631776,16,0.0,-40.0,1,True,20.0,4,1,,DatabaseClass,1,Clase de Base de datos alemán,数据库类  德语,Datenbankklasse deutsch,Database Class German,Classe de base de données allemande,Classe database tedesco,データベースクラス(ドイツ語),databankklasse Duits,Classe do Banco de Dados em Alemão,Класс в Базе Данных (нем.),Veritabanı klas Almanca,0,Klasa bazy danych niemiecki
,Class_english,0,,1,VALUE,False,1,False,809631776,16,0.0,-40.0,1,True,20.0,4,1,,DatabaseClass,1,Clase de Base de datos inglés,数据库类  英语,Datenbankklasse englisch,Database Class English,Classe de base de données anglaise,Classe database inglese,データベースクラス(英語),databankklasse Engels,Classe do Banco de Dados em Inglês,Класс в Базе Данных (англ.),Veritabanı klas İngilizce,0,Klasa bazy danych angielski
,Class_francais,0,,1,VALUE,False,1,False,809631776,16,0.0,-40.0,1,True,20.0,4,1,,DatabaseClass,1,Clase de Base de datos francés,数据库类  法语,Datenbankklasse französisch,Database Class French,Classe de base de données française,Classe database francese,データベースクラス(フランス語,databankklasse Frans,Classe do Banco de Dados em Francês,Класс в Базе Данных (фр.),Veritabanı klas Fransızca,0,Klasa bazy danych francuski
,Class_italiano,0,,1,VALUE,False,1,False,809631776,16,0.0,-40.0,1,True,20.0,4,1,,DatabaseClass,,Clase de Base de datos italiana,数据库类  意大利语,Datenbankklasse italienisch,Database Class Italian,Classe de base de données italienne,Classe database italiano,データベースクラス(イタリア語）,databankklasse Italiaans,Classe do Banco de Dados em Italiano,Класс в Базе Данных (ит.), Veritabanı klas İtalyanca,0,Klasa bazy danych włoski
0,Class_japanese,0,,1,VALUE,False,1,False,809631776,16,0.0,-40.0,1,True,20.0,4,1,,DatabaseClass,,Clase de Base de datos japonés,数据库类  日语,Datenbankklasse japanisch,Database Class Japanese,Classe de base de données Japonaise,Classe database giapponese,データベースクラス(日本語),databankklasse Japans,Classe de Banco de Dados em Japonês,Класс в базе данных (япон.),Veritabanı klas Japonca,0,Klasa bazy danych japoński
,Class_nederlands,0,,1,VALUE,False,1,False,809631776,16,0.0,-40.0,1,True,20.0,4,1,,DatabaseClass,,Clase de Base de datos neerlandés,数据库类  荷兰语,Datenbankklasse niederländisch,Database Class Dutch,Classe de base de données hollandais,Classe database olandese,データベースクラス(オランダ語),databankklasse Nederlands,Classe do Banco de Dados em Holandês,Класс в Базе Данных (голл.),Veritabanı klas Flemenkçe,0,Klasa bazy danych holenderski
,Class_portugues,0,,1,VALUE,False,1,False,809631776,16,0.0,-40.0,1,True,20.0,4,1,,DatabaseClass,,Clase de Base de datos portugués,数据库类  葡萄牙语,Datenbankklasse portugiesisch,Database Class Portuguese,Classe de base de données portuguese,Classe database portoghese,データベースクラス(ポルトガル語),databankklasse Portugees,Classe do Banco de Dados em Português,Класс в Базе Данных (порт.),Veritabanı klas Portekizce,0,Klasa bazy danych portugalski
,Class_russian,0,,1,VALUE,False,1,False,809631776,16,0.0,-40.0,1,True,20.0,4,1,,DatabaseClass,,Clase de Base de datos rusa,数据库类  俄语,Datenbankklasse russisch,Database Class Russian,Classe de base de données russe,Classe database russo,データベースクラス(ロシア語),databankklasse Russisch,Classe do Banco de Dados em Russo,Класс в Базе Данных (рус.),Veritabanı klas Rusca,0,Klasa bazy danych rosyjski
,Class_turkce,0,,1,VALUE,False,1,False,809631776,16,0.0,-40.0,1,True,20.0,4,1,,DatabaseClass,,Clase de Base de datos turca,数据库类  土耳其语,Datenbankklasse türkisch,Database Class Turkish,Classe de base de données turque,Classe database turco,データベースクラス(トルコ語),databankklasse Turkisch,Classe do Banco de Dados em Turco,Класс в Базе Данных (турецк.),Veritabanı klas Türkçe,0,Klasa bazy danych turecki
0,cmNoComparison,0,,1,VALUE,False,1,False,851786727,22,0.0,-40.0,1,True,25.0,5,1,,,1,rmNingunaComparación,rmNoComparison,rmKeinVergleich,rmNoComparison,rmAucuneComparaison,rmNoComparison,cmNoComparison,rmGeenVergelijk,rmNenhumaComparação,rmNoComparison,rmKarşılaştırmaYok,0,rmBrakPorównania
0,CompClass_Characteristic,0,,1,VALUE,False,1,False,32,0,0.0,-40.0,1,True,25.0,4,1,,ComponentClassification,1,(Class) Característica,(Class) Characteristic（特性）,(Class) Charakteristik,(Class) Characteristic,(Class) Caractéristique,(Class) Rappresentazione,(Class) 特性,(Class) karakteristiek,(Classe) Característica,(Класс) Характеристика,(CC) Karekteristik,0,(Klasa) Charakterystyka
0,CompClass_ContactsA,0,,1,VALUE,False,1,False,32,0,0.0,-40.0,1,True,25.0,4,1,,ComponentClassification,1,(Class) Contactos auxiliares,(Class) Auxiliary Contacts（辅助触点）,(Class) Hilfskontakte,(Class) Auxiliary Contacts,(Class) Contacts auxiliaires,(Class) Contatti ausiliari,(Class) 補助コンタクト,(Class) hulpkontakt,(Classe) Contatos Auxiliares,(Класс) Контакты дополнительные,(CC) Yardımcı Kontak,0,(Klasa) Styki pomocnicze
0,CompClass_ContactsM,0,,1,VALUE,False,1,False,32,0,0.0,-40.0,1,True,25.0,4,1,,ComponentClassification,1,(Class) Contactos principales,(Class) Main Contacts（主触点）,(Class) Hauptkontakte,(Class) Main Contacts,(Class) Contacts principaux,(Class) Contatti di potenza,(Class) メインコンタクト,(Class) hoofdkontakt,(Classe) Contatos Principais,(Класс) Контакты главные,(CC) Ana Kontak,0,(Klasa) Główne styki
0,CompClass_CoreIdent,0,,1,VALUE,False,1,False,131104,0,0.0,-40.0,1,True,25.0,4,1,,ComponentClassification,1,(Class) Identificación de vena,(Class) Core Identification（芯线识别）,(Class) Aderkennzeichnung,(Class) Core Identification,(Class) Identification de brin,(Class) Sigla conduttore,(Class) コア識別,(Class) ader indentifikatie,(Classe) Identificação do contutor,(Класс) Идентификатор жилы,(CC) Damar  tanıma,0,(Klasa) Identykacja żył
0,CompClass_Current,0,,1,VALUE,False,1,False,32,0,0.0,-40.0,1,True,25.0,4,1,,ComponentClassification,1,(Class) Actual,(Class) Current（电流）,(Class) Strom,(Class) Current,(Class) Alimentation,(Class) Corrente,(Class) 電流,(Class) stroom,(Classe) Corrente,(Класс) Ток,(CC)  Akım,0,(Klasa) Prąd
0,CompClass_Diameter,0,,1,VALUE,False,1,False,131104,16,0.0,-40.0,1,True,25.0,4,1,,ComponentClassification,1,(Class) Diámetro,(Class) Diameter（直径）,(Class) Durchmesser,(Class) Diameter,(Class) Diamètre,(Class) Sezione,(Class) 直径,(Class) drawsdoorsnede,(Classe) Diametro,(Класс) Диаметр,(CC)  Çap,0,(Klasa) Średnica
0,CompClass_NumOfCores,0,,1,VALUE,False,1,False,131104,0,0.0,-40.0,1,True,25.0,4,1,,ComponentClassification,1,(Class) Número de venas,(Class) Number of cores（芯线数量）,(Class) Aderanzahl,(Class) Number of cores,(Class) Nombre de brins,(Class) Numero di conduttori,(Class) コア数,(Class) aantal ader,(Classe) Número de condutores,(Класс) Число жил,(CC)  Damar numarası,0,(Klasa) Ilość żył
0,CompClass_NumOfPoles,0,,1,VALUE,False,1,False,32,0,0.0,-40.0,1,True,25.0,4,1,,ComponentClassification,1,(Class) Número de polos,(Class) Number of poles（极点数量）,(Class) Polanzahl,(Class) Number of poles,(Class) Nombre de pôles,(Class) Numero di poli,(Class) 極数,(Class) aantal pools,(Classe) Número de Pólos,(Класс) Число контактов,(CC) Kutup numarası,0,(Klasa) Ilość biegunów
0,CompClass_RPM,0,,1,VALUE,False,1,False,32,0,0.0,-40.0,1,True,25.0,4,1,,ComponentClassification,1,(Class) rpm,(Class) rpm,(Class) Drehzahl,(Class) rpm,(Class) tr/min,(Class) Numero giri,(Class) RPM,(Class) toerental,(Classe) rpm,(Класс) об/мин,(CC)  rpm,0,(Klasa) Obr./min
0,CompClass_Shield,0,,1,VALUE,False,1,False,131104,0,0.0,-40.0,1,True,25.0,4,1,,ComponentClassification,1,(Class) Blindaje,(Class) Shield（屏蔽）,(Class) Schirm,(Class) Shield,(Class) Blindage,(Class) Schermo,(Class) シールド,(Class) scherm,(Classe) Blindagem,(Класс) Экран,(CC) Ekranlı,0,(Klasa) Ekran
0,CompClass_Ub,0,,1,VALUE,False,1,False,32,0,0.0,-40.0,1,True,25.0,4,1,,ComponentClassification,1,(Class) Voltaje Ub,(Class) Operating voltage（操作电压）,(Class) Betriebsspannung,(Class) Operating voltage,(Class) Tension Ub,(Class) Tensione di alimentazione,(Class) 電圧 Ub,(Class) werkspanning,(Classe) Tensão de Operação,(Класс) Напряжение Ub,(CC)  Volt,0,(Klasa) Napięcie robocze
0,ComponentGroup,0,,1,VALUE,False,1,False,2210,0,0.0,-40.0,1,False,25.0,4,1,,AdditionalPart,1,Grupo de componente,元件编组,Bauteilgruppe,Component Group,Groupe de composants,Gruppo componenti,コンポーネントグループ,toestel groep,Grupo de Compoentes,Группа изделий в БД,Bileşen Grubu,0,Grupa komponentu
0,ConfigSubtractDescription,0,,1,VALUE,False,1,False,-2147483648,0,0.0,-40.0,1,True,25.0,4,1,,Konfigurator,1,Descripción de configurador,配置描述,Beschreibung Konfigurator,Configurator description,Description configurateur,Descrizione configuratore,コンフィギュレータ表記,beschrijving van konfigurator,Descrição do configurador,Описание конфигуратора,Yapılandırıcı açıklaması,0,Opis konfiguratora
0,Copper,0,,1,VALUE,False,1,False,393222,0,0.0,-40.0,1,True,25.0,4,1,,,1,Número de cobre,铜号,Kupferzahl,Copper Number,Quantité de cuivre,Numero rame,銅番号,kopernummer,Número do Cobre,Площадь металлизации,Bakır Numarası,0,Numer miedzi
0,Country,0,,1,VALUE,False,1,False,1966110,0,0.0,-40.0,1,True,25.0,4,1,,Leitungs-Konfigurator.exe,1,Campo,国家,Land,Country,Pays,Paese,国,land,País,Страна,Vatan,0,Kraj
0,CSA,0,,1,VALUE,False,1,False,393222,0,0.0,-40.0,1,True,25.0,4,1,,Component Attributes,1,Permiso CSA,CSA许可,Zulassung CSA,Permission CSA,Admission CSA,Certificazione CSA,CSA認可,toestemming CSA,Permissão CSA,Допуск CSA,İzin verilen CSA,0,Pozwolenie CSA
0,Cut,0,,1,VALUE,False,1,False,128,0,0.0,-40.0,1,False,25.0,1,1,,,1,Corta,切割,Schnitt,Cut,Coupe,Taglio,カット,doorsnede,Corte,Отрезка,Kes,0,Cięcie
0,CuttingLength,0,,1,VALUE,False,1,False,393220,0,0.0,-40.0,1,True,25.0,4,1,,,1,Longitud de corta,切割长度,Schnittlänge,Cutting Length,Longueur de coupe,Lunghezza di taglio,カット長,doorsneelengte,Comprimento de Corte,Длина отрезки,Uzunluk Kesme,0,Długość cięcia
33,DB_User,0,,1,VALUE,False,1,False,809631776,16,0.0,-40.0,1,True,20.0,4,1,DB_User,Component Attributes,,Usuario de base de datos,数据库用户,Datenbankbearbeiter,Database User,Utilisateur de base de données,Utente database,データベースユーザ,databank gebruiker,Usuário do Banco de Dados,Пользователь Базы Данных,Veritabanı kullanıcısı,0,Użytkownik bazy danych
0,DemoFeature,0,,1,VALUE,False,1,False,845293731,1044,0.0,-40.0,1,True,25.0,4,1,,Component Attributes,1,New Feature,New Feature,Demo Besonderheit,New Feature,New Feature,New Feature,New Feature,New Feature,New Feature,New Feature,New Feature,0,Nowa funkcja
,Description_castellano,0,,1,VALUE,False,1,False,809631776,16,0.0,-40.0,1,True,20.0,4,1,,"report PartsMain.vbs,PartsSheet_complete.vbs",,Descripción de Base de datos castellano,数据库描述  西班牙语,Datenbankbeschreibung spanisch,Database Description Spanish,Description de base de données espagnole,Descrizione database spagnolo,データベース表記(スペイン語),databankbeschrijving Spaans,Descrição do Banco de Dados em Espanhol,Описание в Базе Данных (исп.),Veritabanı Açıklama İspanyolca ,0,Opis bazy danych hiszpański
,Description_chinese,0,,1,VALUE,False,1,False,809631776,16,0.0,-40.0,1,True,20.0,4,1,,"report PartsMain.vbs,PartsSheet_complete.vbs",,Descripción de Base de datos china,数据库描述  汉语,Datenbankbeschreibung chinesisch,Database Description Chinese,Description de base de données chinoise,Descrizione database cinese,データベース表記(中国語),databankbeschrijving Chinees,Descrição do Banco de Dados em Chinês,Описание в Базе Данных (…....),Veritabanı Açıklama Çince,0,Opis bazy danych chiński
,Description_deutsch,0,,1,VALUE,False,1,False,809631776,16,0.0,-40.0,1,True,20.0,4,1,,"report PartsMain.vbs,PartsSheet_complete.vbs",1,Descripción de Base de datos alemán,数据库描述  德语,Datenbankbeschreibung deutsch,Database Description German,Description de base de données allemande,Descrizione database tedesco,データベース表記(ドイツ語),databankbeschrijving Duits,Descrição do Banco de Dados em Alemão,Описание в Базе Данных (нем.),Veritabanı Açıklama Almanca,0,Opis bazy danych niemiecki
,Description_english,0,,1,VALUE,False,1,False,809631776,16,0.0,-40.0,1,True,20.0,4,1,,"report PartsMain.vbs,PartsSheet_complete.vbs",1,Descripción de Base de datos inglés,数据库描述  英语,Datenbankbeschreibung englisch,Database Description English,Description de base de données anglaise,Descrizione database inglese,データベース表記(英語),databankbeschrijving Engels,Descrição do Banco de Dados em Inglês,Описание в Базе Данных (англ.),Veritabanı Açıklama İngilizce,0,Opis bazy danych angielski
,Description_francais,0,,1,VALUE,False,1,False,809631776,16,0.0,-40.0,1,True,20.0,4,1,,"report PartsMain.vbs,PartsSheet_complete.vbs",1,Descripción de Base de datos francés,数据库描述  法语,Datenbankbeschreibung französisch,Database Description French,Description de base de données française,Descrizione database francese,データベース表記(フランス語),databankbeschrijving Frans,Descrição do Banco de Dados em Francês,Описание в Базе Данных (фр.),Veritabanı Açıklama Fransızca,0,Opis bazy danych francuski
,Description_italiano,0,,1,VALUE,False,1,False,809631776,16,0.0,-40.0,1,True,20.0,4,1,,"report PartsMain.vbs,PartsSheet_complete.vbs",,Descripción de Base de datos italiano,数据库描述  意大利语,Datenbankbeschreibung italienisch,Database Description Italian,Description de base de données italienne,Descrizione database italiano,データベース表記(イタリア語),databankbeschrijving Italiaans,Descrição do Banco de Dados em Italiano,Описание в Базе Данных (ит.),Veritabanı Açıklama İtalyanca,0,Opis bazy danych włoski
0,Description_japanese,0,,1,VALUE,False,1,False,809631776,16,0.0,-40.0,1,True,20.0,4,1,,"report PartsMain.vbs,PartsSheet_complete.vbs",,Descripción de Base de datos japonés,数据库描述 日语,Datenbankbeschreibung japanisch,Database Description Japanese,Description de base de données Japonaise,Descrizione database giapponese,データベース表記(日本語),databankbeschrijving Japans,Descrição de Banco de Dados em Japonês,Описание в Базе Данных (япон.),Veritabanı Açıklama Japonca,0,Opis bazy danych japoński
,Description_nederlands,0,,1,VALUE,False,1,False,809631776,16,0.0,-40.0,1,True,20.0,4,1,,"report PartsMain.vbs,PartsSheet_complete.vbs",,Descripción de Base de datos neerlandés,数据库描述  荷兰语,Datenbankbeschreibung niederländisch,Database Description Dutch,Description de base de données hollandais,Descrizione database olandese,データベース表記(オランダ語),databankbeschrijving Nederlands,Descrição do Banco de Dados em Holandês,Описание в Базе Данных (голл.),Veritabanı Açıklama Flemankçe,0,Opis bazy danych holenderski
,Description_portugues,0,,1,VALUE,False,1,False,809631776,16,0.0,-40.0,1,True,20.0,4,1,,"report PartsMain.vbs,PartsSheet_complete.vbs",,Descripción de Base de datos portugués,数据库描述  葡萄牙语,Datenbankbeschreibung portugiesisch,Database Description Portuguese,Description de base de données portuguese,Descrizione database portoghese,データベース表記(ポルトガル語),databankbeschrijving Portugees,Descrição do Banco de Dados em Português,Описание в Базе Данных (порт.),Veritabanı Açıklama Portekizce,0,Opis bazy danych portugalski
,Description_russian,0,,1,VALUE,False,1,False,809631776,16,0.0,-40.0,1,True,20.0,4,1,,"report PartsMain.vbs,PartsSheet_complete.vbs",,Descripción de Base de datos rusa,数据库描述  俄语,Datenbankbeschreibung russisch,Database Description Russian,Description de base de données russe,Descrizione database russo,データベース表記(ロシア語),databankbeschrijving Russisch,Descrição do Banco de Dados em Russo,Описание в Базе Данных (рус.),Veritabanı Açıklama Rusca,0,Opis bazy danych rosyjski
0,Description_text,0,,1,VALUE,False,1,False,5440,0,0.0,-40.0,1,True,25.0,4,1,,"report PartsMain.vbs,PartsSheet_complete.vbs",,Descripción de pin,针脚描述,Anschlusspunktbeschreibung,Pin Description,Description de broche,Descrizione pin,ピン表記,pinbeschrijving,Descrição de pino,Описание вывода,Pin Açıklaması,0,Opis pinu
,Description_turkce,0,,1,VALUE,False,1,False,809631776,16,0.0,-40.0,1,True,20.0,4,1,,"report PartsMain.vbs,PartsSheet_complete.vbs",,Descripción de Base de datos turca,数据库描述  土耳其语,Datenbankbeschreibung türkisch,Database Description Turkish,Description de base de données turque,Descrizione database turco,データベース表記(トルコ語),databankbeschrijving Turkisch,Descrição do Banco de Dados em Turco,Описание в Базе Данных (турецк.),Veritabanı Açıklama Türkçe,0,Opis bazy danych turecki
0,Desina,0,,1,VALUE,False,1,False,393222,0,0.0,-40.0,1,True,25.0,4,1,,Component Attributes,1,Permiso Desina,Desina许可,Zulassung Desina,Permission Desina,Admission Desina,Certificazione Desina,Desina認可,toestemming Desina,Permissão Desina,Допуск Desina,Desina dan onaylıdır,0,Zezwolenie Desina
0,DevDes-EL-Customer,0,,1,VALUE,False,1,False,2178,4,0.0,-40.0,1,True,25.0,4,1,,script ChangeDevDes.vbs,1,Designación de objeto eléctrico definida por el usuario,用户对象代号电气,Kunden BMK elektrisch,Customer device designation (electric),"Désignation d'élément du client, électrique",Designazione materiale elettrica cliente,顧客アイテム識別名電気,klanten toestelbenaming (elektrisch),designação elétrica de item de cliente,обозначение поставщика - электрика,müşteri öğe atama elektrik,0,Oznaczenie urządzenia klienta (elektryczne)
0,DevDes-EL-Internal,0,,1,VALUE,False,1,False,2178,4,0.0,-40.0,1,True,25.0,4,1,,script ChangeDevDes.vbs,1,Designación interna de objeto eléctrico,内部对象代号电气,Internes BMK elektrisch,Internal device designation (electric),"Désignation d'élément interne, électrique",Designazione materiale elettrico interna,内部アイテム識別名電気,interne toestelbenaming (elektrisch),designação elétrica de item interno,внутреннее позиционное обозначение - электрика,iç öğe atama elektrik,0,Wewnętrzne oznaczenie urządzenia (elektryczne)
0,Device_Text_Instances,0,,1,VALUE,False,1,False,68256,0,0.0,-40.0,1,False,25.0,4,1,,,,Designación de Objeto (Instancia de Texto),对象代号(文本类型),Betriebsmittelkennzeichen (Text Instanz),Device designation (text instance),Désignation d'élément (instance de texte),Designazione materiale (istanza testo),アイテム識別名（テキストインスタンス）,toestelbenaming (text instantie),Designação de Ítem (Instância  de texto),Позиционное обозначение (Вариант надписи),Öğe atama (Metin örnek),0,Oznaczenie urządzenia (instancja tekstu)
0,DeviceName_Electrical,0,,1,VALUE,False,1,False,4160,0,0.0,-40.0,1,False,25.0,4,1,,,,Designación de Objeto - eléctrica,对象代号_电气,Betriebsmittelkennzeichen Elektrisch,Device designation (electric),Désignation d'élément Electrique,Designazione Dispositivo - elettrica,アイテム識別名(電気),toestelbenaming elektrisch,Designação de Item Elétrico,Обозначение электрической схемы,Öğe atama Elektrik,0,Oznaczenie urządzenia (elektryczne)
0,DeviceName_Fluid,0,<nn>,1,VALUE,False,1,False,4160,0,0.0,-40.0,1,True,25.0,4,1,,,2,Designación de Objeto - Fluid,对象代号_电气 (1),Betriebsmittelkennzeichen Fluid,Device designation (fluid),Désignation d'élément Fluide,Designazione Dispositivo - fluidica,アイテム識別名(流体),toestelbenaming fluid,Designação de Item Hidráulico,Обозначение гидравлической схемы,Öğe atama Akışkan,0,Oznaczenie urządzenia (hydr./pneu.)
0,DeviceName_Pneumatic,0,,1,VALUE,False,1,False,541460647,0,0.0,-40.0,1,True,25.0,4,1,,,1,Designación de Objeto - neumática,对象代号_气动,Betriebsmittelkennzeichen Pneumatik,Device designation (pneumatic),Désignation d'élément Pneumatique,Designazione Dispositivo - pneumatica,アイテム識別名(空力),toestelbenaming pneumatisch,Designação de Item Pneumático,Обозначение пневматической схемы,Öğe atama Pnömatik,0,Oznaczenie urządzenia (pneumatyka)
0,DeviceSubFunction,0,,1,VALUE,False,1,False,4160,0,0.0,-40.0,1,False,25.0,4,1,,,1,Sub-función dispositivo,设备子功能,Betriebsmittel-Unterfunktion,Device sub-function,Sous-fonction d'appareil,Sottofunzione dispositivo,デバイスサブ機能,sub-funktie van toestel,Sub-função do dispositivo,Субфункция изделия,Cihaz alt işlev,0,Podfunkcja urządzenia
0,Diameter,0,,1,VALUE,False,1,False,393222,0,0.0,-40.0,1,False,25.0,4,1,,,1,Diámetro,直径,Durchmesser,Diameter for cables and cores (conductors),Diamètre,Diametro,直径,diameter,Diâmetro,Диаметр,Kablo ve famar için çap,0,Przekrój kabli i żył (żyły)
55,Dismanteling,0,,1,VALUE,False,1,False,8,0,0.0,-40.0,1,True,20.0,3,1,,,,Dismanteling (mm),剥绝缘皮(mm),Abmantelung (mm),Amount of insulation to be cut back/stripped (mm),Dénudage (mm),Sguainatura (mm),剥きしろ(mm),ontmanteling (mm),Decapagem (mm),Длина жилы без оболочки кабеля (мм),Parça boyutu(mm),0,Ilośc izolacji do usunięcia/odizolowania (mm)
,Dismanteling_Shield,0,,1,VALUE,False,1,False,8,0,0.0,-40.0,1,False,20.0,3,1,,,,Dismanteling Shield (mm),剥绝缘皮 Shield (mm),Abmantelung Schirm (mm),Amount of insulation to be cut back/stripped Shield (mm),Dénudage Shield (mm),Sguainatura Shield (mm),剥きしろShield (mm),ontmanteling Shield (mm),Decapagem Shield (mm),Длина жилы без оболочки кабеля Shield (мм),Parça boyutu Shield (mm),0,Ilość izolacji do usunięcia/odizolowania dla ekranu (mm)
0,Displacement,0,,1,VALUE,False,1,False,1966110,0,0.0,-40.0,1,True,25.0,4,1,,Leitungs-Konfigurator.exe,1,Displacement,替换,Hubraum,Engine displacement,Cylindrée,Cilindrata,置き換え,verplaatsing,Deslocamento,Рабочий объем,Yerinden çıkartma,0,Objętość skokowa silnika
0,Display_in_ConnectionList,0,,1,VALUE,False,1,False,5440,0,0.0,-40.0,1,True,25.0,5,1,,,,Visualización en la lista de conexión,连接表显示,Anzeige in Verbindungsliste,Display in Connection List,Affichage dans liste des connexions,Visualizza nella lista connessioni,接続リストの表示,weergave in verbindingslijst,Exibir na Lista de Conexões,Отображать в таблице соединений,Bağlantı listesini görüntüle,0,Wyświetl w liście połączeń
0,Door,0,,1,VALUE,False,1,False,1966110,0,0.0,-40.0,1,True,25.0,4,1,,Leitungs-Konfigurator.exe,1,Puerta,门,Tür,Door,Portière,Portiera,ドア,deur,Porta,Дверь,Kapı,0,Drzwi
0,DrillHoleDefinition,0,,1,VALUE,False,1,False,2080,0,0.0,-40.0,1,False,25.0,4,1,,,1,Definición de perforación,钻孔定义,Bohrlochdefinition,Drillhole Definition,Definition du trou de forage,Definizione di foratura,ドリル穴定義,Boorgat definitie,Definição de furo,Определение отверстия сверловки,Delik Tanımı,0,Definicja otworów
89,E3.ePLM_Description,0,,1,VALUE,False,1,False,-2147483648,0,0.0,0.0,1,True,25.0,4,1,,E3.ePLM Interface,,E3.ePLM Descripción,E3.ePLM Description(描述),E3.ePLM Aktionsbeschreibung,E3.ePLM Description,Description E3.ePLM,E3.ePLM Descrizione azione,E3.ePLM表記,E3.ePLM beschrijving,E3.ePLM Descrição ,E3.ePLM Описание,E3.ePLM Açıklama,0,E3.ePLM opis
90,E3.ePLM_Function,0,,1,VALUE,False,1,False,-2147483648,0,0.0,0.0,1,True,25.0,4,1,,E3.ePLM Interface,,E3.ePLM Función,E3.ePLM Function（功能）,E3.ePLM Funktion,E3.ePLM Function,Fonction E3.ePLM,E3.ePLM Funzione,E3.ePLM機能,E3.ePLM functie,E3.ePLM Função ,E3.ePLM Функция,E3.ePLM Foksiyon,0,E3.ePLM funkcja
88,E3.ePLM_FunctionName,0,,1,VALUE,False,1,False,-2147483648,0,0.0,0.0,1,True,25.0,4,1,,E3.ePLM Interface,,E3.ePLM Nombre de función,E3.ePLM Function Name（功能名称）,E3.ePLM Funktionsname,E3.ePLM Function Name,NomFonction E3.ePLM,E3.ePLM Azione,E3.ePLM機能名,E3.ePLM functie naam,E3.ePLM Nome da Função,E3.ePLM ИмяФункции,E3.ePLM FonksiyonAdı,0,E3.ePLM nazwa funkcji
43,EAN_Num,0,,1,VALUE,False,1,False,131104,16,0.0,-40.0,1,True,20.0,4,1,,Component Attributes,,Número EAN,EAN号,EAN Nummer,EAN Number,Numéro EAN,Codice EAN,EAN番号,EAN nummer,Número EAN,Номер EAN,EAN Numarası,0,Numer EAN
0,eCl@ss,0,,1,VALUE,False,1,False,68256,0,0.0,-40.0,1,True,25.0,4,1,,,1,eCl@ss Clase,eCl@ss 类,eCl@ss Klasse,eCl@ss class,eCl@ss Classe,eCl@ss Classe,eCl@ss クラス,eCl@ss klasse,eCl@ss Classe,eCl@ss Класс,eCl@ss Klas,0,Klasa eCl@ss
0,Engine,0,,1,VALUE,False,1,False,1966110,0,0.0,-40.0,1,True,25.0,4,1,,Leitungs-Konfigurator.exe,1,Engine,引擎,Motor,Engine,Moteur,Motore,エンジン,motor,Motor,Двигатель,Motor,0,Silnik
0,ExcludeDevice,0,,1,VALUE,False,1,False,2080,0,0.0,-40.0,1,True,25.0,5,1,,,1,Excluir dispositivo,不包括设备,Betriebsmittel ausschliessen,Exclude Device,Exclure appareil,Escludere dispositivo,除外デバイス,Uitsluiten Device,Excluir o dispositivo,Исключить изделие в проекте,Cihazı dışla,0,Wyklucz urządzenia
0,First_Pin_number,0,,1,VALUE,False,1,False,68256,0,0.0,-40.0,1,True,25.0,4,1,,,1,Primero nombre de pin,First pin number（阵脚数量）,Erster Anschlusspunktname,First pin number,Premier numéro de broche,Numero primo pin,第1ピン名,First pin number,Primeiro Número do pino,Номер 1-го вывода (ключа),First pin number,0,Pierwszy numer pinu
0,FixDeviceName,0,,1,VALUE,False,1,False,68226,0,0.0,-40.0,1,True,25.0,5,1,,script RenameDeviceMain.vbs,1,Fix Item designation,固定对象代号,Fixes Betriebsmittelkennzeichen,Fix Item designation,Désignation fixe d'élément,Designazione dispositivo fissa,固定アイテム識別名,fixe toestelbenaming,Designação de Ítem Fixa,Обозначение фиксированного элемента,Öğe atamayı düzelt,0,Stałe oznaczenie elementu
,Function,0,,1,VALUE,False,17,False,-2082530881,1028,0.0,-40.0,1,False,20.0,4,1,,,,Función,功能,Funktion,Function,Fonction,Funzione,機能,functie,Função,Функция,Fonksiyon,0,Funkcja
0,FunctionalDescription,0,,1,VALUE,False,1,False,0,2048,0.0,-40.0,1,True,25.0,4,1,,,1,Descripción funcional,Functional Description（功能描述）,Funktionsbeschreibung,Functional Description,Description fonctionnelle,Descrizione funzionale,論理表記,functie beschrijving,Descrição Funcional,Функциональное описание,Fonksiyonel Açıklama,0,Opis funkcjonalny
0,Group,0,,2,VALUE,False,1,False,2048,0,0.0,-40.0,1,False,25.0,1,1,,,1,Grupo,编组,Gruppe,Group,Groupe,Gruppo,グループ,groep,Grupo,Группа,Grup,0,Grupa
0,HighestChangeCount,0,,1,VALUE,False,1,False,16384,0,0.0,-40.0,1,True,25.0,1,1,,,1,Número de modificación más alto,最大修改数,Höchste Änderungsnummer,Highest Change Number,Le plus haut numéro de modification,Indice di modifica massimo,最大変更番号,hoogste modificatienummer,Maior Número de Alteração,Последний номер для изменения,En yüksek değişim numarası,0,Najwyższy numer zmiany
0,InsulationType,0,,1,VALUE,False,1,False,393216,0,0.0,-40.0,1,True,25.0,4,1,,,1,Tipo del aislamiento,绝缘类型,Isolierungsart,Type of insulation,Type d'isolation,Tipo di isolamento,絶縁タイプ,isoleringstype,Tipo de Isolação,Тип изоляции,İzolasyon Türü,0,Typ izolacji
0,InternalArticleNumber,0,,1,VALUE,False,1,False,262144,0,0.0,-40.0,1,True,25.0,4,1,,,1,Número de artículo interno,内部部件号码,Interne Artikelnummer,Internal Article Number,Numéro d'article interne,Numero articolo interno,内部品番,intern artikel nummer,Número de Artigo interno,Внутренний номер изделия,İç Başlık Numarası,0,Wewnętrzny numer artykułu
0,InternalLength,0,,1,VALUE,False,1,False,5440,0,0.0,-40.0,1,True,25.0,4,1,,,1,Longitud interna,内部长度,Interne Länge,Internal length,Longueur interne,Lunghezza interna,内部長,interne lengte,Comprimento Interno,Внутренняя длина,İç uzunluk,0,Wewnętrzna długość
0,IsJIC,0,,1,VALUE,False,1,False,33554432,0,0.0,-40.0,1,True,25.0,5,1,,,1,Hoja JIC,JIC图纸,JIC Blatt,JIC Sheet,feuille JIC,Pagina JIC,JIC シート,JIC blad,Folha JIC,Лист JIC,JIC Sayfası,0,Arkusz JIC
60,Length,0,,1,DEFAULT,False,1,False,131110,4,0.0,-40.0,1,True,20.0,3,1,,"report CableMain.vbs,script PlacementReportExcel",,Longitud (mm),长度 (mm),Länge (mm),Length (mm),Longueur (mm),Lunghezza (mm),長さ(mm),lengte (mm),Comprimento (mm),Длина (мм),Uzunluk (mm),0,Długość (mm)
0,MarkerArticleNumber,0,,1,VALUE,False,1,False,2099362,4,0.0,-40.0,1,True,25.0,4,1,,,1,Marcador de número de articulo,标识物编码,Markierer Artikelnummer,Marker Article Number,Numéro d'article du marqueur,Numero articolo Marker,商品番号マーカー,Markering artikel nummer,,Каталожный номер маркера,Ürün Numarası İşareti,0,Numer artykułu markera
0,Material,0,,1,VALUE,False,1,False,10621410,20,0.0,-40.0,1,False,25.0,4,1,,,1,Material,材料,Material,Material,Matériel,Materiale,材料,materiaal,Material,Материал,Meteryal,0,Materiał
0,Max_CrossSection,0,,1,VALUE,False,1,False,5440,0,0.0,-40.0,1,True,25.0,2,1,,script MinMaxCrosssection.vbs,,Sección cruzada máx. de hilos (mm²),最大线截面(mm²),Max. Drahtquerschnitt (mm²),Max. wire cross-section (mm²),Section max. de fil (mm²),Sezione massima filo (mm²),最大ワイヤ断面積(mm²),max. draad doorsnede (mm²),Seção Máxima de Fio (mm²),Макс. сечение провода (мм²),Maksimum tel kesiti (mm²),0,Max. przekrój przewodu (mm²)
0,Max_Wires,0,,1,VALUE,False,1,False,5440,0,0.0,-40.0,1,True,25.0,1,1,,script MinMaxCrosssection.vbs,,Número máx. de hilos,最大连线数,Max. Anzahl Drähte,Max. number of wires,Nombre max. de fils,Numero massimo fili,最大ワイヤ数,max. aantal draaden,Número máximo dos fios,Макс. количество проводов,Maksimum tel sayısı,0,Max. ilość przewodów
0,Min_CrossSection,0,,1,VALUE,False,1,False,5440,0,0.0,-40.0,1,True,25.0,2,1,,script MinMaxCrosssection.vbs,,Sección cruzada mín. de hilos (mm²),最小线截面 (mm²),Min. Drahtquerschnitt (mm²),Min. wire cross-section (mm²),Section min. de fil (mm²),Sezione minima filo (mm²),最小ワイヤ断面積(mm²),min. draad doorsnede (mm²),Seção Mínima de Fio (mm²),Миним. сечение провода (мм²),Minumum tel kesiti (mm²),0,Min. przekrój przewodu (mm²)
0,MinBendRadius,0,,1,VALUE,False,1,False,393222,0,0.0,-40.0,1,True,25.0,4,1,,,1,Radio mínimo de curva,最小弯曲半径,Min. Biegeradius,Minimum Bend Radius,Rayon de courbure min.,Raggio minimo di piegatura,最小屈曲半径,min. krommingsdoorsnede,Raio mínimo de dobra,Миним. радиус загиба,Minimum Eğil Yarıçapı,0,Minimalny promień gięcia
0,ModelName,0,,1,VALUE,False,1,False,537004706,0,0.0,-40.0,1,True,25.0,4,1,,,1,Nombre modelo M-CAD,M-CAD模型名称,M-CAD Modelname,M-CAD model name,Nom de modèle M-CAD,Nome Modello M-CAD,M-CADモデル名,M CAD model naam,Nome de Modelo M-CAD,Имя модели M-CAD,M-CAD model adı,0,Nazwa modelu M-CAD
0,NetSegCircumference,0,,1,VALUE,False,1,False,16777216,0,0.0,-40.0,1,True,25.0,4,1,,script CalcBundleDiameter.vbs,1,Circunferencia de segmento de red,Net segment circumference（网络线段周长）,Netzsegment Umfang,Net segment circumference,Circonférence du segment de réseau,Circonferenza segmento rete,セグメントの外周,net segment omvang,Circunferencia do segmento de rede,Окружность сегмента цепи,Net çevresi,0,Obwód segmentu sieci
0,NetSegCrossSection,0,,1,VALUE,False,1,False,16777216,0,0.0,-40.0,1,True,25.0,4,1,,script CalcBundleDiameter.vbs,1,Sección cruzada de segmento de red,Net segment cross-section（网络线段截面积）,Netzsegment Querschnitt,Net segment cross-section,Coupe transversale du segment de réseau,Diametro segmento rete,セグメントの断面積,net segment doorsnede,Seção transversal do segmento de rede,Сечение сегмента цепи,Net kesiti,0,Przekrój segmentu sieci
57,NominalWidth,0,,1,VALUE,False,1,False,16777216,0,0.0,-40.0,1,True,20.0,1,1,,,,Anchura nominal,公称宽度,Nennweite,Nominal Width,Largeur nominale,Spessore nominale,公称幅,nominale breedte,Largura Nominal,Номинальная ширина,Nominal Genişlik,0,Nominalna szerokość
0,Option,0,,1,VALUE,False,1,False,1966110,0,0.0,-40.0,1,True,25.0,4,1,,Leitungs-Konfigurator.exe,1,Option,选项,Option,Option,Option,Ozione,オプション,optie,Opção,Опция,Seçenek,0,Opcja
0,OuterDiameter,0,,1,VALUE,False,1,False,393222,20,0.0,-40.0,1,True,25.0,4,1,,,1,Grosor,厚度,Aussendurchmesser,Thickness,Diamètre extérieur,Diametro esterno,厚さ,buitendiameter,Espessura,Толщина,Kalınlık,0,Grubość
0,Panel_Arrangement_FrontView_Closed,0,,1,VALUE,False,1,False,32,0,0.0,-40.0,1,True,25.0,4,1,,,1,"Disposición del panel, vista frontal, cerrado","机柜布置,主视图,关闭","Schaltschrankanordnung, Frontansicht, geschlossen","Panel arrangement, front view, closed","Disposition Panel, vue de face, fermée","Layout quadro, vista da davanti, chiuso","パネル割り付け, 正面視, 閉","panel plaatsing, voorkant, gesloten","Arranjo de painel, vista frontal, fechada","Панель, вид спереди, закрыто","Panel düzenlemesi, ön görünüm, kapalı",0,"Aranżacja panelu, widok z przodu, zamknięty"
0,Panel_Arrangement_TopView,0,,1,VALUE,False,1,False,32,0,0.0,-40.0,1,True,25.0,4,1,,,1,"Disposición del panel, vista superior","机柜布置,俯视图","Schaltschrankanordnung, Draufsicht","Panel arrangement, top view","Disposition Panel, vue de dessus","Layout quadro, vista dall'alto","パネル割り付け, 平面視","panel plaatsing, bovenkant","Arranjo de painel, vista superior","Панель, вид сверху","Panel düzenlemesi, üst görünüm",0,"Aranżacja panelu, widok z góry"
0,PanelFrontViewSymbol,0,,1,VALUE,False,1,False,2208,0,0.0,-40.0,1,True,25.0,4,1,,,1,Símbolo para vista frontal del panel,机柜主视图符号,Symbol für Schaltschrankansicht,Panel front view symbol,Symbole pour vue d'armoire électrique,Simbolo per layout quadro,フロントパネルビュー用シンボル,symbool voor vooraanzicht van het panel,Símbolo para vista frontal de painel,"Символ для панели, вид спереди ",Ön panel görünümü için sembol,0,Symbol panelu widok z przodu
59,PanelWireClass,0,,1,VALUE,False,1,False,272388,0,0.0,-40.0,1,False,20.0,4,1,,,,Clase de conexión (Panel),连接分类 (机柜),Verbindungsklasse (Panel),Connection Class (Panel),Classe de connexion (Panel),Classe di connessione  (Panel),接続クラス(パネル),verbindingsklasse (Panel),Classe de Conexão (Painel),Класс соединения (Компоновка),Bağlantı Klas (Panel),0,Klasa połączenia (Panel)
0,PID_EMSR-Function,0,,1,VALUE,False,1,False,2080,0,0.0,-40.0,2,False,25.0,4,1,PID_Function,,,PID EMSR-Stellen-Funktion,PID EMSR-Points-Function,R&I EMSR Punkt Funktion,PID EMSR-Points-Function,PID fonction points EMSR,PID EMSR-Points-Function,P&ID EMSR識別名,PID EMSR-Points-Function,PID EMSR-Points-Function,PID EMSR-Points-Функция,PID EMSR-Nokta-Fonksiyon,0,PID EMSR-Funkcja-Punktów
0,PID_EMSR-ItemDesignation,0,,1,VALUE,False,1,False,2080,0,0.0,-40.0,2,False,25.0,4,1,,,2,PID EMSR-Stellen-Kennzeichen,PID EMSR-Points-Item Designation,R&I EMSR Punkt Betriebsmittelkennzeichen,PID EMSR-Points-Item Designation,PID désignation d'élément points EMSR,PID EMSR-Points-Item Designation,P&ID EMSRファンクション,PID EMSR-Points-Item Designation,PID EMSR-Points-Item Designation,PID EMSR-Points-Поз. Обозначение,PID EMSR-Nokta-Parması,0,PID EMSR-Punkty-Oznaczenie urządzenia
0,PID_MassFlow,0,,1,DEFAULT,False,1,False,25165824,20,0.0,-40.0,1,False,25.0,4,0,,,,	PID Massenstrom,PID Mass Flow(流量),R&I Durchflussmenge,PID Mass Flow,PID flux de masse,PID Mass Flow,P&IDマスフロー,PID Mass Flow,PID Fluxo de massa,PID Расход,PID Kütle Akışı,0,PID Przepływ masy
0,PID_OperatingPressure,0,,1,DEFAULT,False,1,False,25165824,20,0.0,-40.0,1,False,25.0,4,0,,,,PID Arbeitsdruck,PID Operating Pressure（ 操作压力）,R&I Betriebs-Druck,PID Operating Pressure,PID pression de fonctionnement,PID Operating Pressure,P&ID動作圧,PID Operating Pressure,PID Pressão de Operação,PID Рабочее давление,PID Basınç İşleniyor,0,PID Nominalne ciśnienie
0,PID_OperatingTemperature,0,,1,DEFAULT,False,1,False,25165824,20,0.0,-40.0,1,False,25.0,4,0,,,,	PID Arbeitstemperatur,PID Operating Temperature（操作温度）,R&I Betriebs-Temperatur,PID Operating Temperature,PID température de fonctionnement,PID Operating Temperature,P&ID動作温度,PID Operating Temperature,PID Temperatura de Operação,PID Рабочая температура,PID Sıcaklık işleniyor,0,PID Nominalna temperatura
,PlcComment,0,,1,VALUE,False,72,False,4160,0,0.0,-40.0,1,True,20.0,4,1,,"script ExportPlcAssignment,ImportPlcAssignment.vbs",,PLC Comentario 1,PLC 注释 1,SPS Kommentar 1,PLC Comment 1,API - Commentaire 1,PLC commento 1,PLC注釈1,PLC commentaar 1,Comentário 1 do PLC,ПК (PLC) - Комментарий 1,PLC Açıklama 1,0,PLC Komentarz 1
,PlcComment2,0,,1,VALUE,False,73,False,4160,0,0.0,-40.0,1,True,20.0,4,1,,"script ExportPlcAssignment,ImportPlcAssignment.vbs",,PLC Comentario 2,PLC 注释 2,SPS Kommentar 2,PLC Comment 2,API - Commentaire 2,PLC commento 2,PLC注釈2,PLC commentaar 2,Comentário 2 do PLC,ПК (PLC) - Комментарий 2,PLC Açıklama 2,0,PLC Komentarz 2
0,PlcDevice,0,,1,VALUE,False,1,False,32,0,0.0,-40.0,1,True,25.0,4,1,,Plc Interface,1,Dispositivo de PLC,PLC 设备,SPS Betriebsmittel,PLC Device,Appareil API,Dispositivo PLC,PLC デバイス,PLC Device,Dispositivo de PLC,ПЛК - Изделие в проекте,PLC Cihazı,0,PLC Urządzenie
0,PlcDirection,0,,1,VALUE,False,1,False,64,0,0.0,-40.0,1,True,25.0,4,1,,Plc Interface,1,Dirección de PLC,PLC 指导,SPS Richtung,PLC Direction,Sens API,Direzzione PLC,PLC ダイレクション,PLC Richting,Direção de PLC,ПЛК - Направление,PLC Yönü,0,PLC Kierunek
0,PlcFunctionCategory,0,,1,VALUE,False,1,False,96,0,0.0,-40.0,1,True,25.0,4,1,,Plc Interface,1,Categoría funcional de PLC,PLC功能分类,SPS Funktions Kategorie,PLC Function Category,Catégorie fonctionnelle API,Categoria funzionale PLC,PLC 機能カテゴリ,PLC Functie Categorie,Categoria funcionalde PLC,ПЛК - Функциональная категория,PLC Fonksiyon Kategorisi,0,PLC Kategoria funkcji
0,PlcFunctionId,0,,1,VALUE,False,1,False,64,0,0.0,-40.0,1,True,25.0,4,1,,Plc Interface,1,ID funcional de PLC,PLC 功能ID,SPS Funktions ID,PLC Function ID,ID fonctionnelle API,ID funzionale PLC,PLC 機能ID,PLC Functie ID,ID funcional de PLC,ПЛК - ID функции,PLC Fonksiyon ID,0,PLC ID funkcji
0,PlcFunctionType,0,,1,VALUE,False,1,False,64,0,0.0,-40.0,1,True,25.0,4,1,,Plc Interface,1,Tipo de función PLC,PLC功能类型,SPS Funktions Typ,PLC Function Type,Type de fonction API,PLC - Tipo Funzione,PLCファンクションタイプ,PLC functie type,,ПЛК Тип функции,PLC Fonksiyon Tipi,0,PLC Typ funkcji
0,PlcGroup,0,,1,VALUE,False,1,False,32,0,0.0,-40.0,1,True,25.0,4,1,,,1,Grupo PLC,PLC组,SPS Gruppe,PLC Group,Groupe API,PLC - Gruppo,PLCグループ,PLC groep,,ПЛК Группа,PLC Grup,0,PLC grupa
0,PlcIOType,0,,1,VALUE,False,1,False,96,0,0.0,-40.0,1,True,25.0,4,1,,,1,Tipo de PLC E/S,PLC IO类型,SPS IO Typ,PLC IO Type,IO Type API,PLC - Tipo I/O,PLC IOタイプ,PLC IO type,,ПЛК Тип ввода-вывода,PLCIOTipi,0,PLC Typ IO
0,PlcNetType,0,,1,VALUE,False,1,False,4194305,0,0.0,-40.0,1,True,25.0,4,1,Bus Types (PLC Topology),,1,,PLC网络类型,SPS Netzwerk Typ,PLC Network Type,Type de réseau API,PLC - Tipo rete,PLCネットタイプ,PLC netwerk type,,ПЛК Тип сети,PLC Bağlantı Tipi,0,PLC Typ sieci
0,PlcObjectId,0,,1,VALUE,False,1,False,32,0,0.0,-40.0,1,True,25.0,4,1,,Plc Interface,1,Objeto ID PLC,PLC对象ID,SPS Objekt ID,PLC Object ID,ID du projet API,PLC - ID Oggetto,PLCオブジェクトID,PLC object id,,ПЛК ID объекта,PLC Proje ID,0,PLC ID obiektu
0,PlcPositionNumber,0,,1,VALUE,False,1,False,96,0,0.0,-40.0,1,False,25.0,4,1,,,1,,PLC位置编号,SPS Positions Nummer,PLC Position Number,Numéro de position API,PLC - Numero posizione,PLC位置番号,PLC positie nummer,,ПЛК Номер позиции,PLC Yerleşim Numarası,0,PLC Numer pozycji
,PlcSymbAdr,0,,1,VALUE,False,71,False,4160,0,0.0,-40.0,1,True,20.0,4,1,,"script ExportPlcAssignment,ImportPlcAssignment.vbs",,Dirección simbólico PLC,PLC 符号地址,SPS symbolische Adresse,PLC Symbolic Adress,API - Adresse symbolique,PLC - Indirizzo simbolico,PLC シンボリックアドレス,PLC symbolisch adres,Endereço Simbólico de PLC,ПЛК Символьный адрес,PLC Sembolik adres,0,PLC adres symboliczny
0,PlcTopology,0,,1,VALUE,False,1,False,32,0,0.0,-40.0,1,True,25.0,4,1,,,1,,PLC拓扑设备,SPS Topology Betriebsmittel,PLC Topology Device,Appareil topologique API,PLC - Dispositivo topologico,PLCトポロジ,PLC topologie toestel,,ПЛК Изделие Топологии,PLC Topoloji Cihaz,0,PLC Urządzenie topologii
0,PlcTopologyNet,0,,1,VALUE,False,1,False,4194305,0,0.0,-40.0,1,True,25.0,4,1,,,1,,PLC拓扑网络,SPS Topology Netzwerk,PLC Topology Network,Réseau topologique Api,PLC - Rete topologica,PLCトポロジネット,PLC topologie netwerk,,ПЛК Сеть Топологии,PLC Topoloji Bağlantısı,0,PLC Sieć topologii
0,PlcType,0,,1,VALUE,False,1,False,64,0,0.0,-40.0,1,True,25.0,4,1,,Plc Interface,1,Tipo de PLC,PLC 类型,SPS Typ,PLC Type,Type API,PLC - Tipo,PLC タイプ,PLC Type,Tipo de PLC,ПЛК - Тип,PLC Tipi,0,PLC Typ
0,PlcTypeIdentifier,0,,1,VALUE,False,1,False,32,0,0.0,-40.0,1,True,25.0,4,1,,,1,Tipo de identificador de PLC,PLC类型标识符,SPS Typ Identifikator,PLC Type Identifier,Identifiant de type API,PLC - Identificatore Tipo,PLCタイプ識別子,PLC type kenmerk,,ПЛК Идентификатор типа,PLCTipTanımlayıcı,0,PLC Identyfikator typu
0,PneumaticPart,0,,1,VALUE,False,1,False,133282,0,0.0,-40.0,1,True,25.0,5,1,,,1,Pieza neumática,气动部件,Pneumatikteil,Pneumatic part,Partie pneumatique,Parte pneumatica,空力部品,pneumatisch deel,Peça pneumática,Пневматическая часть,Pnömatik parça,0,Część pneumatyczna
0,Power,0,,1,VALUE,False,1,False,36,0,0.0,-40.0,1,True,25.0,4,1,,Component Attributes,1,Potencia,动力,Leistung,Power,Alimentation,Alimentazione,電力,voeding,Potência,Мощность,Güç,0,Moc
0,PowerLoss,0,,1,VALUE,False,1,False,395430,0,0.0,-40.0,1,True,25.0,4,1,,Component Attributes,1,Potencia de perdidas W,功率损耗 W,Verlustleistung W,Power loss W,Perte de puissance W,Potenza dissipata,電力損失W,vermogensverlies W,Potência dissipada W,"Потери мощности, Вт ",Güç kaybı W,0,Strata mocy W
0,Price,0,,1,VALUE,False,13,False,2099362,0,0.0,-40.0,1,True,50.0,2,1,,"report PartsMain.vbs,PartsSheet_complete.vbs",,Precio,价格,Preis,Price,Prix,Prezzo,価格,prijs,Preço,Цена,Fiyat,0,Cena
49,ProjectID,0,,1,VALUE,False,1,False,16384,0,0.0,-40.0,1,True,20.0,4,1,,,1,Nº de ID de proyecto,项目 Id,Projektnummer,Project Id,Numéro du projet,Numero di progetto,プロジェクトID,projectnummer,Id do Projeto,Идентификатор проекта,Proje Id,0,ID projektu
50,ProjectVersion,0,,1,VALUE,False,1,False,16384,0,0.0,-40.0,1,True,20.0,4,0,,,1,Versión de proyecto,项目版本,Projektversion,Project Version,Version du projet,Versione progetto,プロジェクトバージョン,projectversie,Versão do Projeto,Версия проекта,Proje Sürümü,0,Wersja projektu
0,Rack,0,,1,VALUE,False,1,False,2080,0,0.0,-40.0,1,False,25.0,4,1,,,1,Rack,支架,Baugruppenträger,Rack,Rack,Rack,ラック,rek,Rack,Рейка,Askı,0,Rack
0,ReleaseDate,0,,1,VALUE,False,1,False,16384,0,0.0,-40.0,1,True,25.0,4,1,,,1,Fecha de lanzamiento,发布日期,Freigabedatum,Release Date,Date d'autorisation,Data di rilascio,リリース日,vrijgavedatum,Lançamento - Data,Дата версии,Yayın Tarihi,0,Data wersji
0,ReleaseShortText,0,,1,VALUE,False,1,False,16384,0,0.0,-40.0,1,True,25.0,4,1,,,1,Texto corto de lanzamiento,释放简要文本,Freigabekurztext,Release Short Text,Courte description de l'autorisation,"Rilascio, sigla",リリースショートテキスト,vrijgave - korte tekst,Lançamento - Texto Curto,Заголовок версии,Yayın Kısa Metni,0,Krótki tekst wersji
0,ReleaseText,0,,1,VALUE,False,1,False,16384,0,0.0,-40.0,1,True,25.0,4,1,,,1,Texto de lanzamiento,释放用户,Freigabetext,Release Text,Description de l'autorisation,"Rilascio, descrizione",リリーステキスト,vrijgavetekst,Lançamento - Texto,Текст версии,Yayın Metni,0,Tekst wersji
0,ReleaseUser,0,,1,VALUE,False,1,False,16384,0,0.0,-40.0,1,True,25.0,4,1,,,1,Usuario de lanzamiento,释放用户 (1),Freigabebearbeiter,Release User,Autorisé par,Rilasciato da,リリースユーザ,vrijgave - bewerker,Lançamento - Usuário,Исполнитель версии,Yayın Kullanıcı,0,Użytkownik wersji
0,ReleaseVersion,0,,1,VALUE,False,1,False,16384,0,0.0,-40.0,1,True,25.0,4,1,,,1,Índice de lanzamiento,释放索引,Freigabekennzeichen,Release Index,Index de l'autorisation,Indice di rilascio,リリースインデックス,vrijgavebenaming,Lançamento - Índice,Индекс версии,Yayın Kütüğü,0,Indeks wersji
0,Revisor,1,,1,VALUE,False,1,False,199330,0,0.0,-40.0,1,True,25.0,4,0,,,1,Revisor,校核,Überprüfer,Revisor,Réviseur,Revisore,改訂者,revisor,Revisor,Проверил,Revize eden,0,Sprawdził
0,rmChangeDate,0,,1,VALUE,False,1,False,16384,2,0.0,-40.0,1,True,25.0,4,1,,RevisionManagement,,rmFechaModificación,rm修改日期,rmÄnderungsDatum,rmChangeDate,rmDateModification,rmDataModifica,変更日(rm),rmModificatiedatum,rmDatadeAlteração,rmChangeDate,rmDeğişimTarihi,0,rmDataZmiany
0,rmChangeHistory,0,,1,VALUE,False,1,False,33554432,2,0.0,-40.0,1,False,25.0,4,1,,RevisionManagement,,rmHistoriaModificación,rm修改历史,rmÄnderungsHistorie,rmChangeHistory,rmHistoireModification,rmStoricoModifiche,変更履歴(rm),rmModificatiehistorie,rmHistóricodeAlteração,rmChangeHistory,rmDeğişiklikGeçmişi,0,rmHistoriaZmiany
0,rmChangeIndex,0,,1,VALUE,False,1,False,33570816,2,0.0,-40.0,1,True,25.0,4,1,,RevisionManagement,,rmÍndiceModificación,rm修改索引,rmÄnderungsIndex,rmChangeIndex,rmIndex,rmIndiceModifiche,変更インデックス(rm),rmModificatiebenaming,rmÍndicedeAlteração,rmChangeIndex,rmDeğişimEndeks,0,rmIndeksZmiany
0,rmChangeReason,0,,1,VALUE,False,1,False,33554432,2,0.0,-40.0,1,True,25.0,4,1,,RevisionManagement,,rmMotivoModificación,rm修改原因,rmÄnderungsgrund,rmChangeReason,rmRaisonModification,rmMotivoModifica,変更理由(rm),rmWijzigingsReden,rmMotivoMudança,rmChangeReason,rmDeğişimNedeni,0,rmPowódZmiany
0,rmChangeReleased,0,,1,VALUE,False,1,False,16384,2,0.0,-40.0,1,True,25.0,5,1,,RevisionManagement,,rmModificaciónLanzada,rm修改释放,rmÄnderungsFreigabe,rmChangeReleased,rmLibérationModification,rmModificaRilasciata,変更リリース(rm),rmModificatie vrijgegeven,rmInformaçãodeAlteração,rmChangeReleased,rmDeğişimYayınlandı,0,rmZwolnienieZmiany
0,rmChangeRevision,0,,1,VALUE,False,1,False,16384,2,0.0,-40.0,1,True,25.0,4,1,,RevisionManagement,,rmRevisiónModificación,rm修订,rmÄnderungsRevision,rmChangeRevision,rmRévisionModification,rmModificaRevisione,変更リビジョン(rm),rmModificatierevisie,rmAlteração-Revisão,rmChangeRevision,rmDeğişimRevizyon,0,rmRewizjaZmiany
0,rmChangeShortText,0,,1,VALUE,False,1,False,16384,2,0.0,-40.0,1,True,25.0,4,1,,RevisionManagement,,rmTextoCortoModificación,rm修改简要文本,rmÄnderungsKürzel,rmChangeShortText,rmSigleModification,rmIndiceModifica,変更ショートテキスト(rm),rmModificatie - korte tekst,rmAlteração-TextoCurto,rmChangeShortText,rmDeğişimKısaMetni,0,rmKrótkiTekstZmiany
0,rmChangeText,0,,1,VALUE,False,1,False,33570816,2,0.0,-40.0,1,True,25.0,4,1,,RevisionManagement,,rmTextoModificación,rm修改文本,rmÄnderungsText,rmChangeText,rmTexteModification,rmDescrizioneModifica,変更テキスト(rm),rmModificatietekst,rmAlteração-Texto,rmChangeText,rmDeğişimMetni,0,rmTekstZmiany
0,rmChangeUser,0,,1,VALUE,False,1,False,16384,2,0.0,-40.0,1,True,25.0,4,1,,RevisionManagement,,rmUsuarioModificación,rm修改用户,rmÄnderungsAnwender,rmChangeUser,rmUtilisateurModification,rmUtenteModifica,変更ユーザ(rm),rmModificatiebewerker,rmAlteração-Usuário,rmChangeUser,rmDeğişimKullanıcı,0,rmUżytkownikZmiany
0,rmChangeVersion,0,,1,VALUE,False,1,False,16384,2,0.0,-40.0,1,True,25.0,4,1,,RevisionManagement,,rmVersiónModificación,rm修改版本,rmÄnderungsVersion,rmChangeVersion,rmVersionModification,rmVersioneModifica,変更バージョン(rm),rmModifiatie versie,rmAlteração-Versão,rmChangeVersion,rmDeğişimSürümü,0,rmWersjaZmiany
0,rmLastUsedLanguage,0,,1,VALUE,False,1,False,16384,2,0.0,-40.0,1,True,25.0,4,1,,RevisionManagement,,rmIdiomaUltimoUsado,rm上次使用语言,rmZuletztVerwendeteSprache,rmLastUsedLanguage,rmDernièreLangueUtilisée,rmUltimaLinguaUsata,最後に使用された言語(rm),rmLaats gebruikte taal,rmÚltimaLinguagemUsada,rmLastUsedLanguage,rmSonKullanılanDil,0,rmOstatnioUżywanyJęzyk
0,rmMaxChangeNumber,0,,1,VALUE,False,1,False,33570816,2,0.0,-40.0,1,True,25.0,1,1,,RevisionManagement,,rmNumeroMaximoCambios,rm最大修改数,rmMax.Änderungsnummer,rmMaxChangeNumber,rmNuméroMaxModification,rmNumeroMassimoModifiche,最大変更番号(rm),rmWijzigingsnummer,rmNúmeroMáximodeAlterações,rmMaxChangeNumber,rmMaksimumDeğişimNumarası,0,rmMaxLiczbaZmian
0,rmReleaseDate,0,,1,VALUE,False,1,False,33570816,2,0.0,-40.0,1,True,25.0,4,1,,RevisionManagement,,rmFechaLanzamiento,rm释放日期,rmFreigabeDatum,rmReleaseDate,rmDateLibération,rmDataRilascio,リリース日(rm),rmRelease datum,rmLançamento-Data,rmReleaseDate,rmYayımTarihi,0,rmDataZwolnienia
0,rmReleaseRevision,0,,1,VALUE,False,1,False,33570816,2,0.0,-40.0,1,True,25.0,4,1,,RevisionManagement,,rmRevisiónLanzamiento,rm修订 (1),rmFreigabeRevision,rmReleaseRevision,rmLibérationRévision,rmRilascioRevisione,リリースリビジョン(rm),rmRelease Revisie,rmLançamento-Revisão,rmReleaseRevision,rmYayınRevizyonu,0,rmRewizjaZwolnienia
0,rmReleaseShortText,0,,1,VALUE,False,1,False,33570816,2,0.0,-40.0,1,True,25.0,4,1,,RevisionManagement,,rmTextoCortoLanzamiento,rm释放简要文本,rmFreigabeKürzel,rmReleaseShortText,rmSigleLibération,rmSiglaRilascio,リリースショートテキスト(rm),rmRelease korte tekst,rmLançamento-TextoCurto,rmReleaseShortText,rmYayınKısaMetni,0,rmKrótkiTekstZwolnienia
0,rmReleaseText,0,,1,VALUE,False,1,False,33570816,2,0.0,-40.0,1,True,25.0,4,1,,RevisionManagement,,rmTextoLanzamiento,rm释放文本,rmFreigabeText,rmReleaseText,rmTexteLibération,rmDescrizioneRilascio,リリーステキスト(rm),rmRelease tekst,rmLançamento-Texto,rmReleaseText,rmYayımMetni,0,rmTekstZwolnienia
0,rmReleaseUser,0,,1,VALUE,False,1,False,33570816,2,0.0,-40.0,1,True,25.0,4,1,,RevisionManagement,,rmUsuarioLanzamiento,rm释放用户,rmFreigabeAnwender,rmReleaseUser,rmUtilisateurLibération,rmUtenteRilascio,リリースユーザ(rm),rmRelease bewerker,rmLançamento-Usuário,rmReleaseUser,rmYayımKullanıcı,0,rmUżytkownikZwolnienia
0,rmReleaseVersion,0,,1,VALUE,False,1,False,33570816,2,0.0,-40.0,1,True,25.0,4,1,,RevisionManagement,,rmVersiónLanzamiento,rm释放版本,rmFreigabeVersion,rmReleaseVersion,rmVersionLibération,rmVersioneRilascio,リリースバージョン(rm),rmRelease versie,rmLançamento-Versão,rmReleaseVersion,rmYayımSürümü,0,rmWersjaZwolnienia
0,rmVISFile,0,,1,VALUE,False,1,False,33570816,2,0.0,-40.0,1,True,25.0,4,1,,RevisionManagement,,rmArchivoVIS,rmVIS文件,rmVISDatei,rmVISFile,rmFichierVIS,rmFileVIS,VISファイル(rm),rmVIS,rmVIS,rmVISFile,rmVISDosya,0,rmPlikVIS
0,S7_Comment,0,,1,VALUE,False,1,False,4160,0,0.0,-40.0,1,True,25.0,4,1,,,1,Comentario S7,S7注释,S7 Kommentar,S7 Comment,S7 Commentaire,Commento S7,S7注釈,S7 commentaar,Comentário S7,S7 - Комментарий,S7 Açıklama,0,Komentarz S7
0,saberConnectorCurrent,0,,1,VALUE,False,1,False,1054040,0,0.0,-40.0,1,True,25.0,4,1,,,1,Saber Conector Corriente,Saber 接插件电流,Saber Stecker Strom,Saber Connector Current,Courant de connecteur Saber,Saber - corrente connettore,Saberコネクタ電流,Saber stekkerstroom,Saber Corrente do conector,Saber Ток соединителя,Saber konnektör Akım,0,Saber Prąd Złącza
0,saberConnectorPin,0,,1,VALUE,False,1,False,1054040,0,0.0,-40.0,1,False,25.0,4,1,,,1,Saber Conector Pin,Saber 接插件阵脚,Saber Stecker Anschlusspunkt,Saber Connector Pin,Broche de connecteur Saber,Saber - pin connettore,Saberコネクタピン,Saber stekkerpin,Saber Pino do conector,Saber Вывод соединителя,Saber konnektör Pin,0,Saber Pin Złącza
0,saberConnectorVoltage,0,,1,VALUE,False,1,False,1054040,0,0.0,-40.0,1,True,25.0,4,1,,,1,Saber Conector Voltaje,Saber 接插件电压,Saber Stecker Spannung,Saber Connector Voltage,Tension de connecteur Saber,Saber - tensione connettore,Saberコネクタ電圧,Saber stekkerspanning,Saber Tensão do conector,Saber Напряжение соединителя,Saber konnektör Voltaj,0,Saber Napięcie Złącza
0,saberCurrent,0,,1,VALUE,False,1,False,1054040,0,0.0,-40.0,1,True,25.0,4,1,,Saber Interface,1,Saber Corriente,Saber 电流,Saber Strom,Saber Current,Courant Saber,Saber - corrente,SABER電流,Saber stroom,Saber Corrente,Saber Ток,Saber  Akım,0,Saber Prąd
0,saberLib,0,,1,VALUE,False,1,False,328965,0,0.0,-40.0,1,True,25.0,4,1,,Saber Interface,1,Saber Biblioteca,Saber 器件库,Saber Datenbank,Saber Library,Bibliothèque Saber,Saber -  Libreria,SABERライブラリ,Saber databank,Saber Biblioteca,Saber Библиотека,Saber Kütüphane,0,Saber Biblioteka
0,saberModel,0,,1,VALUE,False,1,False,328965,0,0.0,-40.0,1,True,25.0,4,1,,Saber Interface,1,Saber Nombre de modelo,Saber 模型名称,Saber Bauformname,Saber Model Name,Nom de modèle Saber,Saber -  Nome Modello,SABERモデル名,Saber model naam,Saber Nome do Modelo,Saber Имя модели,Saber Model Adı,0,Saber Nazwa modelu
0,saberParam1,0,,1,VALUE,False,1,False,328965,0,0.0,-40.0,1,False,25.0,4,1,,Saber Interface,1,Parámetro Saber 1,Saber 参数1,Saber Parameter 1,Saber Parameter 1,Paramètre 1 Saber,Saber -  Parametro 1,SABERパラメータ1,Saber parameter 1,Saber Parâmetro 1,Saber Параметр 1,Saber Parametre 1,0,Saber Parametr 1
0,saberParam10,0,,1,VALUE,False,1,False,328965,0,0.0,-40.0,1,False,25.0,4,1,,Saber Interface,1,Parámetro Saber 10,Saber 参数10,Saber Parameter 10,Saber Parameter 10,Paramètre 10 Saber ,Saber -  Parametro 10,SABERパラメータ10,Saber parameter 10,Saber Parâmetro 10,Saber Параметр 10,Saber Parametre 10,0,Saber Parametr 10
0,saberParam11,0,,1,VALUE,False,1,False,328965,0,0.0,-40.0,1,False,25.0,4,1,,Saber Interface,1,Parámetro Saber 11,Saber 参数11,Saber Parameter 11,Saber Parameter 11,Paramètre 11 Saber ,Saber -  Parametro 11,SABERパラメータ11,Saber parameter 11,Saber Parâmetro 11,Saber Параметр 11,Saber Parametre 11,0,Saber Parametr 11
0,saberParam12,0,,1,VALUE,False,1,False,328965,0,0.0,-40.0,1,False,25.0,4,1,,Saber Interface,1,Parámetro Saber 12,Saber 参数12,Saber Parameter 12,Saber Parameter 12,Paramètre 12 Saber ,Saber -  Parametro 12,SABERパラメータ12,Saber parameter 12,Saber Parâmetro 12,Saber Параметр 12,Saber Parametre 12,0,Saber Parametr 12
0,saberParam13,0,,1,VALUE,False,1,False,328965,0,0.0,-40.0,1,False,25.0,4,1,,Saber Interface,1,Parámetro Saber 13,Saber 参数13,Saber Parameter 13,Saber Parameter 13,Paramètre 13 Saber ,Saber -  Parametro 13,SABERパラメータ13,Saber parameter 13,Saber Parâmetro 13,Saber Параметр 13,Saber Parametre 13,0,Saber Parametr 13
0,saberParam14,0,,1,VALUE,False,1,False,328965,0,0.0,-40.0,1,False,25.0,4,1,,Saber Interface,1,Parámetro Saber 14,Saber 参数14,Saber Parameter 14,Saber Parameter 14,Paramètre 14 Saber ,Saber -  Parametro 14,SABERパラメータ14,Saber parameter 14,Saber Parâmetro 14,Saber Параметр 14,Saber Parametre 14,0,Saber Parametr 14
0,saberParam15,0,,1,VALUE,False,1,False,328965,0,0.0,-40.0,1,False,25.0,4,1,,Saber Interface,1,Parámetro Saber 15,Saber 参数15,Saber Parameter 15,Saber Parameter 15,Paramètre 15 Saber ,Saber -  Parametro 15,SABERパラメータ15,Saber parameter 15,Saber Parâmetro 15,Saber Параметр 15,Saber Parametre 15,0,Saber Parametr 15
0,saberParam16,0,,1,VALUE,False,1,False,328965,0,0.0,-40.0,1,False,25.0,4,1,,Saber Interface,1,Parámetro Saber 16,Saber 参数16,Saber Parameter 16,Saber Parameter 16,Paramètre 16 Saber ,Saber -  Parametro 16,SABERパラメータ16,Saber parameter 16,Saber Parâmetro 16,Saber Параметр 16,Saber Parametre 16,0,Saber Parametr 16
0,saberParam17,0,,1,VALUE,False,1,False,328965,0,0.0,-40.0,1,False,25.0,4,1,,Saber Interface,1,Parámetro Saber 17,Saber 参数17,Saber Parameter 17,Saber Parameter 17,Paramètre 17 Saber ,Saber -  Parametro 17,SABERパラメータ17,Saber parameter 17,Saber Parâmetro 17,Saber Параметр 17,Saber Parametre 17,0,Saber Parametr 17
0,saberParam18,0,,1,VALUE,False,1,False,328965,0,0.0,-40.0,1,False,25.0,4,1,,Saber Interface,1,Parámetro Saber 18,Saber 参数18,Saber Parameter 18,Saber Parameter 18,Paramètre 18 Saber ,Saber -  Parametro 18,SABERパラメータ18,Saber parameter 18,Saber Parâmetro 18,Saber Параметр 18,Saber Parametre 18,0,Saber Parametr 18
0,saberParam19,0,,1,VALUE,False,1,False,328965,0,0.0,-40.0,1,False,25.0,4,1,,Saber Interface,1,Parámetro Saber 19,Saber 参数19,Saber Parameter 19,Saber Parameter 19,Paramètre 19 Saber ,Saber -  Parametro 19,SABERパラメータ19,Saber parameter 19,Saber Parâmetro 19,Saber Параметр 19,Saber Parametre 19,0,Saber Parametr 19
0,saberParam2,0,,1,VALUE,False,1,False,328965,0,0.0,-40.0,1,False,25.0,4,1,,Saber Interface,1,Parámetro Saber 2,Saber 参数2,Saber Parameter 2,Saber Parameter 2,Paramètre 2 Saber ,Saber -  Parametro 2,SABERパラメータ2,Saber parameter 2,Saber Parâmetro 2,Saber Параметр 2,Saber Parametre 2,0,Saber Parametr 2
0,saberParam20,0,,1,VALUE,False,1,False,328965,0,0.0,-40.0,1,False,25.0,4,1,,Saber Interface,1,Parámetro Saber 20,Saber 参数20,Saber Parameter 20,Saber Parameter 20,Paramètre 20 Saber ,Saber -  Parametro 20,SABERパラメータ20,Saber parameter 20,Saber Parâmetro 20,Saber Параметр 20,Saber Parametre 20,0,Saber Parametr 20
0,saberParam21,0,,1,VALUE,False,1,False,328965,0,0.0,-40.0,1,False,25.0,4,1,,Saber Interface,1,Parámetro Saber 21,Saber 参数21,Saber Parameter 21,Saber Parameter 21,Paramètre 21 Saber ,Saber -  Parametro 21,SABERパラメータ21,Saber parameter 21,Saber Parâmetro 21,Saber Параметр 21,Saber Parametre 21,0,Saber Parametr 21
0,saberParam22,0,,1,VALUE,False,1,False,328965,0,0.0,-40.0,1,False,25.0,4,1,,Saber Interface,1,Parámetro Saber 22,Saber 参数22,Saber Parameter 22,Saber Parameter 22,Paramètre 22 Saber ,Saber -  Parametro 22,SABERパラメータ22,Saber parameter 22,Saber Parâmetro 22,Saber Параметр 22,Saber Parametre 22,0,Saber Parametr 22
0,saberParam23,0,,1,VALUE,False,1,False,328965,0,0.0,-40.0,1,False,25.0,4,1,,Saber Interface,1,Parámetro Saber 23,Saber 参数23,Saber Parameter 23,Saber Parameter 23,Paramètre 23 Saber ,Saber -  Parametro 23,SABERパラメータ23,Saber parameter 23,Saber Parâmetro 23,Saber Параметр 23,Saber Parametre 23,0,Saber Parametr 23
0,saberParam24,0,,1,VALUE,False,1,False,328965,0,0.0,-40.0,1,False,25.0,4,1,,Saber Interface,1,Parámetro Saber 24,Saber 参数24,Saber Parameter 24,Saber Parameter 24,Paramètre 24 Saber ,Saber -  Parametro 24,SABERパラメータ24,Saber parameter 24,Saber Parâmetro 24,Saber Параметр 24,Saber Parametre 24,0,Saber Parametr 24
0,saberParam25,0,,1,VALUE,False,1,False,328965,0,0.0,-40.0,1,False,25.0,4,1,,Saber Interface,1,Parámetro Saber 25,Saber 参数25,Saber Parameter 25,Saber Parameter 25,Paramètre 25 Saber,Saber -  Parametro 25,SABERパラメータ25,Saber parameter 25,Saber Parâmetro 25,Saber Параметр 25,Saber Parametre 25,0,Saber Parametr 25
0,saberParam26,0,,1,VALUE,False,1,False,328965,0,0.0,-40.0,1,False,25.0,4,1,,Saber Interface,1,Parámetro Saber 26,Saber 参数26,Saber Parameter 26,Saber Parameter 26,Paramètre 26 Saber ,Saber -  Parametro 26,SABERパラメータ26,Saber parameter 26,Saber Parâmetro 26,Saber Параметр 26,Saber Parametre 26,0,Saber Parametr 26
0,saberParam27,0,,1,VALUE,False,1,False,328965,0,0.0,-40.0,1,False,25.0,4,1,,Saber Interface,1,Parámetro Saber 27,Saber 参数27,Saber Parameter 27,Saber Parameter 27,Paramètre 27 Saber ,Saber -  Parametro 27,SABERパラメータ27,Saber parameter 27,Saber Parâmetro 27,Saber Параметр 27,Saber Parametre 27,0,Saber Parametr 27
0,saberParam28,0,,1,VALUE,False,1,False,328965,0,0.0,-40.0,1,False,25.0,4,1,,Saber Interface,1,Parámetro Saber 28,Saber 参数28,Saber Parameter 28,Saber Parameter 28,Paramètre 28 Saber ,Saber -  Parametro 28,SABERパラメータ28,Saber parameter 28,Saber Parâmetro 28,Saber Параметр 28,Saber Parametre 28,0,Saber Parametr 28
0,saberParam29,0,,1,VALUE,False,1,False,328965,0,0.0,-40.0,1,False,25.0,4,1,,Saber Interface,1,Parámetro Saber 29,Saber 参数29,Saber Parameter 29,Saber Parameter 29,Paramètre 29 Saber ,Saber -  Parametro 29,SABERパラメータ29,Saber parameter 29,Saber Parâmetro 29,Saber Параметр 29,Saber Parametre 29,0,Saber Parametr 29
0,saberParam3,0,,1,VALUE,False,1,False,328965,0,0.0,-40.0,1,False,25.0,4,1,,Saber Interface,1,Parámetro Saber 3,Saber 参数3,Saber Parameter 3,Saber Parameter 3,Paramètre 3 Saber ,Saber -  Parametro 3,SABERパラメータ3,Saber parameter 3,Saber Parâmetro 3,Saber Параметр 3,Saber Parametre 3,0,Saber Parametr 3
0,saberParam30,0,,1,VALUE,False,1,False,328965,0,0.0,-40.0,1,False,25.0,4,1,,Saber Interface,1,Parámetro Saber 30,Saber 参数30,Saber Parameter 30,Saber Parameter 30,Paramètre 30 Saber ,Saber -  Parametro 30,SABERパラメータ30,Saber parameter 30,Saber Parâmetro 30,Saber Параметр 30,Saber Parametre 30,0,Saber Parametr 30
0,saberParam31,0,,1,VALUE,False,1,False,328965,0,0.0,-40.0,1,False,25.0,4,1,,Saber Interface,1,Parámetro Saber 31,Saber 参数31,Saber Parameter 31,Saber Parameter 31,Paramètre 31 Saber ,Saber -  Parametro 31,SABERパラメータ31,Saber parameter 31,Saber Parâmetro 31,Saber Параметр 31,Saber Parametre 31,0,Saber Parametr 31
0,saberParam32,0,,1,VALUE,False,1,False,328965,0,0.0,-40.0,1,False,25.0,4,1,,Saber Interface,1,Parámetro Saber 32,Saber 参数32,Saber Parameter 32,Saber Parameter 32,Paramètre 32 Saber ,Saber -  Parametro 32,SABERパラメータ32,Saber parameter 32,Saber Parâmetro 32,Saber Параметр 32,Saber Parametre 32,0,Saber Parametr 32
0,saberParam4,0,,1,VALUE,False,1,False,328965,0,0.0,-40.0,1,False,25.0,4,1,,Saber Interface,1,Parámetro Saber 4,Saber 参数4,Saber Parameter 4,Saber Parameter 4,Paramètre 4 Saber ,Saber -  Parametro 4,SABERパラメータ4,Saber parameter 4,Saber Parâmetro 4,Saber Параметр 4,Saber Parametre 4,0,Saber Parametr 4
0,saberParam5,0,,1,VALUE,False,1,False,328965,0,0.0,-40.0,1,False,25.0,4,1,,Saber Interface,1,Parámetro Saber 5,Saber 参数5,Saber Parameter 5,Saber Parameter 5,Paramètre 5 Saber ,Saber -  Parametro 5,SABERパラメータ5,Saber parameter 5,Saber Parâmetro 5,Saber Параметр 5,Saber Parametre 5,0,Saber Parametr 5
0,saberParam6,0,,1,VALUE,False,1,False,328965,0,0.0,-40.0,1,False,25.0,4,1,,Saber Interface,1,Parámetro Saber 6,Saber 参数6,Saber Parameter 6,Saber Parameter 6,Paramètre 6 Saber ,Saber -  Parametro 6,SABERパラメータ6,Saber parameter 6,Saber Parâmetro 6,Saber Параметр 6,Saber Parametre 6,0,Saber Parametr 6
0,saberParam7,0,,1,VALUE,False,1,False,328965,0,0.0,-40.0,1,False,25.0,4,1,,Saber Interface,1,Parámetro Saber 7,Saber 参数7,Saber Parameter 7,Saber Parameter 7,Paramètre 7 Saber ,Saber -  Parametro 7,SABERパラメータ7,Saber parameter 7,Saber Parâmetro 7,Saber Параметр 7,Saber Parametre 7,0,Saber Parametr 7
0,saberParam8,0,,1,VALUE,False,1,False,328965,0,0.0,-40.0,1,False,25.0,4,1,,Saber Interface,1,Parámetro Saber 8,Saber 参数8,Saber Parameter 8,Saber Parameter 8,Paramètre 8 Saber ,Saber -  Parametro 8,SABERパラメータ8,Saber parameter 8,Saber Parâmetro 8,Saber Параметр 8,Saber Parametre 8,0,Saber Parametr 8
0,saberParam9,0,,1,VALUE,False,1,False,328965,0,0.0,-40.0,1,False,25.0,4,1,,Saber Interface,1,Parámetro Saber 9,Saber 参数 9,Saber Parameter 9,Saber Parameter 9,Paramètre 9 Saber ,Saber -  Parametro 9,SABERパラメータ9,Saber parameter 9,Saber Parâmetro 9,Saber Параметр 9,Saber Parametre 9,0,Saber Parametr 9
0,saberPin,0,,1,VALUE,False,1,False,1054040,0,0.0,-40.0,1,False,25.0,4,1,,Saber Interface,1,Pin Saber,Saber Pin（阵脚）,Saber Anschlusspunkt,Saber Pin,Broche Saber,Saber -  Pin,SABERピン,Saber pin,Saber Pin,Saber Вывод,Saber Pin,0,Saber Pin
0,saberSimulationEnable,0,,1,VALUE,False,1,False,328965,0,0.0,-40.0,1,True,25.0,5,1,,Saber Interface,1,Permitir simulación Saber,Saber Simulation Enable,Saber Simulation Freigabe,Saber Simulation Enable,Activer Simulation Saber ,Saber -  Attiva per simulazione,SABERシミュレーション可,Saber simulatie vrijgave,Saber Permitir Simulação,Saber Моделирование включено,Saber Simulasyon Onayı,0,Saber Włącz Symulację
0,saberVoltage,0,,1,VALUE,False,1,False,1054040,0,0.0,-40.0,1,True,25.0,4,1,,Saber Interface,1,Voltaje Saber,Saber Voltage（电压）,Saber Spannung,Saber Voltage,Tension Saber,Saber -  Tensione,SABER電圧,Saber spanning,Saber Voltagem,Saber Напряжение,Saber Volt,0,Saber Napięcie
0,Scope,1,,1,VALUE,False,1,False,809500673,0,0.0,-40.0,1,True,25.0,4,0,,,1,Ámbito,范围,Bereich,Scope,Plage,Area,スコープ,bereik,Escopo,Диапазон,Alan,0,Zakres
64,SheetDate,0,,1,VALUE,False,1,False,301989888,0,0.0,-40.0,1,True,25.0,4,1,,,1,Fecha,日期,Datum,Date,Date,Data,日付,datum,Data,Дата,Tarih,0,Data
0,SheetMUPermission,0,,1,VALUE,False,1,False,301989888,0,0.0,-40.0,1,True,25.0,4,1,SheetMUPermission,,1,Permiso de hoja multi-usuario,多用户图纸权限,Multi-User Blattberechtigung,Multi-User sheet permission,Autorisation de feuille multi-utilisateur,MU - autorizzazione su pagina,マルチユーザシートパーミッション,multi user blad permissie,Permissão de folha Multi-Usuário,Право доступа к листу в многопользовательском режиме,Çoklu-Kullanıcı sayfa izni,0,Pozwolenie użytkownika MU dla arkusza
65,SheetName1,0,,1,VALUE,False,1,False,301989888,0,0.0,-40.0,1,True,25.0,4,1,,"report ContentMain.vbs,PartsMain.vbs,Connection…",1,Nombre (1),名称(1),Bezeichnung (1),Name (1),Nom (1),Denominazione (1),名称(1),benaming (1),Nome (1),Имя листа 1,İsim (1),0,Nazwa (1)
66,SheetName2,0,,1,VALUE,False,1,False,301989888,0,0.0,-40.0,1,True,25.0,4,1,,,1,Nombre (2),名称(2),Bezeichnung (2),Name (2),Nom (2),Denominazione (2),名称(2),benaming (2),Nome (2),Имя листа 2,İsim (2),0,Nazwa (2)
67,SheetType,0,,1,VALUE,False,1,False,301989888,0,0.0,-40.0,1,True,25.0,4,1,,,1,Tipo de la hoja,图纸类型,Blattart,Sheet Type,Type de feuille,Tipo pagina,シートタイプ,bladtype,Tipo de Folha,Тип листа,Sayfa Türü,0,Typ Arkusza
68,SheetUser,0,,1,VALUE,False,1,False,301989888,0,0.0,-40.0,1,True,25.0,4,1,,,1,Usuario,用户,Ersteller,User,Utilisateur,Creato da,ユーザ,gebruiker,Usuário,Исполнитель,Kullanıcı,0,Użytkownik
0,Slot,0,,1,VALUE,False,1,False,2080,0,0.0,-40.0,1,True,25.0,4,1,,,1,Ranura,插槽,Steckplatz,Slot,Socle enfichable,Slot,スロット,slot,Slot,Слот,Delik,0,Gniazdo
0,Source_DevDes,0,,1,VALUE,False,1,False,16384,0,0.0,-40.0,1,True,25.0,4,0,,script ChangeDevDes.vbs,,Designación original de objeto,源对象代号,Quell-BMK,source item designation,Désignation d'élément source,designazione materiale sorgente,ソースアイテム識別名,source toestelbenaming,designação de item principal,обозначение источника,kaynak öğe atama,0,Oznaczenie źródła elementu
0,Standard,0,,1,VALUE,False,1,False,4194305,0,0.0,-40.0,1,False,25.0,4,1,,For Standard descriptions e.g. IEC60617,1,Estándar,Standard,Norm,Standard,Norme,Norma,Standard,Standaard,Standard,Стандарт,Standard,0,Standard
0,Steering,0,,1,VALUE,False,1,False,1966110,0,0.0,-40.0,1,True,25.0,4,1,,,1,Steering,转向,Lenkung,Steering,Direction,Guida,ステアリング,stuur,Director,Рулевое управление,Yönetim,0,Sterowanie
0,Step,0,,1,VALUE,False,1,False,4196385,0,0.0,-40.0,1,False,25.0,4,1,,,,Incremento,增量,Schrittweite,Increment,Largeur incrémentielle,Passo,増量,stap,Incremento,Шаг,Artış,0,Przyrost
51,StorageDate,0,,1,VALUE,False,1,False,16384,0,0.0,-40.0,1,True,20.0,4,0,,,1,Fecha de almacenamiento de proyecto,项目储存日期,Projekt Speicherdatum,Project Storage date,Date d'enregistrement du projet,Data archiviazione progetto,プロジェクト保管日,projectregistratiedatum,Data de Armazenamento de Projeto,Дата сохранения проекта,Proje Depolama Tarihi,0,Data przechowywania projektu
0,Structure_Node_Attribute,0,,1,VALUE,False,1,False,570427555,6,0.0,-40.0,1,True,25.0,4,1,,,1,Atributo de nodo de estructura,结构节点属性,Strukturknoten-Attribut,Structure Node Attribute,Attribut de nœud de structure,Attributo nodo struttura,構造ノード属性,struktuur node attribuut,Atributo de Estrutura de Nó,Атрибут раздела структурного дерева,Düğüm Yapısı Özniteliği,0,Atrybut Węzła Struktury
0,SubProj,0,,1,VALUE,False,1,False,-2113860990,6,0.0,-40.0,1,True,25.0,4,1,,,1,Sub-proyecto,子项目,Unterprojekt,Sub-project,Sous-projet,Sotto progetto,サブプロジェクト,sub projekt,Sub-projeto,Подпроект,Alt-proje,0,Pod-projekt
0,Symbol_DatabaseEditor,1,,1,VALUE,False,1,False,272629761,0,0.0,-40.0,1,True,25.0,4,0,,,1,Generador de símbolos,符号数据编辑器,Symbolersteller,Symbol generator,Générateur de symboles,Creatore simbolo,シンボルジェネレータ,symbool generator,Gerador de símbolos,Генератор символов,Sembol üretici,0,Generator symbolu
0,Symbolpintext-extended,0,,1,VALUE,False,1,False,5440,0,0.0,-40.0,1,False,25.0,4,1,,,1,Texto extendido de pin de símbolo,符号针脚扩展文本,Erweiterter Symbol Anschlusstext,Symbol pin text extended,Texte étendu de la broche de symbole,Testo pin simbolo esteso,拡張シンボルピンテキスト,symbool pin text (vergrotert),Texto extendido de símbolo de pino,Дополнительная надпись символа вывода,Sembol pin metni uzun,0,Tekst symbolu pinu rozszerzony
39,Techdat1,0,,1,VALUE,False,50,False,537004066,16,0.0,-40.0,1,True,20.0,4,1,,Component Attributes,,Datos Técnicos 1,技术描述 1,Technische Beschreibung 1,Technical description 1,Données techniques 1,Descrizione tecnica 1,技術表記1,technische beschrijving 1,Descrição técnica 1,Тех. описание 1,Teknik açıklama 1,0,Opis Techniczny 1
46,Techdat2,0,,1,VALUE,False,51,False,133154,16,0.0,-40.0,1,True,20.0,4,1,,Component Attributes,,Datos Técnicos 2,技术描述 2,Technische Beschreibung 2,Technical description 2,Données techniques 2,Descrizione tecnica 2,技術表記2,technische beschrijving 2,Descrição técnica 2,Тех. описание 2,Teknik açıklama  2,0,Opis Techniczny 2
44,Techdat3,0,,1,VALUE,False,52,False,133154,16,0.0,-40.0,1,True,20.0,4,1,,Component Attributes,,Datos Técnicos 3,技术描述 3,Technische Beschreibung 3,Technical description 3,Données techniques 3,Descrizione tecnica 3,技術表記3,technische beschrijving 3,Descrição técnica 3,Тех. описание 3,Teknik açıklama  3,0,Opis Techniczny 3
,Techdat4,0,,1,VALUE,False,53,False,133154,16,0.0,-40.0,1,False,20.0,4,1,,Component Attributes,,Datos Técnicos 4,技术描述 4,Technische Beschreibung 4,Technical description 4,Données techniques 4,Descrizione tecnica 4,技術表記4,technische beschrijving 4,Descrição técnica 4,Тех. описание 4,Teknik açıklama  4,0,Opis Techniczny 4
,Techdat5,0,,1,VALUE,False,54,False,133154,16,0.0,-40.0,1,True,20.0,4,1,,Component Attributes,,Datos Técnicos 5,技术描述 5,Technische Beschreibung 5,Technical description 5,Données techniques 5,Descrizione tecnica 5,技術表記5,technische beschrijving 5,Descrição técnica 5,Тех. описание 5,Teknik açıklama  5,0,Opis Techniczny 5
0,TerminalGroupCode,0,,1,VALUE,False,1,False,2080,0,0.0,-40.0,1,True,25.0,4,1,,,1,Código de grupo borne,端子组代码,Klemmengruppen Code,Terminal Group Code,Code de groupe de bornes,Codice gruppo morsetto,ターミナルグループコード,klemmengroep code,Código de Grupo de Bornes,Код группы клемм,Terminal Grup Kod,0,Kod Grupy Złączek
,TermPlanAssignedSymbol,0,,1,VALUE,False,1,False,2080,0,0.0,-40.0,1,True,20.0,4,1,,,,Símbolo para plan de manguera,电缆图符号,Symbol für Klemmenanschlussplan,Symbol for cable plan,Symbole pour plan de câbles,Simbolo per schema cavi,ケーブルプラン用シンボル,symbool voor kabelplan,Símbolo para planilha de cabos,Символ для схемы кабелей,Kablo planı için sembol,0,Symbol dla zestawienia kabli
0,Total_CrossSection,0,,1,VALUE,False,1,False,5440,0,0.0,-40.0,1,True,25.0,2,1,,script MinMaxCrosssection.vbs,,Sección cruzada máx. total de hilos (mm²),最大电线横截面(mm²),Max. Gesamtdrahtquerschnitt (mm²),"Max. wire cross-section (mm²), total","Section max. de fil (mm²), totale",Sezione massima totale fili (mm²),最大ワイヤ断面積(mm²)、総計,"max. draad doorsnede (mm²), totaal","Seção Máxima de Fio (mm²), total",Макс. общее сечение провода (мм²),"Maksimum tel kesiti (mm²), toplam",0,"Max. przekrój przewodu (mm²), całkowity"
52,TransferDate,0,,1,VALUE,False,1,False,16384,0,0.0,-40.0,1,True,20.0,4,1,,,1,Fecha transferencia proyecto,项目传送日期,Projekt Transferdatum,Project Transfer date,Date de transfert du projet,Data trasferimento progetto,プロジェクト移管日,projecttransferdatum,Data de Transferência do Projeto,Дата передачи проекта,Proje Transferi tarihi,0,Data Transferu Projektu
0,Transmission,0,,1,VALUE,False,1,False,1966110,0,0.0,-40.0,1,True,25.0,4,1,,Leitungs-Konfigurator.exe,1,Transmission,Transmission,Getriebe,Transmission,Transmission,Trasmissione,トランスミッション,transmission,Transmissão,Трансмиссия,İletim,0,Transmisja
0,UL,0,,1,VALUE,False,1,False,393222,0,0.0,-40.0,1,True,25.0,4,1,,Component Attributes,1,Permiso UL,UL许可,Zulassung UL,Permission UL,Admission UL,Certificazione UL,UL認可,toestemming UL,Permissão UL,Допуск UL,UL İzni,0,Pozwolenie UL
0,Voltage,0,,1,VALUE,False,1,False,393222,0,0.0,-40.0,1,True,25.0,4,1,,Component Attributes,1,Voltaje Uo/U,电压Uo/U,Spannung Uo/U,Voltage Uo/U,Tension Uo/U,Tensione Uo/U,電圧Uo/U,spanning Uo/U,Tensão Uo/U,Напряжение Uo/U,Voltaj Uo/U,0,Napięcie Uo/U
0,Weight,0,,1,VALUE,False,1,False,395430,0,0.0,-40.0,1,True,25.0,4,1,,Component Attributes,1,Peso,重量,Gewicht,Weight,Poids,Peso,重量,gewicht,Peso,Масса,Ağırlık,0,Waga
0,widgenDestinationInfo,0,,1,VALUE,False,1,False,5376,0,0.0,-40.0,1,True,25.0,4,1,,WIDGEN,1,WIDGEN Información de destino,WIDGEN 目标信息,WIDGEN Ziel Information,WIDGEN Destination Info,Informations de destination WIDGEN,WIDGEN - Info Destinazione,WIDGEN デスティネーション情報,WIDGEN eind info,WIDGEN Informação de Destino,WIDGEN Инфо адреса соединения,WIDGEN Hedef Bilgisi,0,WIDGEN Informacja Celu
0,widgenHarnessConfiguration,0,,1,VALUE,False,1,False,4,0,0.0,-40.0,1,True,25.0,4,1,,WIDGEN,1,WIDGEN Configuración de arnés ,WIDGEN 线束配置,WIDGEN Leitungssatz Konfiguration,WIDGEN Harness Configuration,Configuration de harnais WIDGEN ,WIDGEN - Configurazione Harness,WIDGEN ハーネスコンフィグ,WIDGEN harness konfiguration,WIDGEN Configuração do Chicote,WIDGEN Конфигурация жгута,WIDGEN Kablolama Konfigürasyonu,0,WIDGEN Konfiguracja Wiązki
0,widgenPindescription,0,,1,VALUE,False,1,False,5376,0,0.0,-40.0,1,True,25.0,4,1,,WIDGEN,1,WIDGEN Descripción de pin,WIDGEN 管脚描述,WIDGEN Anschlusspunktbeschreibung,WIDGEN Pin Description,Description de broche WIDGEN ,WIDGEN - Descrizione Pin,WIDGEN ピン表記,WIDGEN pin beschrijving,WIDGEN Descrição do Pino,WIDGEN Описание вывода,WIDGEN Pin Açıklaması,0,WIDGEN Opis Pinu
0,widgenPinDestinationRecord,0,,1,VALUE,False,1,False,5376,0,0.0,-40.0,1,False,25.0,4,1,,WIDGEN,1,WIDGEN Registro de destino de pin,WIDGEN 管脚目标记录,WIDGEN Zielanschlusspunkt Record,WIDGEN Pin Destination Record,Enregistrement de destination de broche WIDGEN,WIDGEN - Descrizione Pin record,WIDGEN ピンデスティネーションレコード,WIDGEN pin eind record,WIDGEN Registro de destino do pino,WIDGEN Запись назначения вывода,WIDGEN Pin Hedef Kaydı,0,WIDGEN Zapis Celu Pinów
0,widgenSignalInfo,0,,1,VALUE,False,1,False,7172,0,0.0,-40.0,1,True,25.0,4,1,,WIDGEN,1,WIDGEN Información de señal,WIDGEN 信号信息,WIDGEN Signal Information,WIDGEN Signal Info,Infos de signal WIDGEN ,WIDGEN - Info Segnale,WIDGEN 信号情報,WIDGEN signaal info,WIDGEN Informação de Sinal,WIDGEN Инфо цепи,WIDGEN Sinyal bilgisi,0,WIDGEN Informacja o Sygnale
0,widgenVariantFamily,0,,1,VALUE,False,1,False,4,0,0.0,-40.0,1,True,25.0,4,1,,WIDGEN,1,WIDGEN Familia de variante,WIDGEN 变量族 ,WIDGEN Varianten Familie,WIDGEN Variant Family,Famille de variantes WIDGEN,WIDGEN - Familia Variante,WIDGEN 仕向けファミリー,WIDGEN variant groep,WIDGEN Família de Variante,WIDGEN Вариант - Семейство,WIDGEN Değişken Kümesi,0,WIDGEN Wariant Rodziny
0,widgenVariantOption,0,,1,VALUE,False,1,False,4,0,0.0,-40.0,1,True,25.0,4,1,,WIDGEN,1,WIDGEN Opción de variante,WIDGEN 变量选项,WIDGEN Varianten Option,WIDGEN Variant Option,Option de variante WIDGEN,WIDGEN - Opzione Variante,WIDGEN 仕向けオプション,WIDGEN variant option,WIDGEN Opção de Variante,WIDGEN Вариант - Опция,WIDGEN Değişken Ayarları,0,WIDGEN Opcja Wariantu
0,widgenWireType,0,,1,VALUE,False,1,False,4,0,0.0,-40.0,1,True,25.0,4,1,,WIDGEN,1,WDIGEN Tipo de hilo,WIDGEN 线型,WIDGEN Drahttyp,WIDGEN Wire Type,Type de fil WIDGEN ,WIDGEN - Tipo Filo,WIDGEN ワイヤタイプ,WIDGEN draad type,WIDGEN Tipo de Fio,WIDGEN Тип провода,WIDGEN Tel Tipi,0,WIDGEN Typ Przewodu
,WireNumber,0,,1,VALUE,False,1,True,16777216,0,0.0,-40.0,1,True,20.0,4,1,,"report ConnectionMain.vbs,WireNumberMain.vbs",,Nº de hilo,线号,Drahtnummer,Wire number,Numéro de fil,Numero filo,ワイヤ番号,draadnummer,Número do fio,Номер провода,tel numarası,0,Numer Przewodu
0,WireNumber_Add,0,,1,VALUE,False,1,False,4,0,0.0,-40.0,1,True,25.0,4,1,,,1,Número adicional de hilo,附加线号,Zusatz zur Drahtnummer,Additional Wire number,Numéro de fil supplémentaire,Aggiunta al numero filo,追加ワイヤ番号,extra draadnummer,Número de Fio Adicional,Дополнительный номер провода,Ek Tel numarası,0,Dodatkowy Numer Przewodu
0,WireNumber_Wire,0,,1,VALUE,False,1,False,4,0,0.0,-40.0,1,True,25.0,4,1,,,1,Número de hilo (vena),线号(导线),Drahtnummer (Ader),Wire Number (Core),Numéro de fil (brin),Numero filo (conduttore),ワイヤ番号(コア),draadnummer (ader),Número de Fio (Condutor),Номер провода (жилы),Tel Numarası (Kod),0,Numer Przewodu (żyła)
0,Attr4ViewSymbol,0,,1,VALUE,False,1,False,27140126,1020,0.0,-40.0,1,False,25.0,4,1,,,1,,视图符号的使用属性,Attribut das vom Ansichten-Symbol benutzt wird,Attribute for use from View Symbol,Attribut à utiliser par le symbole de vue,Attributo da usare dal simbolo di vista,ビューシンボルからの使用属性,Attribuut gebruikt door weergave symbool,,Атрибут для использования из символа изображения,,0,Atrybut z widoku symbolu
,Class_polish,0,,1,VALUE,False,1,False,809631776,16,0.0,-40.0,1,True,20.0,4,1,,DatabaseClass,,,数据库类 波兰语,Datenbankklasse polnisch,Database Class Polish,Classe de base de données Polonais,Classe database polacco,データベースクラス(ポーランド語),Databank klasse Pools,,База данных - Класс - Польский,Veritabanı Sınıfı Lehçe,0,Klasa bazy danych Polski
0,.HISTORY_TSREPAIR_SUMMARY,1,,1,VALUE,False,1,False,16384,0,0.0,-40.0,1,False,25.0,4,0,,,1,,,Historie - Zeitpunkt reparieren Überblick,History - date of repairing summary,,,,,,,,0,
0,SUBTYP,1,,1,VALUE,False,1,True,272629761,0,0.0,-40.0,1,True,25.0,1,0,,,,,,,,,,,,,,,0,
0,AttrFileSTP,0,,1,VALUE,False,1,False,536939169,0,0.0,0.0,1,True,25.0,4,1,,,,,,,Attr File STP,,,,,,,,0,
0,Description_rumanian,0,,1,VALUE,False,1,False,809700003,16,0.0,-40.0,1,True,20.0,4,1,,,,,,,Database Description Romanian,,,,,,,,0,
0,AttrFile6,0,,1,VALUE,False,1,False,536939169,0,0.0,0.0,1,True,25.0,4,1,,,,,,,Attr File 6 (Product photo),,,,,,,,0,
0,AttrFileJPG,0,,1,VALUE,False,1,False,536939169,0,0.0,0.0,1,True,25.0,4,1,,,,,,,Attr File JPG (Thumbnail),,,,,,,,0,
,Class_hungarian,0,,1,VALUE,False,1,False,809631776,16,0.0,-40.0,1,True,20.0,4,1,,DatabaseClass,,,,Datenbankklasse ungarisch,Database Class Hungarian,Database Class Hungarian,Database Class Hungarian,Database Class Hungarian,Database Class Hungarian,Database Class Hungarian,Database Class Hungarian,Database Class Hungarian,0,
,Class_rumanian,0,,1,VALUE,False,1,False,809631776,16,0.0,-40.0,1,True,20.0,4,1,,DatabaseClass,,,,Datenbankklasse rumänisch,Database Class Romanian,,,,,,,,0,
,Description_hungarian,0,,1,VALUE,False,1,False,809631776,16,0.0,-40.0,1,True,20.0,4,1,,,,Database Description  Hungarian,Database Description  Hungarian,Datenbankbeschreibung ungarisch,Database Description Hungarian,Database Description  Hungarian,Database Description  Hungarian,Database Description  Hungarian,Database Description  Hungarian,Database Description  Hungarian,Database Description  Hungarian,Database Description  Hungarian,0,
0,.HARNESS_FOLDER_PATH,1,,1,VALUE,False,1,False,16384,0,0.0,-40.0,1,True,25.0,4,0,,,,,,,Harness Drawings Folder Path,,,,,,,,0,
0,.HISTORY_PANLINK_VERSION,1,,1,VALUE,False,1,False,16384,0,0.0,-40.0,1,False,25.0,4,0,,,1,,,,,,,,,,,,0,
,Description_czech,0,,1,VALUE,False,1,False,809631776,16,0.0,-40.0,1,True,20.0,4,1,,,,,,Datenbankbeschreibung tschechisch,Database Description Czech,,,,,,,,0,
,Description_danish,0,,1,VALUE,False,1,False,809631776,16,0.0,-40.0,1,True,20.0,4,1,,,,,,Datenbankbeschreibung dänisch,Database Description Danish,,,,,,,,0,
,Description_finnish,0,,1,VALUE,False,1,False,809631776,16,0.0,-40.0,1,True,20.0,4,1,,,,,,Datenbankbeschreibung finnisch,Database Description Finnish,,,,,,,,0,
,Description_greek,0,,1,VALUE,False,1,False,809631776,16,0.0,-40.0,1,True,20.0,4,1,,"report PartsMain.vbs,PartsSheet_complete.vbs",1,,,Datenbankbeschreibung griechisch,Database Description Greek,,,,,,,,0,
,Description_slovenian,0,,1,VALUE,False,1,False,809631776,16,0.0,-40.0,1,True,20.0,4,1,,"report PartsMain.vbs,PartsSheet_complete.vbs",,,,Datenbankbeschreibung slowenisch,Database Description Slovene,,,,,,,,0,
,Description_swedish,0,,1,VALUE,False,1,False,809631776,16,0.0,-40.0,1,True,20.0,4,1,,"report PartsMain.vbs,PartsSheet_complete.vbs",,,,Datenbankbeschreibung schwedisch,Database Description Swedish,,,,,,,,0,
,Description_korean,0,,1,VALUE,False,1,False,809631776,16,0.0,-40.0,1,True,20.0,4,1,,"report PartsMain.vbs,PartsSheet_complete.vbs",1,,,Datenbankbeschreibung koreanisch,Database Description Korean,,,,,,,,0,
,Description_norwegian,0,,1,VALUE,False,1,False,809631776,16,0.0,-40.0,1,True,20.0,4,1,,,,,,Datenbankbeschreibung norwegisch,Database Description Norwegian,,,,,,,,0,
0,.HISTORY_IV_DP,1,,1,VALUE,False,1,False,16384,0,0.0,-40.0,1,False,25.0,4,0,,,1,,,,,,,,,,,,0,
0,.HISTORY_IV_DR,1,,1,VALUE,False,1,False,16384,0,0.0,-40.0,1,False,25.0,4,0,,,1,,,,,,,,,,,,0,
0,.HISTORY_IV_EN,1,,1,VALUE,False,1,False,16384,0,0.0,-40.0,1,False,25.0,4,0,,,1,,,,,,,,,,,,0,
0,.IS_JOINT_CONNECTOR_SYMBOL,1,,1,VALUE,False,1,False,4194305,0,0.0,-40.0,1,True,25.0,5,0,,,1,,,,Use as Joint Connector symbol,,,,,,,,0,
0,PlcArticleNumber,0,,1,VALUE,False,1,False,32,0,0.0,-40.0,1,True,25.0,4,1,,,1,,,,PLC Article Number,,,,,,,,0,
0,PlcChannelDescription,0,,1,VALUE,False,1,False,5440,0,0.0,-40.0,1,True,25.0,4,1,,,1,,,,PLC Channel Description,,,,,,,,0,
0,.HISTORY_PATH_EDA_FILE,1,,1,VALUE,False,1,False,16384,0,0.0,-40.0,1,False,25.0,4,0,,,1,,,,,,,,,,,,0,
0,.HISTORY_TSAUTO_SAVE,1,,1,VALUE,False,1,False,16384,0,0.0,-40.0,1,False,25.0,4,0,,,1,,,,,,,,,,,,0,
0,.HISTORY_TSSAVE_LAST,1,,1,VALUE,False,1,False,16384,0,0.0,-40.0,1,False,25.0,4,0,,,1,,,,,,,,,,,,0,
0,.ROUTE_TARGET_NUMBER,1,,1,VALUE,False,1,False,64,0,0.0,-40.0,1,True,25.0,4,0,,,,,,,Route Target Number,,,,,,,,0,
0,.VARIATION_FILE_NAME,1,,1,VALUE,False,1,False,16384,0,0.0,-40.0,1,True,25.0,4,0,,,,,,,Variation File Name,,,,,,,,0,
0,.VARIATION_FOLDER_PATH,1,,1,VALUE,False,1,False,16384,0,0.0,-40.0,1,True,25.0,4,0,,,,,,,Variation Folder Path,,,,,,,,0,
96,AttrFile5,0,,1,VALUE,False,1,False,536873121,0,0.0,0.0,1,True,25.0,4,1,,,,,,Attr Datei 5 (Schaltplan),Attr File 5 (Circuit diagram),,,,,,,,0,
95,AttrFileBMP,0,,1,VALUE,False,1,False,536873121,0,0.0,0.0,1,True,25.0,4,1,,,,,,Attr Datei BMP,Attr File BMP,,,,,,,,0,
95,AttrFileDXF,0,,1,VALUE,False,1,False,536873121,0,0.0,0.0,1,True,25.0,4,1,,,,,,Attr Datei DXF,Attr File DXF,,,,,,,,0,
97,AttrFileTIF,0,,1,VALUE,False,1,False,536873121,0,0.0,0.0,1,True,25.0,4,1,,,,,,Attr Datei TIF,Attr File TIF,,,,,,,,0,
,Attr Spannung,0,,1,VALUE,False,1,False,2208,0,0.0,0.0,1,True,25.0,4,1,,,,,,Attr Spannung,Attr Voltage,,,,,,,,0,
,Attr Strom,0,,1,VALUE,False,1,False,2208,0,0.0,0.0,1,True,25.0,4,1,,,,,,Attr Strom,Attr Current,,,,,,,,0,
,Class_czech,0,,1,VALUE,False,1,False,809631776,16,0.0,-40.0,1,True,20.0,4,1,,DatabaseClass,,,,Datenbankklasse tschechisch,Database Class Czech,,,,,,,,0,
,Class_danish,0,,1,VALUE,False,1,False,809631776,16,0.0,-40.0,1,True,20.0,4,1,,DatabaseClass,,,,Datenbankklasse dänisch,Database Class Danish,,,,,,,,0,
,Class_finnish,0,,1,VALUE,False,1,False,809631776,16,0.0,-40.0,1,True,20.0,4,1,,DatabaseClass,,,,Datenbankklasse finnisch,Database Class Finnish,,,,,,,,0,
,Class_greek,0,,1,VALUE,False,1,False,809631776,16,0.0,-40.0,1,True,20.0,4,1,,DatabaseClass,1,,,Datenbankklasse griechisch,Database Class Greek,,,,,,,,0,
,Class_korean,0,,1,VALUE,False,1,False,809631776,16,0.0,-40.0,1,True,20.0,4,1,,DatabaseClass,,,,Datenbankklasse koreanisch,Database Class Korean,,,,,,,,0,
,Class_norwegian,0,,1,VALUE,False,1,False,809631776,16,0.0,-40.0,1,True,20.0,4,1,,DatabaseClass,,,,Datenbankklasse norwegisch,Database Class Norwegian,,,,,,,,0,
,Class_slovenian,0,,1,VALUE,False,1,False,809631776,16,0.0,-40.0,1,True,20.0,4,1,,DatabaseClass,,,,Datenbankklasse slowenisch,Database Class Slovene,,,,,,,,0,
,Class_swedish,0,,1,VALUE,False,1,False,809631776,16,0.0,-40.0,1,True,20.0,4,1,,DatabaseClass,,,,Datenbankklasse schwedisch,Database Class Swedish,,,,,,,,0,
,Description_polish,0,,1,VALUE,False,1,False,809631776,16,0.0,-40.0,1,True,20.0,4,1,,"report PartsMain.vbs,PartsSheet_complete.vbs",,,数据库描述 波兰语,Datenbankbeschreibung polnisch,Database Description Polish,Description de base de données Polonais,Descrizione database polacco,データベース表記(ポーランド語),Databank beschrijving Pools,,База данных - Описание - Польское,Veritabanı Açıklama Lehçe,0,Opis bazy danych Polski
0,.HD_DRAW_FILL_COLOR,1,,1,VALUE,True,1,False,32,0,0.0,-40.0,1,True,25.0,1,0,,,,,HarnessDesigner Drawing 填充色,HarnessDesigner Zeichnung Füll Farbe,HarnessDesigner Drawing Fill Color,HarnessDesigner Dessin Couleur de remplissage ,HarnessDesigner - colore riempimento,HarnessDesigner 描画塗りつぶし色,HarnessDesigner tekening vulkleur,,HarnessDesigner Чертеж - Цвет заливки,Harness Tasarımı çizimini doldurma rengi,0,Kolor wypełnienia schematu HarnessDesigner
0,.HD_DRAW_FILL_TYPE,1,,1,VALUE,True,1,False,32,0,0.0,-40.0,1,True,25.0,1,0,,,,,HarnessDesigner Drawing 填充类型,HarnessDesigner Zeichnung Füll Type,HarnessDesigner Drawing Fill Type,HarnessDesigner Dessin Type de remplissage,HarnessDesigner - stile riempimento,HarnessDesigner 描画塗りつぶしタイプ,HarnessDesigner tekening vultype,,HarnessDesigner Чертеж - Тип заливки,Harness Tasarımı çizimini doldurma tipi,0,Typ wypełnienia schematu HarnessDesigner
0,.HD_DRAW_LINE_COLOR,1,,1,VALUE,True,1,False,32,0,0.0,-40.0,1,True,25.0,1,0,,,,,HarnessDesigner Drawing 线色,HarnessDesigner Zeichnung Linie Farbe,HarnessDesigner Drawing Linie Color,HarnessDesigner Dessin Couleur de ligne,HarnessDesigner - colore linea,HarnessDesigner 描画線色,HarnessDesigner tekening lijnkleur,,HarnessDesigner Чертеж - Цвет линии,Harness Tasarımı çiziminin çizgi rengi,0,Kolor linii schematu HarnessDesigner
0,.HD_DRAW_LINE_TYPE,1,,1,VALUE,True,1,False,32,0,0.0,-40.0,1,True,25.0,1,0,,,,,HarnessDesigner Drawing 线型,HarnessDesigner Zeichnung Linie Type,HarnessDesigner Drawing Linie Type,HarnessDesigner Dessin Type de ligne,HarnessDesigner - stile linea,HarnessDesigner 描画線種,HarnessDesigner tekening lijntype,,HarnessDesigner Чертеж - Тип линии,Harness Tasarımı çiziminin çizgi tipi,0,Typ linii schematu HarnessDesigner
0,.HD_DRAW_LINE_WIDTH,1,,1,VALUE,True,1,False,32,0,0.0,-40.0,1,True,25.0,2,0,,,,,HarnessDesigner Drawing 线宽,HarnessDesigner Zeichnung Linie Breite,HarnessDesigner Drawing Linie Width,HarnessDesigner Dessin ,HarnessDesigner - spessore linea,HarnessDesigner 描画線幅,HarnessDesigner tekening lijnbreedte,,HarnessDesigner Чертеж - Толщина линии,Harness Tasarımı çiziminin çizgi genişliği,0,Szerokość linii schematu HarnessDesigner
