Structure,Data,TreeType,Active
Ana Klas+Klas türkçe,b'<\x00R\x00o\x00o\x00t\x00>\x00\n\x00\t\x00<\x00D\x00a\x00t\x00a\x00>\x00\n\x00\t\x00\t\x00<\x00S\x00t\x00r\x00u\x00c\x00t\x00u\x00r\x00e\x00>\x00\n\x00\t\x00\t\x00\t\x00<\x00A\x00t\x00t\x00r\x00i\x00b\x00u\x00t\x00e\x00>\x00C\x00l\x00a\x00s\x00s\x00<\x00/\x00A\x00t\x00t\x00r\x00i\x00b\x00u\x00t\x00e\x00>\x00\n\x00\t\x00\t\x00\t\x00<\x00D\x00i\x00r\x00e\x00c\x00t\x00i\x00o\x00n\x00>\x000\x00<\x00/\x00D\x00i\x00r\x00e\x00c\x00t\x00i\x00o\x00n\x00>\x00\n\x00\t\x00\t\x00\t\x00<\x00I\x00n\x00f\x00o\x00>\x000\x00<\x00/\x00I\x00n\x00f\x00o\x00>\x00\n\x00\t\x00\t\x00\t\x00<\x00O\x00r\x00d\x00e\x00r\x00>\x001\x00<\x00/\x00O\x00r\x00d\x00e\x00r\x00>\x00\n\x00\t\x00\t\x00<\x00/\x00S\x00t\x00r\x00u\x00c\x00t\x00u\x00r\x00e\x00>\x00\n\x00\t\x00\t\x00<\x00S\x00t\x00r\x00u\x00c\x00t\x00u\x00r\x00e\x00>\x00\n\x00\t\x00\t\x00\t\x00<\x00A\x00t\x00t\x00r\x00i\x00b\x00u\x00t\x00e\x00>\x00C\x00l\x00a\x00s\x00s\x00_\x00t\x00u\x00r\x00k\x00c\x00e\x00<\x00/\x00A\x00t\x00t\x00r\x00i\x00b\x00u\x00t\x00e\x00>\x00\n\x00\t\x00\t\x00\t\x00<\x00D\x00i\x00r\x00e\x00c\x00t\x00i\x00o\x00n\x00>\x000\x00<\x00/\x00D\x00i\x00r\x00e\x00c\x00t\x00i\x00o\x00n\x00>\x00\n\x00\t\x00\t\x00\t\x00<\x00I\x00n\x00f\x00o\x00>\x002\x00<\x00/\x00I\x00n\x00f\x00o\x00>\x00\n\x00\t\x00\t\x00\t\x00<\x00O\x00r\x00d\x00e\x00r\x00>\x002\x00<\x00/\x00O\x00r\x00d\x00e\x00r\x00>\x00\n\x00\t\x00\t\x00<\x00/\x00S\x00t\x00r\x00u\x00c\x00t\x00u\x00r\x00e\x00>\x00\n\x00\t\x00\t\x00<\x00U\x00s\x00e\x00d\x00N\x00a\x00m\x00e\x00>\x00\n\x00\t\x00\t\x00\t\x00<\x00C\x00o\x00m\x00p\x00o\x00n\x00e\x00n\x00t\x00s\x00>\x00_\x00#\x00_\x00C\x00O\x00M\x00P\x00O\x00N\x00E\x00N\x00T\x00N\x00A\x00M\x00E\x00_\x00#\x00_\x00<\x00/\x00C\x00o\x00m\x00p\x00o\x00n\x00e\x00n\x00t\x00s\x00>\x00\n\x00\t\x00\t\x00\t\x00<\x00I\x00C\x00o\x00m\x00p\x00o\x00n\x00e\x00n\x00t\x00>\x00D\x00e\x00s\x00c\x00r\x00i\x00p\x00t\x00i\x00o\x00n\x00_\x00e\x00n\x00g\x00l\x00i\x00s\x00h\x00<\x00/\x00I\x00C\x00o\x00m\x00p\x00o\x00n\x00e\x00n\x00t\x00>\x00\n\x00\t\x00\t\x00<\x00/\x00U\x00s\x00e\x00d\x00N\x00a\x00m\x00e\x00>\x00\n\x00\t\x00\t\x00<\x00U\x00s\x00e\x00d\x00N\x00a\x00m\x00e\x00>\x00\n\x00\t\x00\t\x00\t\x00<\x00W\x00i\x00r\x00e\x00s\x00>\x00_\x00#\x00_\x00W\x00I\x00R\x00E\x00N\x00A\x00M\x00E\x00_\x00#\x00_\x00<\x00/\x00W\x00i\x00r\x00e\x00s\x00>\x00\n\x00\t\x00\t\x00\t\x00<\x00I\x00W\x00i\x00r\x00e\x00>\x00_\x00#\x00_\x00C\x00O\x00R\x00E\x00C\x00R\x00O\x00S\x00S\x00_\x00#\x00_\x00<\x00/\x00I\x00W\x00i\x00r\x00e\x00>\x00\n\x00\t\x00\t\x00<\x00/\x00U\x00s\x00e\x00d\x00N\x00a\x00m\x00e\x00>\x00\n\x00\t\x00\t\x00<\x00U\x00s\x00e\x00d\x00N\x00a\x00m\x00e\x00>\x00\n\x00\t\x00\t\x00\t\x00<\x00S\x00y\x00m\x00b\x00o\x00l\x00s\x00>\x00_\x00#\x00_\x00S\x00Y\x00M\x00B\x00O\x00L\x00N\x00A\x00M\x00E\x00_\x00#\x00_\x00<\x00/\x00S\x00y\x00m\x00b\x00o\x00l\x00s\x00>\x00\n\x00\t\x00\t\x00\t\x00<\x00I\x00S\x00y\x00m\x00b\x00o\x00l\x00>\x00D\x00e\x00s\x00c\x00r\x00i\x00p\x00t\x00i\x00o\x00n\x00_\x00e\x00n\x00g\x00l\x00i\x00s\x00h\x00<\x00/\x00I\x00S\x00y\x00m\x00b\x00o\x00l\x00>\x00\n\x00\t\x00\t\x00<\x00/\x00U\x00s\x00e\x00d\x00N\x00a\x00m\x00e\x00>\x00\n\x00\t\x00\t\x00<\x00U\x00s\x00e\x00d\x00N\x00a\x00m\x00e\x00>\x00\n\x00\t\x00\t\x00\t\x00<\x00M\x00o\x00d\x00e\x00l\x00s\x00>\x00_\x00#\x00_\x00M\x00O\x00D\x00E\x00L\x00N\x00A\x00M\x00E\x00_\x00#\x00_\x00<\x00/\x00M\x00o\x00d\x00e\x00l\x00s\x00>\x00\n\x00\t\x00\t\x00\t\x00<\x00I\x00M\x00o\x00d\x00e\x00l\x00>\x00D\x00e\x00s\x00c\x00r\x00i\x00p\x00t\x00i\x00o\x00n\x00<\x00/\x00I\x00M\x00o\x00d\x00e\x00l\x00>\x00\n\x00\t\x00\t\x00<\x00/\x00U\x00s\x00e\x00d\x00N\x00a\x00m\x00e\x00>\x00\n\x00\t\x00\t\x00<\x00U\x00s\x00e\x00d\x00N\x00a\x00m\x00e\x00>\x00\n\x00\t\x00\t\x00\t\x00<\x00I\x00C\x00o\x00r\x00e\x00>\x00_\x00#\x00_\x00C\x00O\x00R\x00E\x00C\x00R\x00O\x00S\x00S\x00_\x00#\x00_\x00<\x00/\x00I\x00C\x00o\x00r\x00e\x00>\x00\n\x00\t\x00\t\x00<\x00/\x00U\x00s\x00e\x00d\x00N\x00a\x00m\x00e\x00>\x00\n\x00\t\x00<\x00/\x00D\x00a\x00t\x00a\x00>\x00\n\x00<\x00/\x00R\x00o\x00o\x00t\x00>\x00\n\x00\x00\x00',3,False
Class chinese,b'<\x00R\x00o\x00o\x00t\x00>\x00\n\x00\t\x00<\x00D\x00a\x00t\x00a\x00>\x00\n\x00\t\x00\t\x00<\x00S\x00t\x00r\x00u\x00c\x00t\x00u\x00r\x00e\x00>\x00\n\x00\t\x00\t\x00\t\x00<\x00A\x00t\x00t\x00r\x00i\x00b\x00u\x00t\x00e\x00>\x00C\x00l\x00a\x00s\x00s\x00_\x00c\x00h\x00i\x00n\x00e\x00s\x00e\x00<\x00/\x00A\x00t\x00t\x00r\x00i\x00b\x00u\x00t\x00e\x00>\x00\n\x00\t\x00\t\x00\t\x00<\x00D\x00i\x00r\x00e\x00c\x00t\x00i\x00o\x00n\x00>\x000\x00<\x00/\x00D\x00i\x00r\x00e\x00c\x00t\x00i\x00o\x00n\x00>\x00\n\x00\t\x00\t\x00\t\x00<\x00I\x00n\x00f\x00o\x00>\x002\x00<\x00/\x00I\x00n\x00f\x00o\x00>\x00\n\x00\t\x00\t\x00\t\x00<\x00O\x00r\x00d\x00e\x00r\x00>\x001\x00<\x00/\x00O\x00r\x00d\x00e\x00r\x00>\x00\n\x00\t\x00\t\x00<\x00/\x00S\x00t\x00r\x00u\x00c\x00t\x00u\x00r\x00e\x00>\x00\n\x00\t\x00\t\x00<\x00U\x00s\x00e\x00d\x00N\x00a\x00m\x00e\x00>\x00\n\x00\t\x00\t\x00\t\x00<\x00C\x00o\x00m\x00p\x00o\x00n\x00e\x00n\x00t\x00s\x00>\x00_\x00#\x00_\x00C\x00O\x00M\x00P\x00O\x00N\x00E\x00N\x00T\x00N\x00A\x00M\x00E\x00_\x00#\x00_\x00<\x00/\x00C\x00o\x00m\x00p\x00o\x00n\x00e\x00n\x00t\x00s\x00>\x00\n\x00\t\x00\t\x00\t\x00<\x00I\x00C\x00o\x00m\x00p\x00o\x00n\x00e\x00n\x00t\x00>\x00D\x00e\x00s\x00c\x00r\x00i\x00p\x00t\x00i\x00o\x00n\x00_\x00c\x00h\x00i\x00n\x00e\x00s\x00e\x00<\x00/\x00I\x00C\x00o\x00m\x00p\x00o\x00n\x00e\x00n\x00t\x00>\x00\n\x00\t\x00\t\x00<\x00/\x00U\x00s\x00e\x00d\x00N\x00a\x00m\x00e\x00>\x00\n\x00\t\x00\t\x00<\x00U\x00s\x00e\x00d\x00N\x00a\x00m\x00e\x00>\x00\n\x00\t\x00\t\x00\t\x00<\x00W\x00i\x00r\x00e\x00s\x00>\x00_\x00#\x00_\x00W\x00I\x00R\x00E\x00N\x00A\x00M\x00E\x00_\x00#\x00_\x00<\x00/\x00W\x00i\x00r\x00e\x00s\x00>\x00\n\x00\t\x00\t\x00\t\x00<\x00I\x00W\x00i\x00r\x00e\x00>\x00_\x00#\x00_\x00C\x00O\x00R\x00E\x00C\x00R\x00O\x00S\x00S\x00_\x00#\x00_\x00<\x00/\x00I\x00W\x00i\x00r\x00e\x00>\x00\n\x00\t\x00\t\x00<\x00/\x00U\x00s\x00e\x00d\x00N\x00a\x00m\x00e\x00>\x00\n\x00\t\x00\t\x00<\x00U\x00s\x00e\x00d\x00N\x00a\x00m\x00e\x00>\x00\n\x00\t\x00\t\x00\t\x00<\x00S\x00y\x00m\x00b\x00o\x00l\x00s\x00>\x00_\x00#\x00_\x00S\x00Y\x00M\x00B\x00O\x00L\x00N\x00A\x00M\x00E\x00_\x00#\x00_\x00<\x00/\x00S\x00y\x00m\x00b\x00o\x00l\x00s\x00>\x00\n\x00\t\x00\t\x00\t\x00<\x00I\x00S\x00y\x00m\x00b\x00o\x00l\x00>\x00D\x00e\x00s\x00c\x00r\x00i\x00p\x00t\x00i\x00o\x00n\x00_\x00c\x00h\x00i\x00n\x00e\x00s\x00e\x00<\x00/\x00I\x00S\x00y\x00m\x00b\x00o\x00l\x00>\x00\n\x00\t\x00\t\x00<\x00/\x00U\x00s\x00e\x00d\x00N\x00a\x00m\x00e\x00>\x00\n\x00\t\x00\t\x00<\x00U\x00s\x00e\x00d\x00N\x00a\x00m\x00e\x00>\x00\n\x00\t\x00\t\x00\t\x00<\x00M\x00o\x00d\x00e\x00l\x00s\x00>\x00_\x00#\x00_\x00M\x00O\x00D\x00E\x00L\x00N\x00A\x00M\x00E\x00_\x00#\x00_\x00<\x00/\x00M\x00o\x00d\x00e\x00l\x00s\x00>\x00\n\x00\t\x00\t\x00\t\x00<\x00I\x00M\x00o\x00d\x00e\x00l\x00>\x00D\x00e\x00s\x00c\x00r\x00i\x00p\x00t\x00i\x00o\x00n\x00<\x00/\x00I\x00M\x00o\x00d\x00e\x00l\x00>\x00\n\x00\t\x00\t\x00<\x00/\x00U\x00s\x00e\x00d\x00N\x00a\x00m\x00e\x00>\x00\n\x00\t\x00\t\x00<\x00U\x00s\x00e\x00d\x00N\x00a\x00m\x00e\x00>\x00\n\x00\t\x00\t\x00\t\x00<\x00I\x00C\x00o\x00r\x00e\x00>\x00_\x00#\x00_\x00C\x00O\x00R\x00E\x00C\x00R\x00O\x00S\x00S\x00_\x00#\x00_\x00<\x00/\x00I\x00C\x00o\x00r\x00e\x00>\x00\n\x00\t\x00\t\x00<\x00/\x00U\x00s\x00e\x00d\x00N\x00a\x00m\x00e\x00>\x00\n\x00\t\x00<\x00/\x00D\x00a\x00t\x00a\x00>\x00\n\x00<\x00/\x00R\x00o\x00o\x00t\x00>\x00\n\x00\x00\x00',0,False
Class chinese,b'<\x00R\x00o\x00o\x00t\x00>\x00\n\x00\t\x00<\x00D\x00a\x00t\x00a\x00>\x00\n\x00\t\x00\t\x00<\x00S\x00t\x00r\x00u\x00c\x00t\x00u\x00r\x00e\x00>\x00\n\x00\t\x00\t\x00\t\x00<\x00A\x00t\x00t\x00r\x00i\x00b\x00u\x00t\x00e\x00>\x00C\x00l\x00a\x00s\x00s\x00_\x00c\x00h\x00i\x00n\x00e\x00s\x00e\x00<\x00/\x00A\x00t\x00t\x00r\x00i\x00b\x00u\x00t\x00e\x00>\x00\n\x00\t\x00\t\x00\t\x00<\x00D\x00i\x00r\x00e\x00c\x00t\x00i\x00o\x00n\x00>\x000\x00<\x00/\x00D\x00i\x00r\x00e\x00c\x00t\x00i\x00o\x00n\x00>\x00\n\x00\t\x00\t\x00\t\x00<\x00I\x00n\x00f\x00o\x00>\x002\x00<\x00/\x00I\x00n\x00f\x00o\x00>\x00\n\x00\t\x00\t\x00\t\x00<\x00O\x00r\x00d\x00e\x00r\x00>\x001\x00<\x00/\x00O\x00r\x00d\x00e\x00r\x00>\x00\n\x00\t\x00\t\x00<\x00/\x00S\x00t\x00r\x00u\x00c\x00t\x00u\x00r\x00e\x00>\x00\n\x00\t\x00\t\x00<\x00U\x00s\x00e\x00d\x00N\x00a\x00m\x00e\x00>\x00\n\x00\t\x00\t\x00\t\x00<\x00C\x00o\x00m\x00p\x00o\x00n\x00e\x00n\x00t\x00s\x00>\x00_\x00#\x00_\x00C\x00O\x00M\x00P\x00O\x00N\x00E\x00N\x00T\x00N\x00A\x00M\x00E\x00_\x00#\x00_\x00<\x00/\x00C\x00o\x00m\x00p\x00o\x00n\x00e\x00n\x00t\x00s\x00>\x00\n\x00\t\x00\t\x00\t\x00<\x00I\x00C\x00o\x00m\x00p\x00o\x00n\x00e\x00n\x00t\x00>\x00D\x00e\x00s\x00c\x00r\x00i\x00p\x00t\x00i\x00o\x00n\x00_\x00e\x00n\x00g\x00l\x00i\x00s\x00h\x00<\x00/\x00I\x00C\x00o\x00m\x00p\x00o\x00n\x00e\x00n\x00t\x00>\x00\n\x00\t\x00\t\x00<\x00/\x00U\x00s\x00e\x00d\x00N\x00a\x00m\x00e\x00>\x00\n\x00\t\x00\t\x00<\x00U\x00s\x00e\x00d\x00N\x00a\x00m\x00e\x00>\x00\n\x00\t\x00\t\x00\t\x00<\x00W\x00i\x00r\x00e\x00s\x00>\x00_\x00#\x00_\x00W\x00I\x00R\x00E\x00N\x00A\x00M\x00E\x00_\x00#\x00_\x00<\x00/\x00W\x00i\x00r\x00e\x00s\x00>\x00\n\x00\t\x00\t\x00\t\x00<\x00I\x00W\x00i\x00r\x00e\x00>\x00D\x00i\x00a\x00m\x00e\x00t\x00e\x00r\x00<\x00/\x00I\x00W\x00i\x00r\x00e\x00>\x00\n\x00\t\x00\t\x00<\x00/\x00U\x00s\x00e\x00d\x00N\x00a\x00m\x00e\x00>\x00\n\x00\t\x00\t\x00<\x00U\x00s\x00e\x00d\x00N\x00a\x00m\x00e\x00>\x00\n\x00\t\x00\t\x00\t\x00<\x00S\x00y\x00m\x00b\x00o\x00l\x00s\x00>\x00_\x00#\x00_\x00S\x00Y\x00M\x00B\x00O\x00L\x00N\x00A\x00M\x00E\x00_\x00#\x00_\x00<\x00/\x00S\x00y\x00m\x00b\x00o\x00l\x00s\x00>\x00\n\x00\t\x00\t\x00\t\x00<\x00I\x00S\x00y\x00m\x00b\x00o\x00l\x00>\x00D\x00e\x00s\x00c\x00r\x00i\x00p\x00t\x00i\x00o\x00n\x00_\x00c\x00h\x00i\x00n\x00e\x00s\x00e\x00<\x00/\x00I\x00S\x00y\x00m\x00b\x00o\x00l\x00>\x00\n\x00\t\x00\t\x00<\x00/\x00U\x00s\x00e\x00d\x00N\x00a\x00m\x00e\x00>\x00\n\x00\t\x00\t\x00<\x00U\x00s\x00e\x00d\x00N\x00a\x00m\x00e\x00>\x00\n\x00\t\x00\t\x00\t\x00<\x00M\x00o\x00d\x00e\x00l\x00s\x00>\x00_\x00#\x00_\x00M\x00O\x00D\x00E\x00L\x00N\x00A\x00M\x00E\x00_\x00#\x00_\x00<\x00/\x00M\x00o\x00d\x00e\x00l\x00s\x00>\x00\n\x00\t\x00\t\x00\t\x00<\x00I\x00M\x00o\x00d\x00e\x00l\x00>\x00D\x00e\x00s\x00c\x00r\x00i\x00p\x00t\x00i\x00o\x00n\x00<\x00/\x00I\x00M\x00o\x00d\x00e\x00l\x00>\x00\n\x00\t\x00\t\x00<\x00/\x00U\x00s\x00e\x00d\x00N\x00a\x00m\x00e\x00>\x00\n\x00\t\x00\t\x00<\x00U\x00s\x00e\x00d\x00N\x00a\x00m\x00e\x00>\x00\n\x00\t\x00\t\x00\t\x00<\x00I\x00C\x00o\x00r\x00e\x00>\x00_\x00#\x00_\x00N\x00O\x00E\x00N\x00T\x00R\x00Y\x00_\x00#\x00_\x00<\x00/\x00I\x00C\x00o\x00r\x00e\x00>\x00\n\x00\t\x00\t\x00<\x00/\x00U\x00s\x00e\x00d\x00N\x00a\x00m\x00e\x00>\x00\n\x00\t\x00<\x00/\x00D\x00a\x00t\x00a\x00>\x00\n\x00<\x00/\x00R\x00o\x00o\x00t\x00>\x00\n\x00\x00\x00',1,False
Class english,b'<\x00R\x00o\x00o\x00t\x00>\x00\n\x00\t\x00<\x00D\x00a\x00t\x00a\x00>\x00\n\x00\t\x00\t\x00<\x00S\x00t\x00r\x00u\x00c\x00t\x00u\x00r\x00e\x00>\x00\n\x00\t\x00\t\x00\t\x00<\x00A\x00t\x00t\x00r\x00i\x00b\x00u\x00t\x00e\x00>\x00C\x00l\x00a\x00s\x00s\x00_\x00e\x00n\x00g\x00l\x00i\x00s\x00h\x00<\x00/\x00A\x00t\x00t\x00r\x00i\x00b\x00u\x00t\x00e\x00>\x00\n\x00\t\x00\t\x00\t\x00<\x00D\x00i\x00r\x00e\x00c\x00t\x00i\x00o\x00n\x00>\x000\x00<\x00/\x00D\x00i\x00r\x00e\x00c\x00t\x00i\x00o\x00n\x00>\x00\n\x00\t\x00\t\x00\t\x00<\x00I\x00n\x00f\x00o\x00>\x002\x00<\x00/\x00I\x00n\x00f\x00o\x00>\x00\n\x00\t\x00\t\x00\t\x00<\x00O\x00r\x00d\x00e\x00r\x00>\x001\x00<\x00/\x00O\x00r\x00d\x00e\x00r\x00>\x00\n\x00\t\x00\t\x00<\x00/\x00S\x00t\x00r\x00u\x00c\x00t\x00u\x00r\x00e\x00>\x00\n\x00\t\x00\t\x00<\x00U\x00s\x00e\x00d\x00N\x00a\x00m\x00e\x00>\x00\n\x00\t\x00\t\x00\t\x00<\x00C\x00o\x00m\x00p\x00o\x00n\x00e\x00n\x00t\x00s\x00>\x00_\x00#\x00_\x00C\x00O\x00M\x00P\x00O\x00N\x00E\x00N\x00T\x00N\x00A\x00M\x00E\x00_\x00#\x00_\x00<\x00/\x00C\x00o\x00m\x00p\x00o\x00n\x00e\x00n\x00t\x00s\x00>\x00\n\x00\t\x00\t\x00\t\x00<\x00I\x00C\x00o\x00m\x00p\x00o\x00n\x00e\x00n\x00t\x00>\x00D\x00e\x00s\x00c\x00r\x00i\x00p\x00t\x00i\x00o\x00n\x00_\x00e\x00n\x00g\x00l\x00i\x00s\x00h\x00<\x00/\x00I\x00C\x00o\x00m\x00p\x00o\x00n\x00e\x00n\x00t\x00>\x00\n\x00\t\x00\t\x00<\x00/\x00U\x00s\x00e\x00d\x00N\x00a\x00m\x00e\x00>\x00\n\x00\t\x00\t\x00<\x00U\x00s\x00e\x00d\x00N\x00a\x00m\x00e\x00>\x00\n\x00\t\x00\t\x00\t\x00<\x00W\x00i\x00r\x00e\x00s\x00>\x00_\x00#\x00_\x00W\x00I\x00R\x00E\x00N\x00A\x00M\x00E\x00_\x00#\x00_\x00<\x00/\x00W\x00i\x00r\x00e\x00s\x00>\x00\n\x00\t\x00\t\x00\t\x00<\x00I\x00W\x00i\x00r\x00e\x00>\x00_\x00#\x00_\x00C\x00O\x00R\x00E\x00C\x00R\x00O\x00S\x00S\x00_\x00#\x00_\x00<\x00/\x00I\x00W\x00i\x00r\x00e\x00>\x00\n\x00\t\x00\t\x00<\x00/\x00U\x00s\x00e\x00d\x00N\x00a\x00m\x00e\x00>\x00\n\x00\t\x00\t\x00<\x00U\x00s\x00e\x00d\x00N\x00a\x00m\x00e\x00>\x00\n\x00\t\x00\t\x00\t\x00<\x00S\x00y\x00m\x00b\x00o\x00l\x00s\x00>\x00_\x00#\x00_\x00S\x00Y\x00M\x00B\x00O\x00L\x00N\x00A\x00M\x00E\x00_\x00#\x00_\x00<\x00/\x00S\x00y\x00m\x00b\x00o\x00l\x00s\x00>\x00\n\x00\t\x00\t\x00\t\x00<\x00I\x00S\x00y\x00m\x00b\x00o\x00l\x00>\x00D\x00e\x00s\x00c\x00r\x00i\x00p\x00t\x00i\x00o\x00n\x00_\x00e\x00n\x00g\x00l\x00i\x00s\x00h\x00<\x00/\x00I\x00S\x00y\x00m\x00b\x00o\x00l\x00>\x00\n\x00\t\x00\t\x00<\x00/\x00U\x00s\x00e\x00d\x00N\x00a\x00m\x00e\x00>\x00\n\x00\t\x00\t\x00<\x00U\x00s\x00e\x00d\x00N\x00a\x00m\x00e\x00>\x00\n\x00\t\x00\t\x00\t\x00<\x00M\x00o\x00d\x00e\x00l\x00s\x00>\x00_\x00#\x00_\x00M\x00O\x00D\x00E\x00L\x00N\x00A\x00M\x00E\x00_\x00#\x00_\x00<\x00/\x00M\x00o\x00d\x00e\x00l\x00s\x00>\x00\n\x00\t\x00\t\x00\t\x00<\x00I\x00M\x00o\x00d\x00e\x00l\x00>\x00D\x00e\x00s\x00c\x00r\x00i\x00p\x00t\x00i\x00o\x00n\x00<\x00/\x00I\x00M\x00o\x00d\x00e\x00l\x00>\x00\n\x00\t\x00\t\x00<\x00/\x00U\x00s\x00e\x00d\x00N\x00a\x00m\x00e\x00>\x00\n\x00\t\x00\t\x00<\x00U\x00s\x00e\x00d\x00N\x00a\x00m\x00e\x00>\x00\n\x00\t\x00\t\x00\t\x00<\x00I\x00C\x00o\x00r\x00e\x00>\x00_\x00#\x00_\x00C\x00O\x00R\x00E\x00C\x00R\x00O\x00S\x00S\x00_\x00#\x00_\x00<\x00/\x00I\x00C\x00o\x00r\x00e\x00>\x00\n\x00\t\x00\t\x00<\x00/\x00U\x00s\x00e\x00d\x00N\x00a\x00m\x00e\x00>\x00\n\x00\t\x00<\x00/\x00D\x00a\x00t\x00a\x00>\x00\n\x00<\x00/\x00R\x00o\x00o\x00t\x00>\x00\n\x00\x00\x00',0,False
Class english,b'<\x00R\x00o\x00o\x00t\x00>\x00\n\x00\t\x00<\x00D\x00a\x00t\x00a\x00>\x00\n\x00\t\x00\t\x00<\x00S\x00t\x00r\x00u\x00c\x00t\x00u\x00r\x00e\x00>\x00\n\x00\t\x00\t\x00\t\x00<\x00A\x00t\x00t\x00r\x00i\x00b\x00u\x00t\x00e\x00>\x00C\x00l\x00a\x00s\x00s\x00_\x00e\x00n\x00g\x00l\x00i\x00s\x00h\x00<\x00/\x00A\x00t\x00t\x00r\x00i\x00b\x00u\x00t\x00e\x00>\x00\n\x00\t\x00\t\x00\t\x00<\x00D\x00i\x00r\x00e\x00c\x00t\x00i\x00o\x00n\x00>\x000\x00<\x00/\x00D\x00i\x00r\x00e\x00c\x00t\x00i\x00o\x00n\x00>\x00\n\x00\t\x00\t\x00\t\x00<\x00I\x00n\x00f\x00o\x00>\x002\x00<\x00/\x00I\x00n\x00f\x00o\x00>\x00\n\x00\t\x00\t\x00\t\x00<\x00O\x00r\x00d\x00e\x00r\x00>\x001\x00<\x00/\x00O\x00r\x00d\x00e\x00r\x00>\x00\n\x00\t\x00\t\x00<\x00/\x00S\x00t\x00r\x00u\x00c\x00t\x00u\x00r\x00e\x00>\x00\n\x00\t\x00\t\x00<\x00U\x00s\x00e\x00d\x00N\x00a\x00m\x00e\x00>\x00\n\x00\t\x00\t\x00\t\x00<\x00C\x00o\x00m\x00p\x00o\x00n\x00e\x00n\x00t\x00s\x00>\x00_\x00#\x00_\x00C\x00O\x00M\x00P\x00O\x00N\x00E\x00N\x00T\x00N\x00A\x00M\x00E\x00_\x00#\x00_\x00<\x00/\x00C\x00o\x00m\x00p\x00o\x00n\x00e\x00n\x00t\x00s\x00>\x00\n\x00\t\x00\t\x00\t\x00<\x00I\x00C\x00o\x00m\x00p\x00o\x00n\x00e\x00n\x00t\x00>\x00D\x00e\x00s\x00c\x00r\x00i\x00p\x00t\x00i\x00o\x00n\x00_\x00e\x00n\x00g\x00l\x00i\x00s\x00h\x00<\x00/\x00I\x00C\x00o\x00m\x00p\x00o\x00n\x00e\x00n\x00t\x00>\x00\n\x00\t\x00\t\x00<\x00/\x00U\x00s\x00e\x00d\x00N\x00a\x00m\x00e\x00>\x00\n\x00\t\x00\t\x00<\x00U\x00s\x00e\x00d\x00N\x00a\x00m\x00e\x00>\x00\n\x00\t\x00\t\x00\t\x00<\x00W\x00i\x00r\x00e\x00s\x00>\x00_\x00#\x00_\x00W\x00I\x00R\x00E\x00N\x00A\x00M\x00E\x00_\x00#\x00_\x00<\x00/\x00W\x00i\x00r\x00e\x00s\x00>\x00\n\x00\t\x00\t\x00\t\x00<\x00I\x00W\x00i\x00r\x00e\x00>\x00D\x00i\x00a\x00m\x00e\x00t\x00e\x00r\x00<\x00/\x00I\x00W\x00i\x00r\x00e\x00>\x00\n\x00\t\x00\t\x00<\x00/\x00U\x00s\x00e\x00d\x00N\x00a\x00m\x00e\x00>\x00\n\x00\t\x00\t\x00<\x00U\x00s\x00e\x00d\x00N\x00a\x00m\x00e\x00>\x00\n\x00\t\x00\t\x00\t\x00<\x00S\x00y\x00m\x00b\x00o\x00l\x00s\x00>\x00_\x00#\x00_\x00S\x00Y\x00M\x00B\x00O\x00L\x00N\x00A\x00M\x00E\x00_\x00#\x00_\x00<\x00/\x00S\x00y\x00m\x00b\x00o\x00l\x00s\x00>\x00\n\x00\t\x00\t\x00\t\x00<\x00I\x00S\x00y\x00m\x00b\x00o\x00l\x00>\x00D\x00e\x00s\x00c\x00r\x00i\x00p\x00t\x00i\x00o\x00n\x00_\x00e\x00n\x00g\x00l\x00i\x00s\x00h\x00<\x00/\x00I\x00S\x00y\x00m\x00b\x00o\x00l\x00>\x00\n\x00\t\x00\t\x00<\x00/\x00U\x00s\x00e\x00d\x00N\x00a\x00m\x00e\x00>\x00\n\x00\t\x00\t\x00<\x00U\x00s\x00e\x00d\x00N\x00a\x00m\x00e\x00>\x00\n\x00\t\x00\t\x00\t\x00<\x00M\x00o\x00d\x00e\x00l\x00s\x00>\x00_\x00#\x00_\x00M\x00O\x00D\x00E\x00L\x00N\x00A\x00M\x00E\x00_\x00#\x00_\x00<\x00/\x00M\x00o\x00d\x00e\x00l\x00s\x00>\x00\n\x00\t\x00\t\x00\t\x00<\x00I\x00M\x00o\x00d\x00e\x00l\x00>\x00D\x00e\x00s\x00c\x00r\x00i\x00p\x00t\x00i\x00o\x00n\x00<\x00/\x00I\x00M\x00o\x00d\x00e\x00l\x00>\x00\n\x00\t\x00\t\x00<\x00/\x00U\x00s\x00e\x00d\x00N\x00a\x00m\x00e\x00>\x00\n\x00\t\x00<\x00/\x00D\x00a\x00t\x00a\x00>\x00\n\x00<\x00/\x00R\x00o\x00o\x00t\x00>\x00\n\x00\x00\x00',1,False
Class espagnol,b'<\x00R\x00o\x00o\x00t\x00>\x00\n\x00\t\x00<\x00D\x00a\x00t\x00a\x00>\x00\n\x00\t\x00\t\x00<\x00S\x00t\x00r\x00u\x00c\x00t\x00u\x00r\x00e\x00>\x00\n\x00\t\x00\t\x00\t\x00<\x00A\x00t\x00t\x00r\x00i\x00b\x00u\x00t\x00e\x00>\x00C\x00l\x00a\x00s\x00s\x00_\x00c\x00a\x00s\x00t\x00e\x00l\x00l\x00a\x00n\x00o\x00<\x00/\x00A\x00t\x00t\x00r\x00i\x00b\x00u\x00t\x00e\x00>\x00\n\x00\t\x00\t\x00\t\x00<\x00D\x00i\x00r\x00e\x00c\x00t\x00i\x00o\x00n\x00>\x000\x00<\x00/\x00D\x00i\x00r\x00e\x00c\x00t\x00i\x00o\x00n\x00>\x00\n\x00\t\x00\t\x00\t\x00<\x00I\x00n\x00f\x00o\x00>\x002\x00<\x00/\x00I\x00n\x00f\x00o\x00>\x00\n\x00\t\x00\t\x00\t\x00<\x00O\x00r\x00d\x00e\x00r\x00>\x001\x00<\x00/\x00O\x00r\x00d\x00e\x00r\x00>\x00\n\x00\t\x00\t\x00<\x00/\x00S\x00t\x00r\x00u\x00c\x00t\x00u\x00r\x00e\x00>\x00\n\x00\t\x00\t\x00<\x00U\x00s\x00e\x00d\x00N\x00a\x00m\x00e\x00>\x00\n\x00\t\x00\t\x00\t\x00<\x00C\x00o\x00m\x00p\x00o\x00n\x00e\x00n\x00t\x00s\x00>\x00_\x00#\x00_\x00C\x00O\x00M\x00P\x00O\x00N\x00E\x00N\x00T\x00N\x00A\x00M\x00E\x00_\x00#\x00_\x00<\x00/\x00C\x00o\x00m\x00p\x00o\x00n\x00e\x00n\x00t\x00s\x00>\x00\n\x00\t\x00\t\x00\t\x00<\x00I\x00C\x00o\x00m\x00p\x00o\x00n\x00e\x00n\x00t\x00>\x00D\x00e\x00s\x00c\x00r\x00i\x00p\x00t\x00i\x00o\x00n\x00_\x00c\x00a\x00s\x00t\x00e\x00l\x00l\x00a\x00n\x00o\x00<\x00/\x00I\x00C\x00o\x00m\x00p\x00o\x00n\x00e\x00n\x00t\x00>\x00\n\x00\t\x00\t\x00<\x00/\x00U\x00s\x00e\x00d\x00N\x00a\x00m\x00e\x00>\x00\n\x00\t\x00\t\x00<\x00U\x00s\x00e\x00d\x00N\x00a\x00m\x00e\x00>\x00\n\x00\t\x00\t\x00\t\x00<\x00W\x00i\x00r\x00e\x00s\x00>\x00_\x00#\x00_\x00W\x00I\x00R\x00E\x00N\x00A\x00M\x00E\x00_\x00#\x00_\x00<\x00/\x00W\x00i\x00r\x00e\x00s\x00>\x00\n\x00\t\x00\t\x00\t\x00<\x00I\x00W\x00i\x00r\x00e\x00>\x00_\x00#\x00_\x00C\x00O\x00R\x00E\x00C\x00R\x00O\x00S\x00S\x00_\x00#\x00_\x00<\x00/\x00I\x00W\x00i\x00r\x00e\x00>\x00\n\x00\t\x00\t\x00<\x00/\x00U\x00s\x00e\x00d\x00N\x00a\x00m\x00e\x00>\x00\n\x00\t\x00\t\x00<\x00U\x00s\x00e\x00d\x00N\x00a\x00m\x00e\x00>\x00\n\x00\t\x00\t\x00\t\x00<\x00S\x00y\x00m\x00b\x00o\x00l\x00s\x00>\x00_\x00#\x00_\x00S\x00Y\x00M\x00B\x00O\x00L\x00N\x00A\x00M\x00E\x00_\x00#\x00_\x00<\x00/\x00S\x00y\x00m\x00b\x00o\x00l\x00s\x00>\x00\n\x00\t\x00\t\x00\t\x00<\x00I\x00S\x00y\x00m\x00b\x00o\x00l\x00>\x00D\x00e\x00s\x00c\x00r\x00i\x00p\x00t\x00i\x00o\x00n\x00_\x00c\x00a\x00s\x00t\x00e\x00l\x00l\x00a\x00n\x00o\x00<\x00/\x00I\x00S\x00y\x00m\x00b\x00o\x00l\x00>\x00\n\x00\t\x00\t\x00<\x00/\x00U\x00s\x00e\x00d\x00N\x00a\x00m\x00e\x00>\x00\n\x00\t\x00\t\x00<\x00U\x00s\x00e\x00d\x00N\x00a\x00m\x00e\x00>\x00\n\x00\t\x00\t\x00\t\x00<\x00M\x00o\x00d\x00e\x00l\x00s\x00>\x00_\x00#\x00_\x00M\x00O\x00D\x00E\x00L\x00N\x00A\x00M\x00E\x00_\x00#\x00_\x00<\x00/\x00M\x00o\x00d\x00e\x00l\x00s\x00>\x00\n\x00\t\x00\t\x00\t\x00<\x00I\x00M\x00o\x00d\x00e\x00l\x00>\x00D\x00e\x00s\x00c\x00r\x00i\x00p\x00t\x00i\x00o\x00n\x00<\x00/\x00I\x00M\x00o\x00d\x00e\x00l\x00>\x00\n\x00\t\x00\t\x00<\x00/\x00U\x00s\x00e\x00d\x00N\x00a\x00m\x00e\x00>\x00\n\x00\t\x00\t\x00<\x00U\x00s\x00e\x00d\x00N\x00a\x00m\x00e\x00>\x00\n\x00\t\x00\t\x00\t\x00<\x00I\x00C\x00o\x00r\x00e\x00>\x00_\x00#\x00_\x00C\x00O\x00R\x00E\x00C\x00R\x00O\x00S\x00S\x00_\x00#\x00_\x00<\x00/\x00I\x00C\x00o\x00r\x00e\x00>\x00\n\x00\t\x00\t\x00<\x00/\x00U\x00s\x00e\x00d\x00N\x00a\x00m\x00e\x00>\x00\n\x00\t\x00<\x00/\x00D\x00a\x00t\x00a\x00>\x00\n\x00<\x00/\x00R\x00o\x00o\x00t\x00>\x00\n\x00\x00\x00',0,False
Class espagnol,b'<\x00R\x00o\x00o\x00t\x00>\x00\n\x00\t\x00<\x00D\x00a\x00t\x00a\x00>\x00\n\x00\t\x00\t\x00<\x00S\x00t\x00r\x00u\x00c\x00t\x00u\x00r\x00e\x00>\x00\n\x00\t\x00\t\x00\t\x00<\x00A\x00t\x00t\x00r\x00i\x00b\x00u\x00t\x00e\x00>\x00C\x00l\x00a\x00s\x00s\x00_\x00c\x00a\x00s\x00t\x00e\x00l\x00l\x00a\x00n\x00o\x00<\x00/\x00A\x00t\x00t\x00r\x00i\x00b\x00u\x00t\x00e\x00>\x00\n\x00\t\x00\t\x00\t\x00<\x00D\x00i\x00r\x00e\x00c\x00t\x00i\x00o\x00n\x00>\x000\x00<\x00/\x00D\x00i\x00r\x00e\x00c\x00t\x00i\x00o\x00n\x00>\x00\n\x00\t\x00\t\x00\t\x00<\x00I\x00n\x00f\x00o\x00>\x002\x00<\x00/\x00I\x00n\x00f\x00o\x00>\x00\n\x00\t\x00\t\x00\t\x00<\x00O\x00r\x00d\x00e\x00r\x00>\x001\x00<\x00/\x00O\x00r\x00d\x00e\x00r\x00>\x00\n\x00\t\x00\t\x00<\x00/\x00S\x00t\x00r\x00u\x00c\x00t\x00u\x00r\x00e\x00>\x00\n\x00\t\x00\t\x00<\x00U\x00s\x00e\x00d\x00N\x00a\x00m\x00e\x00>\x00\n\x00\t\x00\t\x00\t\x00<\x00C\x00o\x00m\x00p\x00o\x00n\x00e\x00n\x00t\x00s\x00>\x00_\x00#\x00_\x00C\x00O\x00M\x00P\x00O\x00N\x00E\x00N\x00T\x00N\x00A\x00M\x00E\x00_\x00#\x00_\x00<\x00/\x00C\x00o\x00m\x00p\x00o\x00n\x00e\x00n\x00t\x00s\x00>\x00\n\x00\t\x00\t\x00\t\x00<\x00I\x00C\x00o\x00m\x00p\x00o\x00n\x00e\x00n\x00t\x00>\x00D\x00e\x00s\x00c\x00r\x00i\x00p\x00t\x00i\x00o\x00n\x00_\x00c\x00a\x00s\x00t\x00e\x00l\x00l\x00a\x00n\x00o\x00<\x00/\x00I\x00C\x00o\x00m\x00p\x00o\x00n\x00e\x00n\x00t\x00>\x00\n\x00\t\x00\t\x00<\x00/\x00U\x00s\x00e\x00d\x00N\x00a\x00m\x00e\x00>\x00\n\x00\t\x00\t\x00<\x00U\x00s\x00e\x00d\x00N\x00a\x00m\x00e\x00>\x00\n\x00\t\x00\t\x00\t\x00<\x00W\x00i\x00r\x00e\x00s\x00>\x00_\x00#\x00_\x00W\x00I\x00R\x00E\x00N\x00A\x00M\x00E\x00_\x00#\x00_\x00<\x00/\x00W\x00i\x00r\x00e\x00s\x00>\x00\n\x00\t\x00\t\x00\t\x00<\x00I\x00W\x00i\x00r\x00e\x00>\x00D\x00i\x00a\x00m\x00e\x00t\x00e\x00r\x00<\x00/\x00I\x00W\x00i\x00r\x00e\x00>\x00\n\x00\t\x00\t\x00<\x00/\x00U\x00s\x00e\x00d\x00N\x00a\x00m\x00e\x00>\x00\n\x00\t\x00\t\x00<\x00U\x00s\x00e\x00d\x00N\x00a\x00m\x00e\x00>\x00\n\x00\t\x00\t\x00\t\x00<\x00S\x00y\x00m\x00b\x00o\x00l\x00s\x00>\x00_\x00#\x00_\x00S\x00Y\x00M\x00B\x00O\x00L\x00N\x00A\x00M\x00E\x00_\x00#\x00_\x00<\x00/\x00S\x00y\x00m\x00b\x00o\x00l\x00s\x00>\x00\n\x00\t\x00\t\x00\t\x00<\x00I\x00S\x00y\x00m\x00b\x00o\x00l\x00>\x00D\x00e\x00s\x00c\x00r\x00i\x00p\x00t\x00i\x00o\x00n\x00_\x00c\x00a\x00s\x00t\x00e\x00l\x00l\x00a\x00n\x00o\x00<\x00/\x00I\x00S\x00y\x00m\x00b\x00o\x00l\x00>\x00\n\x00\t\x00\t\x00<\x00/\x00U\x00s\x00e\x00d\x00N\x00a\x00m\x00e\x00>\x00\n\x00\t\x00\t\x00<\x00U\x00s\x00e\x00d\x00N\x00a\x00m\x00e\x00>\x00\n\x00\t\x00\t\x00\t\x00<\x00M\x00o\x00d\x00e\x00l\x00s\x00>\x00_\x00#\x00_\x00M\x00O\x00D\x00E\x00L\x00N\x00A\x00M\x00E\x00_\x00#\x00_\x00<\x00/\x00M\x00o\x00d\x00e\x00l\x00s\x00>\x00\n\x00\t\x00\t\x00\t\x00<\x00I\x00M\x00o\x00d\x00e\x00l\x00>\x00D\x00e\x00s\x00c\x00r\x00i\x00p\x00t\x00i\x00o\x00n\x00<\x00/\x00I\x00M\x00o\x00d\x00e\x00l\x00>\x00\n\x00\t\x00\t\x00<\x00/\x00U\x00s\x00e\x00d\x00N\x00a\x00m\x00e\x00>\x00\n\x00\t\x00<\x00/\x00D\x00a\x00t\x00a\x00>\x00\n\x00<\x00/\x00R\x00o\x00o\x00t\x00>\x00\n\x00\x00\x00',1,False
Class italiano,b'<\x00R\x00o\x00o\x00t\x00>\x00\n\x00\t\x00<\x00D\x00a\x00t\x00a\x00>\x00\n\x00\t\x00\t\x00<\x00S\x00t\x00r\x00u\x00c\x00t\x00u\x00r\x00e\x00>\x00\n\x00\t\x00\t\x00\t\x00<\x00A\x00t\x00t\x00r\x00i\x00b\x00u\x00t\x00e\x00>\x00C\x00l\x00a\x00s\x00s\x00_\x00i\x00t\x00a\x00l\x00i\x00a\x00n\x00o\x00<\x00/\x00A\x00t\x00t\x00r\x00i\x00b\x00u\x00t\x00e\x00>\x00\n\x00\t\x00\t\x00\t\x00<\x00D\x00i\x00r\x00e\x00c\x00t\x00i\x00o\x00n\x00>\x000\x00<\x00/\x00D\x00i\x00r\x00e\x00c\x00t\x00i\x00o\x00n\x00>\x00\n\x00\t\x00\t\x00\t\x00<\x00I\x00n\x00f\x00o\x00>\x002\x00<\x00/\x00I\x00n\x00f\x00o\x00>\x00\n\x00\t\x00\t\x00\t\x00<\x00O\x00r\x00d\x00e\x00r\x00>\x001\x00<\x00/\x00O\x00r\x00d\x00e\x00r\x00>\x00\n\x00\t\x00\t\x00<\x00/\x00S\x00t\x00r\x00u\x00c\x00t\x00u\x00r\x00e\x00>\x00\n\x00\t\x00\t\x00<\x00U\x00s\x00e\x00d\x00N\x00a\x00m\x00e\x00>\x00\n\x00\t\x00\t\x00\t\x00<\x00C\x00o\x00m\x00p\x00o\x00n\x00e\x00n\x00t\x00s\x00>\x00_\x00#\x00_\x00C\x00O\x00M\x00P\x00O\x00N\x00E\x00N\x00T\x00N\x00A\x00M\x00E\x00_\x00#\x00_\x00<\x00/\x00C\x00o\x00m\x00p\x00o\x00n\x00e\x00n\x00t\x00s\x00>\x00\n\x00\t\x00\t\x00\t\x00<\x00I\x00C\x00o\x00m\x00p\x00o\x00n\x00e\x00n\x00t\x00>\x00D\x00e\x00s\x00c\x00r\x00i\x00p\x00t\x00i\x00o\x00n\x00_\x00i\x00t\x00a\x00l\x00i\x00a\x00n\x00o\x00<\x00/\x00I\x00C\x00o\x00m\x00p\x00o\x00n\x00e\x00n\x00t\x00>\x00\n\x00\t\x00\t\x00<\x00/\x00U\x00s\x00e\x00d\x00N\x00a\x00m\x00e\x00>\x00\n\x00\t\x00\t\x00<\x00U\x00s\x00e\x00d\x00N\x00a\x00m\x00e\x00>\x00\n\x00\t\x00\t\x00\t\x00<\x00W\x00i\x00r\x00e\x00s\x00>\x00_\x00#\x00_\x00W\x00I\x00R\x00E\x00N\x00A\x00M\x00E\x00_\x00#\x00_\x00<\x00/\x00W\x00i\x00r\x00e\x00s\x00>\x00\n\x00\t\x00\t\x00\t\x00<\x00I\x00W\x00i\x00r\x00e\x00>\x00_\x00#\x00_\x00C\x00O\x00R\x00E\x00C\x00R\x00O\x00S\x00S\x00_\x00#\x00_\x00<\x00/\x00I\x00W\x00i\x00r\x00e\x00>\x00\n\x00\t\x00\t\x00<\x00/\x00U\x00s\x00e\x00d\x00N\x00a\x00m\x00e\x00>\x00\n\x00\t\x00\t\x00<\x00U\x00s\x00e\x00d\x00N\x00a\x00m\x00e\x00>\x00\n\x00\t\x00\t\x00\t\x00<\x00S\x00y\x00m\x00b\x00o\x00l\x00s\x00>\x00_\x00#\x00_\x00S\x00Y\x00M\x00B\x00O\x00L\x00N\x00A\x00M\x00E\x00_\x00#\x00_\x00<\x00/\x00S\x00y\x00m\x00b\x00o\x00l\x00s\x00>\x00\n\x00\t\x00\t\x00\t\x00<\x00I\x00S\x00y\x00m\x00b\x00o\x00l\x00>\x00D\x00e\x00s\x00c\x00r\x00i\x00p\x00t\x00i\x00o\x00n\x00_\x00i\x00t\x00a\x00l\x00i\x00a\x00n\x00o\x00<\x00/\x00I\x00S\x00y\x00m\x00b\x00o\x00l\x00>\x00\n\x00\t\x00\t\x00<\x00/\x00U\x00s\x00e\x00d\x00N\x00a\x00m\x00e\x00>\x00\n\x00\t\x00\t\x00<\x00U\x00s\x00e\x00d\x00N\x00a\x00m\x00e\x00>\x00\n\x00\t\x00\t\x00\t\x00<\x00M\x00o\x00d\x00e\x00l\x00s\x00>\x00_\x00#\x00_\x00M\x00O\x00D\x00E\x00L\x00N\x00A\x00M\x00E\x00_\x00#\x00_\x00<\x00/\x00M\x00o\x00d\x00e\x00l\x00s\x00>\x00\n\x00\t\x00\t\x00\t\x00<\x00I\x00M\x00o\x00d\x00e\x00l\x00>\x00D\x00e\x00s\x00c\x00r\x00i\x00p\x00t\x00i\x00o\x00n\x00<\x00/\x00I\x00M\x00o\x00d\x00e\x00l\x00>\x00\n\x00\t\x00\t\x00<\x00/\x00U\x00s\x00e\x00d\x00N\x00a\x00m\x00e\x00>\x00\n\x00\t\x00\t\x00<\x00U\x00s\x00e\x00d\x00N\x00a\x00m\x00e\x00>\x00\n\x00\t\x00\t\x00\t\x00<\x00I\x00C\x00o\x00r\x00e\x00>\x00_\x00#\x00_\x00C\x00O\x00R\x00E\x00C\x00R\x00O\x00S\x00S\x00_\x00#\x00_\x00<\x00/\x00I\x00C\x00o\x00r\x00e\x00>\x00\n\x00\t\x00\t\x00<\x00/\x00U\x00s\x00e\x00d\x00N\x00a\x00m\x00e\x00>\x00\n\x00\t\x00<\x00/\x00D\x00a\x00t\x00a\x00>\x00\n\x00<\x00/\x00R\x00o\x00o\x00t\x00>\x00\n\x00\x00\x00',0,False
Class italiano,b'<\x00R\x00o\x00o\x00t\x00>\x00\n\x00\t\x00<\x00D\x00a\x00t\x00a\x00>\x00\n\x00\t\x00\t\x00<\x00S\x00t\x00r\x00u\x00c\x00t\x00u\x00r\x00e\x00>\x00\n\x00\t\x00\t\x00\t\x00<\x00A\x00t\x00t\x00r\x00i\x00b\x00u\x00t\x00e\x00>\x00C\x00l\x00a\x00s\x00s\x00_\x00i\x00t\x00a\x00l\x00i\x00a\x00n\x00o\x00<\x00/\x00A\x00t\x00t\x00r\x00i\x00b\x00u\x00t\x00e\x00>\x00\n\x00\t\x00\t\x00\t\x00<\x00D\x00i\x00r\x00e\x00c\x00t\x00i\x00o\x00n\x00>\x000\x00<\x00/\x00D\x00i\x00r\x00e\x00c\x00t\x00i\x00o\x00n\x00>\x00\n\x00\t\x00\t\x00\t\x00<\x00I\x00n\x00f\x00o\x00>\x002\x00<\x00/\x00I\x00n\x00f\x00o\x00>\x00\n\x00\t\x00\t\x00\t\x00<\x00O\x00r\x00d\x00e\x00r\x00>\x001\x00<\x00/\x00O\x00r\x00d\x00e\x00r\x00>\x00\n\x00\t\x00\t\x00<\x00/\x00S\x00t\x00r\x00u\x00c\x00t\x00u\x00r\x00e\x00>\x00\n\x00\t\x00\t\x00<\x00U\x00s\x00e\x00d\x00N\x00a\x00m\x00e\x00>\x00\n\x00\t\x00\t\x00\t\x00<\x00C\x00o\x00m\x00p\x00o\x00n\x00e\x00n\x00t\x00s\x00>\x00_\x00#\x00_\x00C\x00O\x00M\x00P\x00O\x00N\x00E\x00N\x00T\x00N\x00A\x00M\x00E\x00_\x00#\x00_\x00<\x00/\x00C\x00o\x00m\x00p\x00o\x00n\x00e\x00n\x00t\x00s\x00>\x00\n\x00\t\x00\t\x00\t\x00<\x00I\x00C\x00o\x00m\x00p\x00o\x00n\x00e\x00n\x00t\x00>\x00D\x00e\x00s\x00c\x00r\x00i\x00p\x00t\x00i\x00o\x00n\x00_\x00i\x00t\x00a\x00l\x00i\x00a\x00n\x00o\x00<\x00/\x00I\x00C\x00o\x00m\x00p\x00o\x00n\x00e\x00n\x00t\x00>\x00\n\x00\t\x00\t\x00<\x00/\x00U\x00s\x00e\x00d\x00N\x00a\x00m\x00e\x00>\x00\n\x00\t\x00\t\x00<\x00U\x00s\x00e\x00d\x00N\x00a\x00m\x00e\x00>\x00\n\x00\t\x00\t\x00\t\x00<\x00W\x00i\x00r\x00e\x00s\x00>\x00_\x00#\x00_\x00W\x00I\x00R\x00E\x00N\x00A\x00M\x00E\x00_\x00#\x00_\x00<\x00/\x00W\x00i\x00r\x00e\x00s\x00>\x00\n\x00\t\x00\t\x00\t\x00<\x00I\x00W\x00i\x00r\x00e\x00>\x00D\x00i\x00a\x00m\x00e\x00t\x00e\x00r\x00<\x00/\x00I\x00W\x00i\x00r\x00e\x00>\x00\n\x00\t\x00\t\x00<\x00/\x00U\x00s\x00e\x00d\x00N\x00a\x00m\x00e\x00>\x00\n\x00\t\x00\t\x00<\x00U\x00s\x00e\x00d\x00N\x00a\x00m\x00e\x00>\x00\n\x00\t\x00\t\x00\t\x00<\x00S\x00y\x00m\x00b\x00o\x00l\x00s\x00>\x00_\x00#\x00_\x00S\x00Y\x00M\x00B\x00O\x00L\x00N\x00A\x00M\x00E\x00_\x00#\x00_\x00<\x00/\x00S\x00y\x00m\x00b\x00o\x00l\x00s\x00>\x00\n\x00\t\x00\t\x00\t\x00<\x00I\x00S\x00y\x00m\x00b\x00o\x00l\x00>\x00D\x00e\x00s\x00c\x00r\x00i\x00p\x00t\x00i\x00o\x00n\x00_\x00i\x00t\x00a\x00l\x00i\x00a\x00n\x00o\x00<\x00/\x00I\x00S\x00y\x00m\x00b\x00o\x00l\x00>\x00\n\x00\t\x00\t\x00<\x00/\x00U\x00s\x00e\x00d\x00N\x00a\x00m\x00e\x00>\x00\n\x00\t\x00\t\x00<\x00U\x00s\x00e\x00d\x00N\x00a\x00m\x00e\x00>\x00\n\x00\t\x00\t\x00\t\x00<\x00M\x00o\x00d\x00e\x00l\x00s\x00>\x00_\x00#\x00_\x00M\x00O\x00D\x00E\x00L\x00N\x00A\x00M\x00E\x00_\x00#\x00_\x00<\x00/\x00M\x00o\x00d\x00e\x00l\x00s\x00>\x00\n\x00\t\x00\t\x00\t\x00<\x00I\x00M\x00o\x00d\x00e\x00l\x00>\x00D\x00e\x00s\x00c\x00r\x00i\x00p\x00t\x00i\x00o\x00n\x00<\x00/\x00I\x00M\x00o\x00d\x00e\x00l\x00>\x00\n\x00\t\x00\t\x00<\x00/\x00U\x00s\x00e\x00d\x00N\x00a\x00m\x00e\x00>\x00\n\x00\t\x00<\x00/\x00D\x00a\x00t\x00a\x00>\x00\n\x00<\x00/\x00R\x00o\x00o\x00t\x00>\x00\n\x00\x00\x00',1,False
Class japanese,b'<\x00R\x00o\x00o\x00t\x00>\x00\n\x00\t\x00<\x00D\x00a\x00t\x00a\x00>\x00\n\x00\t\x00\t\x00<\x00S\x00t\x00r\x00u\x00c\x00t\x00u\x00r\x00e\x00>\x00\n\x00\t\x00\t\x00\t\x00<\x00A\x00t\x00t\x00r\x00i\x00b\x00u\x00t\x00e\x00>\x00C\x00l\x00a\x00s\x00s\x00_\x00j\x00a\x00p\x00a\x00n\x00e\x00s\x00e\x00<\x00/\x00A\x00t\x00t\x00r\x00i\x00b\x00u\x00t\x00e\x00>\x00\n\x00\t\x00\t\x00\t\x00<\x00D\x00i\x00r\x00e\x00c\x00t\x00i\x00o\x00n\x00>\x000\x00<\x00/\x00D\x00i\x00r\x00e\x00c\x00t\x00i\x00o\x00n\x00>\x00\n\x00\t\x00\t\x00\t\x00<\x00I\x00n\x00f\x00o\x00>\x002\x00<\x00/\x00I\x00n\x00f\x00o\x00>\x00\n\x00\t\x00\t\x00\t\x00<\x00O\x00r\x00d\x00e\x00r\x00>\x001\x00<\x00/\x00O\x00r\x00d\x00e\x00r\x00>\x00\n\x00\t\x00\t\x00<\x00/\x00S\x00t\x00r\x00u\x00c\x00t\x00u\x00r\x00e\x00>\x00\n\x00\t\x00\t\x00<\x00U\x00s\x00e\x00d\x00N\x00a\x00m\x00e\x00>\x00\n\x00\t\x00\t\x00\t\x00<\x00C\x00o\x00m\x00p\x00o\x00n\x00e\x00n\x00t\x00s\x00>\x00_\x00#\x00_\x00C\x00O\x00M\x00P\x00O\x00N\x00E\x00N\x00T\x00N\x00A\x00M\x00E\x00_\x00#\x00_\x00<\x00/\x00C\x00o\x00m\x00p\x00o\x00n\x00e\x00n\x00t\x00s\x00>\x00\n\x00\t\x00\t\x00\t\x00<\x00I\x00C\x00o\x00m\x00p\x00o\x00n\x00e\x00n\x00t\x00>\x00D\x00e\x00s\x00c\x00r\x00i\x00p\x00t\x00i\x00o\x00n\x00_\x00j\x00a\x00p\x00a\x00n\x00e\x00s\x00e\x00<\x00/\x00I\x00C\x00o\x00m\x00p\x00o\x00n\x00e\x00n\x00t\x00>\x00\n\x00\t\x00\t\x00<\x00/\x00U\x00s\x00e\x00d\x00N\x00a\x00m\x00e\x00>\x00\n\x00\t\x00\t\x00<\x00U\x00s\x00e\x00d\x00N\x00a\x00m\x00e\x00>\x00\n\x00\t\x00\t\x00\t\x00<\x00W\x00i\x00r\x00e\x00s\x00>\x00_\x00#\x00_\x00W\x00I\x00R\x00E\x00N\x00A\x00M\x00E\x00_\x00#\x00_\x00<\x00/\x00W\x00i\x00r\x00e\x00s\x00>\x00\n\x00\t\x00\t\x00\t\x00<\x00I\x00W\x00i\x00r\x00e\x00>\x00_\x00#\x00_\x00C\x00O\x00R\x00E\x00C\x00R\x00O\x00S\x00S\x00_\x00#\x00_\x00<\x00/\x00I\x00W\x00i\x00r\x00e\x00>\x00\n\x00\t\x00\t\x00<\x00/\x00U\x00s\x00e\x00d\x00N\x00a\x00m\x00e\x00>\x00\n\x00\t\x00\t\x00<\x00U\x00s\x00e\x00d\x00N\x00a\x00m\x00e\x00>\x00\n\x00\t\x00\t\x00\t\x00<\x00S\x00y\x00m\x00b\x00o\x00l\x00s\x00>\x00_\x00#\x00_\x00S\x00Y\x00M\x00B\x00O\x00L\x00N\x00A\x00M\x00E\x00_\x00#\x00_\x00<\x00/\x00S\x00y\x00m\x00b\x00o\x00l\x00s\x00>\x00\n\x00\t\x00\t\x00\t\x00<\x00I\x00S\x00y\x00m\x00b\x00o\x00l\x00>\x00D\x00e\x00s\x00c\x00r\x00i\x00p\x00t\x00i\x00o\x00n\x00_\x00j\x00a\x00p\x00a\x00n\x00e\x00s\x00e\x00<\x00/\x00I\x00S\x00y\x00m\x00b\x00o\x00l\x00>\x00\n\x00\t\x00\t\x00<\x00/\x00U\x00s\x00e\x00d\x00N\x00a\x00m\x00e\x00>\x00\n\x00\t\x00\t\x00<\x00U\x00s\x00e\x00d\x00N\x00a\x00m\x00e\x00>\x00\n\x00\t\x00\t\x00\t\x00<\x00M\x00o\x00d\x00e\x00l\x00s\x00>\x00_\x00#\x00_\x00M\x00O\x00D\x00E\x00L\x00N\x00A\x00M\x00E\x00_\x00#\x00_\x00<\x00/\x00M\x00o\x00d\x00e\x00l\x00s\x00>\x00\n\x00\t\x00\t\x00\t\x00<\x00I\x00M\x00o\x00d\x00e\x00l\x00>\x00D\x00e\x00s\x00c\x00r\x00i\x00p\x00t\x00i\x00o\x00n\x00<\x00/\x00I\x00M\x00o\x00d\x00e\x00l\x00>\x00\n\x00\t\x00\t\x00<\x00/\x00U\x00s\x00e\x00d\x00N\x00a\x00m\x00e\x00>\x00\n\x00\t\x00\t\x00<\x00U\x00s\x00e\x00d\x00N\x00a\x00m\x00e\x00>\x00\n\x00\t\x00\t\x00\t\x00<\x00I\x00C\x00o\x00r\x00e\x00>\x00_\x00#\x00_\x00C\x00O\x00R\x00E\x00C\x00R\x00O\x00S\x00S\x00_\x00#\x00_\x00<\x00/\x00I\x00C\x00o\x00r\x00e\x00>\x00\n\x00\t\x00\t\x00<\x00/\x00U\x00s\x00e\x00d\x00N\x00a\x00m\x00e\x00>\x00\n\x00\t\x00<\x00/\x00D\x00a\x00t\x00a\x00>\x00\n\x00<\x00/\x00R\x00o\x00o\x00t\x00>\x00\n\x00\x00\x00',0,False
Class japanese,b'<\x00R\x00o\x00o\x00t\x00>\x00\n\x00\t\x00<\x00D\x00a\x00t\x00a\x00>\x00\n\x00\t\x00\t\x00<\x00S\x00t\x00r\x00u\x00c\x00t\x00u\x00r\x00e\x00>\x00\n\x00\t\x00\t\x00\t\x00<\x00A\x00t\x00t\x00r\x00i\x00b\x00u\x00t\x00e\x00>\x00C\x00l\x00a\x00s\x00s\x00_\x00j\x00a\x00p\x00a\x00n\x00e\x00s\x00e\x00<\x00/\x00A\x00t\x00t\x00r\x00i\x00b\x00u\x00t\x00e\x00>\x00\n\x00\t\x00\t\x00\t\x00<\x00D\x00i\x00r\x00e\x00c\x00t\x00i\x00o\x00n\x00>\x000\x00<\x00/\x00D\x00i\x00r\x00e\x00c\x00t\x00i\x00o\x00n\x00>\x00\n\x00\t\x00\t\x00\t\x00<\x00I\x00n\x00f\x00o\x00>\x002\x00<\x00/\x00I\x00n\x00f\x00o\x00>\x00\n\x00\t\x00\t\x00\t\x00<\x00O\x00r\x00d\x00e\x00r\x00>\x001\x00<\x00/\x00O\x00r\x00d\x00e\x00r\x00>\x00\n\x00\t\x00\t\x00<\x00/\x00S\x00t\x00r\x00u\x00c\x00t\x00u\x00r\x00e\x00>\x00\n\x00\t\x00\t\x00<\x00U\x00s\x00e\x00d\x00N\x00a\x00m\x00e\x00>\x00\n\x00\t\x00\t\x00\t\x00<\x00C\x00o\x00m\x00p\x00o\x00n\x00e\x00n\x00t\x00s\x00>\x00_\x00#\x00_\x00C\x00O\x00M\x00P\x00O\x00N\x00E\x00N\x00T\x00N\x00A\x00M\x00E\x00_\x00#\x00_\x00<\x00/\x00C\x00o\x00m\x00p\x00o\x00n\x00e\x00n\x00t\x00s\x00>\x00\n\x00\t\x00\t\x00\t\x00<\x00I\x00C\x00o\x00m\x00p\x00o\x00n\x00e\x00n\x00t\x00>\x00D\x00e\x00s\x00c\x00r\x00i\x00p\x00t\x00i\x00o\x00n\x00_\x00e\x00n\x00g\x00l\x00i\x00s\x00h\x00<\x00/\x00I\x00C\x00o\x00m\x00p\x00o\x00n\x00e\x00n\x00t\x00>\x00\n\x00\t\x00\t\x00<\x00/\x00U\x00s\x00e\x00d\x00N\x00a\x00m\x00e\x00>\x00\n\x00\t\x00\t\x00<\x00U\x00s\x00e\x00d\x00N\x00a\x00m\x00e\x00>\x00\n\x00\t\x00\t\x00\t\x00<\x00W\x00i\x00r\x00e\x00s\x00>\x00_\x00#\x00_\x00W\x00I\x00R\x00E\x00N\x00A\x00M\x00E\x00_\x00#\x00_\x00<\x00/\x00W\x00i\x00r\x00e\x00s\x00>\x00\n\x00\t\x00\t\x00\t\x00<\x00I\x00W\x00i\x00r\x00e\x00>\x00D\x00i\x00a\x00m\x00e\x00t\x00e\x00r\x00<\x00/\x00I\x00W\x00i\x00r\x00e\x00>\x00\n\x00\t\x00\t\x00<\x00/\x00U\x00s\x00e\x00d\x00N\x00a\x00m\x00e\x00>\x00\n\x00\t\x00\t\x00<\x00U\x00s\x00e\x00d\x00N\x00a\x00m\x00e\x00>\x00\n\x00\t\x00\t\x00\t\x00<\x00S\x00y\x00m\x00b\x00o\x00l\x00s\x00>\x00_\x00#\x00_\x00S\x00Y\x00M\x00B\x00O\x00L\x00N\x00A\x00M\x00E\x00_\x00#\x00_\x00<\x00/\x00S\x00y\x00m\x00b\x00o\x00l\x00s\x00>\x00\n\x00\t\x00\t\x00\t\x00<\x00I\x00S\x00y\x00m\x00b\x00o\x00l\x00>\x00D\x00e\x00s\x00c\x00r\x00i\x00p\x00t\x00i\x00o\x00n\x00_\x00j\x00a\x00p\x00a\x00n\x00e\x00s\x00e\x00<\x00/\x00I\x00S\x00y\x00m\x00b\x00o\x00l\x00>\x00\n\x00\t\x00\t\x00<\x00/\x00U\x00s\x00e\x00d\x00N\x00a\x00m\x00e\x00>\x00\n\x00\t\x00\t\x00<\x00U\x00s\x00e\x00d\x00N\x00a\x00m\x00e\x00>\x00\n\x00\t\x00\t\x00\t\x00<\x00M\x00o\x00d\x00e\x00l\x00s\x00>\x00_\x00#\x00_\x00M\x00O\x00D\x00E\x00L\x00N\x00A\x00M\x00E\x00_\x00#\x00_\x00<\x00/\x00M\x00o\x00d\x00e\x00l\x00s\x00>\x00\n\x00\t\x00\t\x00\t\x00<\x00I\x00M\x00o\x00d\x00e\x00l\x00>\x00D\x00e\x00s\x00c\x00r\x00i\x00p\x00t\x00i\x00o\x00n\x00<\x00/\x00I\x00M\x00o\x00d\x00e\x00l\x00>\x00\n\x00\t\x00\t\x00<\x00/\x00U\x00s\x00e\x00d\x00N\x00a\x00m\x00e\x00>\x00\n\x00\t\x00\t\x00<\x00U\x00s\x00e\x00d\x00N\x00a\x00m\x00e\x00>\x00\n\x00\t\x00\t\x00\t\x00<\x00I\x00C\x00o\x00r\x00e\x00>\x00_\x00#\x00_\x00N\x00O\x00E\x00N\x00T\x00R\x00Y\x00_\x00#\x00_\x00<\x00/\x00I\x00C\x00o\x00r\x00e\x00>\x00\n\x00\t\x00\t\x00<\x00/\x00U\x00s\x00e\x00d\x00N\x00a\x00m\x00e\x00>\x00\n\x00\t\x00<\x00/\x00D\x00a\x00t\x00a\x00>\x00\n\x00<\x00/\x00R\x00o\x00o\x00t\x00>\x00\n\x00\x00\x00',1,False
Class+Class chinese,b'<\x00R\x00o\x00o\x00t\x00>\x00\n\x00\t\x00<\x00D\x00a\x00t\x00a\x00>\x00\n\x00\t\x00\t\x00<\x00S\x00t\x00r\x00u\x00c\x00t\x00u\x00r\x00e\x00>\x00\n\x00\t\x00\t\x00\t\x00<\x00A\x00t\x00t\x00r\x00i\x00b\x00u\x00t\x00e\x00>\x00C\x00l\x00a\x00s\x00s\x00<\x00/\x00A\x00t\x00t\x00r\x00i\x00b\x00u\x00t\x00e\x00>\x00\n\x00\t\x00\t\x00\t\x00<\x00D\x00i\x00r\x00e\x00c\x00t\x00i\x00o\x00n\x00>\x000\x00<\x00/\x00D\x00i\x00r\x00e\x00c\x00t\x00i\x00o\x00n\x00>\x00\n\x00\t\x00\t\x00\t\x00<\x00I\x00n\x00f\x00o\x00>\x002\x00<\x00/\x00I\x00n\x00f\x00o\x00>\x00\n\x00\t\x00\t\x00\t\x00<\x00O\x00r\x00d\x00e\x00r\x00>\x001\x00<\x00/\x00O\x00r\x00d\x00e\x00r\x00>\x00\n\x00\t\x00\t\x00<\x00/\x00S\x00t\x00r\x00u\x00c\x00t\x00u\x00r\x00e\x00>\x00\n\x00\t\x00\t\x00<\x00S\x00t\x00r\x00u\x00c\x00t\x00u\x00r\x00e\x00>\x00\n\x00\t\x00\t\x00\t\x00<\x00A\x00t\x00t\x00r\x00i\x00b\x00u\x00t\x00e\x00>\x00C\x00l\x00a\x00s\x00s\x00_\x00c\x00h\x00i\x00n\x00e\x00s\x00e\x00<\x00/\x00A\x00t\x00t\x00r\x00i\x00b\x00u\x00t\x00e\x00>\x00\n\x00\t\x00\t\x00\t\x00<\x00D\x00i\x00r\x00e\x00c\x00t\x00i\x00o\x00n\x00>\x000\x00<\x00/\x00D\x00i\x00r\x00e\x00c\x00t\x00i\x00o\x00n\x00>\x00\n\x00\t\x00\t\x00\t\x00<\x00I\x00n\x00f\x00o\x00>\x002\x00<\x00/\x00I\x00n\x00f\x00o\x00>\x00\n\x00\t\x00\t\x00\t\x00<\x00O\x00r\x00d\x00e\x00r\x00>\x002\x00<\x00/\x00O\x00r\x00d\x00e\x00r\x00>\x00\n\x00\t\x00\t\x00<\x00/\x00S\x00t\x00r\x00u\x00c\x00t\x00u\x00r\x00e\x00>\x00\n\x00\t\x00\t\x00<\x00U\x00s\x00e\x00d\x00N\x00a\x00m\x00e\x00>\x00\n\x00\t\x00\t\x00\t\x00<\x00C\x00o\x00m\x00p\x00o\x00n\x00e\x00n\x00t\x00s\x00>\x00_\x00#\x00_\x00C\x00O\x00M\x00P\x00O\x00N\x00E\x00N\x00T\x00N\x00A\x00M\x00E\x00_\x00#\x00_\x00<\x00/\x00C\x00o\x00m\x00p\x00o\x00n\x00e\x00n\x00t\x00s\x00>\x00\n\x00\t\x00\t\x00\t\x00<\x00I\x00C\x00o\x00m\x00p\x00o\x00n\x00e\x00n\x00t\x00>\x00D\x00e\x00s\x00c\x00r\x00i\x00p\x00t\x00i\x00o\x00n\x00_\x00c\x00h\x00i\x00n\x00e\x00s\x00e\x00<\x00/\x00I\x00C\x00o\x00m\x00p\x00o\x00n\x00e\x00n\x00t\x00>\x00\n\x00\t\x00\t\x00<\x00/\x00U\x00s\x00e\x00d\x00N\x00a\x00m\x00e\x00>\x00\n\x00\t\x00\t\x00<\x00U\x00s\x00e\x00d\x00N\x00a\x00m\x00e\x00>\x00\n\x00\t\x00\t\x00\t\x00<\x00W\x00i\x00r\x00e\x00s\x00>\x00_\x00#\x00_\x00W\x00I\x00R\x00E\x00N\x00A\x00M\x00E\x00_\x00#\x00_\x00<\x00/\x00W\x00i\x00r\x00e\x00s\x00>\x00\n\x00\t\x00\t\x00\t\x00<\x00I\x00W\x00i\x00r\x00e\x00>\x00_\x00#\x00_\x00C\x00O\x00R\x00E\x00C\x00R\x00O\x00S\x00S\x00_\x00#\x00_\x00<\x00/\x00I\x00W\x00i\x00r\x00e\x00>\x00\n\x00\t\x00\t\x00<\x00/\x00U\x00s\x00e\x00d\x00N\x00a\x00m\x00e\x00>\x00\n\x00\t\x00\t\x00<\x00U\x00s\x00e\x00d\x00N\x00a\x00m\x00e\x00>\x00\n\x00\t\x00\t\x00\t\x00<\x00S\x00y\x00m\x00b\x00o\x00l\x00s\x00>\x00_\x00#\x00_\x00S\x00Y\x00M\x00B\x00O\x00L\x00N\x00A\x00M\x00E\x00_\x00#\x00_\x00<\x00/\x00S\x00y\x00m\x00b\x00o\x00l\x00s\x00>\x00\n\x00\t\x00\t\x00\t\x00<\x00I\x00S\x00y\x00m\x00b\x00o\x00l\x00>\x00D\x00e\x00s\x00c\x00r\x00i\x00p\x00t\x00i\x00o\x00n\x00_\x00c\x00h\x00i\x00n\x00e\x00s\x00e\x00<\x00/\x00I\x00S\x00y\x00m\x00b\x00o\x00l\x00>\x00\n\x00\t\x00\t\x00<\x00/\x00U\x00s\x00e\x00d\x00N\x00a\x00m\x00e\x00>\x00\n\x00\t\x00\t\x00<\x00U\x00s\x00e\x00d\x00N\x00a\x00m\x00e\x00>\x00\n\x00\t\x00\t\x00\t\x00<\x00M\x00o\x00d\x00e\x00l\x00s\x00>\x00_\x00#\x00_\x00M\x00O\x00D\x00E\x00L\x00N\x00A\x00M\x00E\x00_\x00#\x00_\x00<\x00/\x00M\x00o\x00d\x00e\x00l\x00s\x00>\x00\n\x00\t\x00\t\x00\t\x00<\x00I\x00M\x00o\x00d\x00e\x00l\x00>\x00D\x00e\x00s\x00c\x00r\x00i\x00p\x00t\x00i\x00o\x00n\x00<\x00/\x00I\x00M\x00o\x00d\x00e\x00l\x00>\x00\n\x00\t\x00\t\x00<\x00/\x00U\x00s\x00e\x00d\x00N\x00a\x00m\x00e\x00>\x00\n\x00\t\x00\t\x00<\x00U\x00s\x00e\x00d\x00N\x00a\x00m\x00e\x00>\x00\n\x00\t\x00\t\x00\t\x00<\x00I\x00C\x00o\x00r\x00e\x00>\x00_\x00#\x00_\x00C\x00O\x00R\x00E\x00C\x00R\x00O\x00S\x00S\x00_\x00#\x00_\x00<\x00/\x00I\x00C\x00o\x00r\x00e\x00>\x00\n\x00\t\x00\t\x00<\x00/\x00U\x00s\x00e\x00d\x00N\x00a\x00m\x00e\x00>\x00\n\x00\t\x00<\x00/\x00D\x00a\x00t\x00a\x00>\x00\n\x00<\x00/\x00R\x00o\x00o\x00t\x00>\x00\n\x00\x00\x00',3,False
Class+Class english,b'<\x00R\x00o\x00o\x00t\x00>\x00\n\x00\t\x00<\x00D\x00a\x00t\x00a\x00>\x00\n\x00\t\x00\t\x00<\x00S\x00t\x00r\x00u\x00c\x00t\x00u\x00r\x00e\x00>\x00\n\x00\t\x00\t\x00\t\x00<\x00A\x00t\x00t\x00r\x00i\x00b\x00u\x00t\x00e\x00>\x00C\x00l\x00a\x00s\x00s\x00<\x00/\x00A\x00t\x00t\x00r\x00i\x00b\x00u\x00t\x00e\x00>\x00\n\x00\t\x00\t\x00\t\x00<\x00D\x00i\x00r\x00e\x00c\x00t\x00i\x00o\x00n\x00>\x000\x00<\x00/\x00D\x00i\x00r\x00e\x00c\x00t\x00i\x00o\x00n\x00>\x00\n\x00\t\x00\t\x00\t\x00<\x00I\x00n\x00f\x00o\x00>\x002\x00<\x00/\x00I\x00n\x00f\x00o\x00>\x00\n\x00\t\x00\t\x00\t\x00<\x00O\x00r\x00d\x00e\x00r\x00>\x001\x00<\x00/\x00O\x00r\x00d\x00e\x00r\x00>\x00\n\x00\t\x00\t\x00<\x00/\x00S\x00t\x00r\x00u\x00c\x00t\x00u\x00r\x00e\x00>\x00\n\x00\t\x00\t\x00<\x00S\x00t\x00r\x00u\x00c\x00t\x00u\x00r\x00e\x00>\x00\n\x00\t\x00\t\x00\t\x00<\x00A\x00t\x00t\x00r\x00i\x00b\x00u\x00t\x00e\x00>\x00C\x00l\x00a\x00s\x00s\x00_\x00e\x00n\x00g\x00l\x00i\x00s\x00h\x00<\x00/\x00A\x00t\x00t\x00r\x00i\x00b\x00u\x00t\x00e\x00>\x00\n\x00\t\x00\t\x00\t\x00<\x00D\x00i\x00r\x00e\x00c\x00t\x00i\x00o\x00n\x00>\x000\x00<\x00/\x00D\x00i\x00r\x00e\x00c\x00t\x00i\x00o\x00n\x00>\x00\n\x00\t\x00\t\x00\t\x00<\x00I\x00n\x00f\x00o\x00>\x002\x00<\x00/\x00I\x00n\x00f\x00o\x00>\x00\n\x00\t\x00\t\x00\t\x00<\x00O\x00r\x00d\x00e\x00r\x00>\x002\x00<\x00/\x00O\x00r\x00d\x00e\x00r\x00>\x00\n\x00\t\x00\t\x00<\x00/\x00S\x00t\x00r\x00u\x00c\x00t\x00u\x00r\x00e\x00>\x00\n\x00\t\x00\t\x00<\x00U\x00s\x00e\x00d\x00N\x00a\x00m\x00e\x00>\x00\n\x00\t\x00\t\x00\t\x00<\x00C\x00o\x00m\x00p\x00o\x00n\x00e\x00n\x00t\x00s\x00>\x00_\x00#\x00_\x00C\x00O\x00M\x00P\x00O\x00N\x00E\x00N\x00T\x00N\x00A\x00M\x00E\x00_\x00#\x00_\x00<\x00/\x00C\x00o\x00m\x00p\x00o\x00n\x00e\x00n\x00t\x00s\x00>\x00\n\x00\t\x00\t\x00\t\x00<\x00I\x00C\x00o\x00m\x00p\x00o\x00n\x00e\x00n\x00t\x00>\x00D\x00e\x00s\x00c\x00r\x00i\x00p\x00t\x00i\x00o\x00n\x00<\x00/\x00I\x00C\x00o\x00m\x00p\x00o\x00n\x00e\x00n\x00t\x00>\x00\n\x00\t\x00\t\x00<\x00/\x00U\x00s\x00e\x00d\x00N\x00a\x00m\x00e\x00>\x00\n\x00\t\x00\t\x00<\x00U\x00s\x00e\x00d\x00N\x00a\x00m\x00e\x00>\x00\n\x00\t\x00\t\x00\t\x00<\x00W\x00i\x00r\x00e\x00s\x00>\x00_\x00#\x00_\x00W\x00I\x00R\x00E\x00N\x00A\x00M\x00E\x00_\x00#\x00_\x00<\x00/\x00W\x00i\x00r\x00e\x00s\x00>\x00\n\x00\t\x00\t\x00\t\x00<\x00I\x00W\x00i\x00r\x00e\x00>\x00_\x00#\x00_\x00N\x00O\x00E\x00N\x00T\x00R\x00Y\x00_\x00#\x00_\x00<\x00/\x00I\x00W\x00i\x00r\x00e\x00>\x00\n\x00\t\x00\t\x00<\x00/\x00U\x00s\x00e\x00d\x00N\x00a\x00m\x00e\x00>\x00\n\x00\t\x00\t\x00<\x00U\x00s\x00e\x00d\x00N\x00a\x00m\x00e\x00>\x00\n\x00\t\x00\t\x00\t\x00<\x00S\x00y\x00m\x00b\x00o\x00l\x00s\x00>\x00_\x00#\x00_\x00S\x00Y\x00M\x00B\x00O\x00L\x00N\x00A\x00M\x00E\x00_\x00#\x00_\x00<\x00/\x00S\x00y\x00m\x00b\x00o\x00l\x00s\x00>\x00\n\x00\t\x00\t\x00\t\x00<\x00I\x00S\x00y\x00m\x00b\x00o\x00l\x00>\x00D\x00e\x00s\x00c\x00r\x00i\x00p\x00t\x00i\x00o\x00n\x00<\x00/\x00I\x00S\x00y\x00m\x00b\x00o\x00l\x00>\x00\n\x00\t\x00\t\x00<\x00/\x00U\x00s\x00e\x00d\x00N\x00a\x00m\x00e\x00>\x00\n\x00\t\x00\t\x00<\x00U\x00s\x00e\x00d\x00N\x00a\x00m\x00e\x00>\x00\n\x00\t\x00\t\x00\t\x00<\x00M\x00o\x00d\x00e\x00l\x00s\x00>\x00_\x00#\x00_\x00M\x00O\x00D\x00E\x00L\x00N\x00A\x00M\x00E\x00_\x00#\x00_\x00<\x00/\x00M\x00o\x00d\x00e\x00l\x00s\x00>\x00\n\x00\t\x00\t\x00\t\x00<\x00I\x00M\x00o\x00d\x00e\x00l\x00>\x00D\x00e\x00s\x00c\x00r\x00i\x00p\x00t\x00i\x00o\x00n\x00_\x00e\x00n\x00g\x00l\x00i\x00s\x00h\x00<\x00/\x00I\x00M\x00o\x00d\x00e\x00l\x00>\x00\n\x00\t\x00\t\x00<\x00/\x00U\x00s\x00e\x00d\x00N\x00a\x00m\x00e\x00>\x00\n\x00\t\x00\t\x00<\x00U\x00s\x00e\x00d\x00N\x00a\x00m\x00e\x00>\x00\n\x00\t\x00\t\x00\t\x00<\x00I\x00C\x00o\x00r\x00e\x00>\x00_\x00#\x00_\x00N\x00O\x00E\x00N\x00T\x00R\x00Y\x00_\x00#\x00_\x00<\x00/\x00I\x00C\x00o\x00r\x00e\x00>\x00\n\x00\t\x00\t\x00<\x00/\x00U\x00s\x00e\x00d\x00N\x00a\x00m\x00e\x00>\x00\n\x00\t\x00<\x00/\x00D\x00a\x00t\x00a\x00>\x00\n\x00<\x00/\x00R\x00o\x00o\x00t\x00>\x00\n\x00\x00\x00',3,False
Class+Class espagnol,b'<\x00R\x00o\x00o\x00t\x00>\x00\n\x00\t\x00<\x00D\x00a\x00t\x00a\x00>\x00\n\x00\t\x00\t\x00<\x00S\x00t\x00r\x00u\x00c\x00t\x00u\x00r\x00e\x00>\x00\n\x00\t\x00\t\x00\t\x00<\x00A\x00t\x00t\x00r\x00i\x00b\x00u\x00t\x00e\x00>\x00C\x00l\x00a\x00s\x00s\x00<\x00/\x00A\x00t\x00t\x00r\x00i\x00b\x00u\x00t\x00e\x00>\x00\n\x00\t\x00\t\x00\t\x00<\x00D\x00i\x00r\x00e\x00c\x00t\x00i\x00o\x00n\x00>\x000\x00<\x00/\x00D\x00i\x00r\x00e\x00c\x00t\x00i\x00o\x00n\x00>\x00\n\x00\t\x00\t\x00\t\x00<\x00I\x00n\x00f\x00o\x00>\x002\x00<\x00/\x00I\x00n\x00f\x00o\x00>\x00\n\x00\t\x00\t\x00\t\x00<\x00O\x00r\x00d\x00e\x00r\x00>\x001\x00<\x00/\x00O\x00r\x00d\x00e\x00r\x00>\x00\n\x00\t\x00\t\x00<\x00/\x00S\x00t\x00r\x00u\x00c\x00t\x00u\x00r\x00e\x00>\x00\n\x00\t\x00\t\x00<\x00S\x00t\x00r\x00u\x00c\x00t\x00u\x00r\x00e\x00>\x00\n\x00\t\x00\t\x00\t\x00<\x00A\x00t\x00t\x00r\x00i\x00b\x00u\x00t\x00e\x00>\x00C\x00l\x00a\x00s\x00s\x00_\x00c\x00a\x00s\x00t\x00e\x00l\x00l\x00a\x00n\x00o\x00<\x00/\x00A\x00t\x00t\x00r\x00i\x00b\x00u\x00t\x00e\x00>\x00\n\x00\t\x00\t\x00\t\x00<\x00D\x00i\x00r\x00e\x00c\x00t\x00i\x00o\x00n\x00>\x000\x00<\x00/\x00D\x00i\x00r\x00e\x00c\x00t\x00i\x00o\x00n\x00>\x00\n\x00\t\x00\t\x00\t\x00<\x00I\x00n\x00f\x00o\x00>\x002\x00<\x00/\x00I\x00n\x00f\x00o\x00>\x00\n\x00\t\x00\t\x00\t\x00<\x00O\x00r\x00d\x00e\x00r\x00>\x002\x00<\x00/\x00O\x00r\x00d\x00e\x00r\x00>\x00\n\x00\t\x00\t\x00<\x00/\x00S\x00t\x00r\x00u\x00c\x00t\x00u\x00r\x00e\x00>\x00\n\x00\t\x00\t\x00<\x00U\x00s\x00e\x00d\x00N\x00a\x00m\x00e\x00>\x00\n\x00\t\x00\t\x00\t\x00<\x00C\x00o\x00m\x00p\x00o\x00n\x00e\x00n\x00t\x00s\x00>\x00_\x00#\x00_\x00C\x00O\x00M\x00P\x00O\x00N\x00E\x00N\x00T\x00N\x00A\x00M\x00E\x00_\x00#\x00_\x00<\x00/\x00C\x00o\x00m\x00p\x00o\x00n\x00e\x00n\x00t\x00s\x00>\x00\n\x00\t\x00\t\x00\t\x00<\x00I\x00C\x00o\x00m\x00p\x00o\x00n\x00e\x00n\x00t\x00>\x00D\x00e\x00s\x00c\x00r\x00i\x00p\x00t\x00i\x00o\x00n\x00_\x00c\x00a\x00s\x00t\x00e\x00l\x00l\x00a\x00n\x00o\x00<\x00/\x00I\x00C\x00o\x00m\x00p\x00o\x00n\x00e\x00n\x00t\x00>\x00\n\x00\t\x00\t\x00<\x00/\x00U\x00s\x00e\x00d\x00N\x00a\x00m\x00e\x00>\x00\n\x00\t\x00\t\x00<\x00U\x00s\x00e\x00d\x00N\x00a\x00m\x00e\x00>\x00\n\x00\t\x00\t\x00\t\x00<\x00W\x00i\x00r\x00e\x00s\x00>\x00_\x00#\x00_\x00W\x00I\x00R\x00E\x00N\x00A\x00M\x00E\x00_\x00#\x00_\x00<\x00/\x00W\x00i\x00r\x00e\x00s\x00>\x00\n\x00\t\x00\t\x00\t\x00<\x00I\x00W\x00i\x00r\x00e\x00>\x00_\x00#\x00_\x00C\x00O\x00R\x00E\x00C\x00R\x00O\x00S\x00S\x00_\x00#\x00_\x00<\x00/\x00I\x00W\x00i\x00r\x00e\x00>\x00\n\x00\t\x00\t\x00<\x00/\x00U\x00s\x00e\x00d\x00N\x00a\x00m\x00e\x00>\x00\n\x00\t\x00\t\x00<\x00U\x00s\x00e\x00d\x00N\x00a\x00m\x00e\x00>\x00\n\x00\t\x00\t\x00\t\x00<\x00S\x00y\x00m\x00b\x00o\x00l\x00s\x00>\x00_\x00#\x00_\x00S\x00Y\x00M\x00B\x00O\x00L\x00N\x00A\x00M\x00E\x00_\x00#\x00_\x00<\x00/\x00S\x00y\x00m\x00b\x00o\x00l\x00s\x00>\x00\n\x00\t\x00\t\x00\t\x00<\x00I\x00S\x00y\x00m\x00b\x00o\x00l\x00>\x00D\x00e\x00s\x00c\x00r\x00i\x00p\x00t\x00i\x00o\x00n\x00_\x00c\x00a\x00s\x00t\x00e\x00l\x00l\x00a\x00n\x00o\x00<\x00/\x00I\x00S\x00y\x00m\x00b\x00o\x00l\x00>\x00\n\x00\t\x00\t\x00<\x00/\x00U\x00s\x00e\x00d\x00N\x00a\x00m\x00e\x00>\x00\n\x00\t\x00\t\x00<\x00U\x00s\x00e\x00d\x00N\x00a\x00m\x00e\x00>\x00\n\x00\t\x00\t\x00\t\x00<\x00M\x00o\x00d\x00e\x00l\x00s\x00>\x00_\x00#\x00_\x00M\x00O\x00D\x00E\x00L\x00N\x00A\x00M\x00E\x00_\x00#\x00_\x00<\x00/\x00M\x00o\x00d\x00e\x00l\x00s\x00>\x00\n\x00\t\x00\t\x00\t\x00<\x00I\x00M\x00o\x00d\x00e\x00l\x00>\x00D\x00e\x00s\x00c\x00r\x00i\x00p\x00t\x00i\x00o\x00n\x00<\x00/\x00I\x00M\x00o\x00d\x00e\x00l\x00>\x00\n\x00\t\x00\t\x00<\x00/\x00U\x00s\x00e\x00d\x00N\x00a\x00m\x00e\x00>\x00\n\x00\t\x00\t\x00<\x00U\x00s\x00e\x00d\x00N\x00a\x00m\x00e\x00>\x00\n\x00\t\x00\t\x00\t\x00<\x00I\x00C\x00o\x00r\x00e\x00>\x00_\x00#\x00_\x00C\x00O\x00R\x00E\x00C\x00R\x00O\x00S\x00S\x00_\x00#\x00_\x00<\x00/\x00I\x00C\x00o\x00r\x00e\x00>\x00\n\x00\t\x00\t\x00<\x00/\x00U\x00s\x00e\x00d\x00N\x00a\x00m\x00e\x00>\x00\n\x00\t\x00<\x00/\x00D\x00a\x00t\x00a\x00>\x00\n\x00<\x00/\x00R\x00o\x00o\x00t\x00>\x00\n\x00\x00\x00',3,False
Class+Class francais,b'<\x00R\x00o\x00o\x00t\x00>\x00\n\x00\t\x00<\x00D\x00a\x00t\x00a\x00>\x00\n\x00\t\x00\t\x00<\x00S\x00t\x00r\x00u\x00c\x00t\x00u\x00r\x00e\x00>\x00\n\x00\t\x00\t\x00\t\x00<\x00A\x00t\x00t\x00r\x00i\x00b\x00u\x00t\x00e\x00>\x00C\x00l\x00a\x00s\x00s\x00<\x00/\x00A\x00t\x00t\x00r\x00i\x00b\x00u\x00t\x00e\x00>\x00\n\x00\t\x00\t\x00\t\x00<\x00D\x00i\x00r\x00e\x00c\x00t\x00i\x00o\x00n\x00>\x000\x00<\x00/\x00D\x00i\x00r\x00e\x00c\x00t\x00i\x00o\x00n\x00>\x00\n\x00\t\x00\t\x00\t\x00<\x00I\x00n\x00f\x00o\x00>\x002\x00<\x00/\x00I\x00n\x00f\x00o\x00>\x00\n\x00\t\x00\t\x00\t\x00<\x00O\x00r\x00d\x00e\x00r\x00>\x001\x00<\x00/\x00O\x00r\x00d\x00e\x00r\x00>\x00\n\x00\t\x00\t\x00<\x00/\x00S\x00t\x00r\x00u\x00c\x00t\x00u\x00r\x00e\x00>\x00\n\x00\t\x00\t\x00<\x00S\x00t\x00r\x00u\x00c\x00t\x00u\x00r\x00e\x00>\x00\n\x00\t\x00\t\x00\t\x00<\x00A\x00t\x00t\x00r\x00i\x00b\x00u\x00t\x00e\x00>\x00C\x00l\x00a\x00s\x00s\x00_\x00f\x00r\x00a\x00n\x00c\x00a\x00i\x00s\x00<\x00/\x00A\x00t\x00t\x00r\x00i\x00b\x00u\x00t\x00e\x00>\x00\n\x00\t\x00\t\x00\t\x00<\x00D\x00i\x00r\x00e\x00c\x00t\x00i\x00o\x00n\x00>\x000\x00<\x00/\x00D\x00i\x00r\x00e\x00c\x00t\x00i\x00o\x00n\x00>\x00\n\x00\t\x00\t\x00\t\x00<\x00I\x00n\x00f\x00o\x00>\x002\x00<\x00/\x00I\x00n\x00f\x00o\x00>\x00\n\x00\t\x00\t\x00\t\x00<\x00O\x00r\x00d\x00e\x00r\x00>\x002\x00<\x00/\x00O\x00r\x00d\x00e\x00r\x00>\x00\n\x00\t\x00\t\x00<\x00/\x00S\x00t\x00r\x00u\x00c\x00t\x00u\x00r\x00e\x00>\x00\n\x00\t\x00\t\x00<\x00U\x00s\x00e\x00d\x00N\x00a\x00m\x00e\x00>\x00\n\x00\t\x00\t\x00\t\x00<\x00C\x00o\x00m\x00p\x00o\x00n\x00e\x00n\x00t\x00s\x00>\x00_\x00#\x00_\x00C\x00O\x00M\x00P\x00O\x00N\x00E\x00N\x00T\x00N\x00A\x00M\x00E\x00_\x00#\x00_\x00<\x00/\x00C\x00o\x00m\x00p\x00o\x00n\x00e\x00n\x00t\x00s\x00>\x00\n\x00\t\x00\t\x00\t\x00<\x00I\x00C\x00o\x00m\x00p\x00o\x00n\x00e\x00n\x00t\x00>\x00D\x00e\x00s\x00c\x00r\x00i\x00p\x00t\x00i\x00o\x00n\x00_\x00f\x00r\x00a\x00n\x00c\x00a\x00i\x00s\x00<\x00/\x00I\x00C\x00o\x00m\x00p\x00o\x00n\x00e\x00n\x00t\x00>\x00\n\x00\t\x00\t\x00<\x00/\x00U\x00s\x00e\x00d\x00N\x00a\x00m\x00e\x00>\x00\n\x00\t\x00\t\x00<\x00U\x00s\x00e\x00d\x00N\x00a\x00m\x00e\x00>\x00\n\x00\t\x00\t\x00\t\x00<\x00W\x00i\x00r\x00e\x00s\x00>\x00_\x00#\x00_\x00W\x00I\x00R\x00E\x00N\x00A\x00M\x00E\x00_\x00#\x00_\x00<\x00/\x00W\x00i\x00r\x00e\x00s\x00>\x00\n\x00\t\x00\t\x00\t\x00<\x00I\x00W\x00i\x00r\x00e\x00>\x00_\x00#\x00_\x00C\x00O\x00R\x00E\x00C\x00R\x00O\x00S\x00S\x00_\x00#\x00_\x00<\x00/\x00I\x00W\x00i\x00r\x00e\x00>\x00\n\x00\t\x00\t\x00<\x00/\x00U\x00s\x00e\x00d\x00N\x00a\x00m\x00e\x00>\x00\n\x00\t\x00\t\x00<\x00U\x00s\x00e\x00d\x00N\x00a\x00m\x00e\x00>\x00\n\x00\t\x00\t\x00\t\x00<\x00S\x00y\x00m\x00b\x00o\x00l\x00s\x00>\x00_\x00#\x00_\x00S\x00Y\x00M\x00B\x00O\x00L\x00N\x00A\x00M\x00E\x00_\x00#\x00_\x00<\x00/\x00S\x00y\x00m\x00b\x00o\x00l\x00s\x00>\x00\n\x00\t\x00\t\x00\t\x00<\x00I\x00S\x00y\x00m\x00b\x00o\x00l\x00>\x00D\x00e\x00s\x00c\x00r\x00i\x00p\x00t\x00i\x00o\x00n\x00_\x00f\x00r\x00a\x00n\x00c\x00a\x00i\x00s\x00<\x00/\x00I\x00S\x00y\x00m\x00b\x00o\x00l\x00>\x00\n\x00\t\x00\t\x00<\x00/\x00U\x00s\x00e\x00d\x00N\x00a\x00m\x00e\x00>\x00\n\x00\t\x00\t\x00<\x00U\x00s\x00e\x00d\x00N\x00a\x00m\x00e\x00>\x00\n\x00\t\x00\t\x00\t\x00<\x00M\x00o\x00d\x00e\x00l\x00s\x00>\x00_\x00#\x00_\x00M\x00O\x00D\x00E\x00L\x00N\x00A\x00M\x00E\x00_\x00#\x00_\x00<\x00/\x00M\x00o\x00d\x00e\x00l\x00s\x00>\x00\n\x00\t\x00\t\x00\t\x00<\x00I\x00M\x00o\x00d\x00e\x00l\x00>\x00D\x00e\x00s\x00c\x00r\x00i\x00p\x00t\x00i\x00o\x00n\x00<\x00/\x00I\x00M\x00o\x00d\x00e\x00l\x00>\x00\n\x00\t\x00\t\x00<\x00/\x00U\x00s\x00e\x00d\x00N\x00a\x00m\x00e\x00>\x00\n\x00\t\x00\t\x00<\x00U\x00s\x00e\x00d\x00N\x00a\x00m\x00e\x00>\x00\n\x00\t\x00\t\x00\t\x00<\x00I\x00C\x00o\x00r\x00e\x00>\x00_\x00#\x00_\x00C\x00O\x00R\x00E\x00C\x00R\x00O\x00S\x00S\x00_\x00#\x00_\x00<\x00/\x00I\x00C\x00o\x00r\x00e\x00>\x00\n\x00\t\x00\t\x00<\x00/\x00U\x00s\x00e\x00d\x00N\x00a\x00m\x00e\x00>\x00\n\x00\t\x00<\x00/\x00D\x00a\x00t\x00a\x00>\x00\n\x00<\x00/\x00R\x00o\x00o\x00t\x00>\x00\n\x00\x00\x00',3,False
Class+Class italiano,b'<\x00R\x00o\x00o\x00t\x00>\x00\n\x00\t\x00<\x00D\x00a\x00t\x00a\x00>\x00\n\x00\t\x00\t\x00<\x00S\x00t\x00r\x00u\x00c\x00t\x00u\x00r\x00e\x00>\x00\n\x00\t\x00\t\x00\t\x00<\x00A\x00t\x00t\x00r\x00i\x00b\x00u\x00t\x00e\x00>\x00C\x00l\x00a\x00s\x00s\x00<\x00/\x00A\x00t\x00t\x00r\x00i\x00b\x00u\x00t\x00e\x00>\x00\n\x00\t\x00\t\x00\t\x00<\x00D\x00i\x00r\x00e\x00c\x00t\x00i\x00o\x00n\x00>\x000\x00<\x00/\x00D\x00i\x00r\x00e\x00c\x00t\x00i\x00o\x00n\x00>\x00\n\x00\t\x00\t\x00\t\x00<\x00I\x00n\x00f\x00o\x00>\x002\x00<\x00/\x00I\x00n\x00f\x00o\x00>\x00\n\x00\t\x00\t\x00\t\x00<\x00O\x00r\x00d\x00e\x00r\x00>\x001\x00<\x00/\x00O\x00r\x00d\x00e\x00r\x00>\x00\n\x00\t\x00\t\x00<\x00/\x00S\x00t\x00r\x00u\x00c\x00t\x00u\x00r\x00e\x00>\x00\n\x00\t\x00\t\x00<\x00S\x00t\x00r\x00u\x00c\x00t\x00u\x00r\x00e\x00>\x00\n\x00\t\x00\t\x00\t\x00<\x00A\x00t\x00t\x00r\x00i\x00b\x00u\x00t\x00e\x00>\x00C\x00l\x00a\x00s\x00s\x00_\x00i\x00t\x00a\x00l\x00i\x00a\x00n\x00o\x00<\x00/\x00A\x00t\x00t\x00r\x00i\x00b\x00u\x00t\x00e\x00>\x00\n\x00\t\x00\t\x00\t\x00<\x00D\x00i\x00r\x00e\x00c\x00t\x00i\x00o\x00n\x00>\x000\x00<\x00/\x00D\x00i\x00r\x00e\x00c\x00t\x00i\x00o\x00n\x00>\x00\n\x00\t\x00\t\x00\t\x00<\x00I\x00n\x00f\x00o\x00>\x002\x00<\x00/\x00I\x00n\x00f\x00o\x00>\x00\n\x00\t\x00\t\x00\t\x00<\x00O\x00r\x00d\x00e\x00r\x00>\x002\x00<\x00/\x00O\x00r\x00d\x00e\x00r\x00>\x00\n\x00\t\x00\t\x00<\x00/\x00S\x00t\x00r\x00u\x00c\x00t\x00u\x00r\x00e\x00>\x00\n\x00\t\x00\t\x00<\x00U\x00s\x00e\x00d\x00N\x00a\x00m\x00e\x00>\x00\n\x00\t\x00\t\x00\t\x00<\x00C\x00o\x00m\x00p\x00o\x00n\x00e\x00n\x00t\x00s\x00>\x00_\x00#\x00_\x00C\x00O\x00M\x00P\x00O\x00N\x00E\x00N\x00T\x00N\x00A\x00M\x00E\x00_\x00#\x00_\x00<\x00/\x00C\x00o\x00m\x00p\x00o\x00n\x00e\x00n\x00t\x00s\x00>\x00\n\x00\t\x00\t\x00\t\x00<\x00I\x00C\x00o\x00m\x00p\x00o\x00n\x00e\x00n\x00t\x00>\x00D\x00e\x00s\x00c\x00r\x00i\x00p\x00t\x00i\x00o\x00n\x00_\x00i\x00t\x00a\x00l\x00i\x00a\x00n\x00o\x00<\x00/\x00I\x00C\x00o\x00m\x00p\x00o\x00n\x00e\x00n\x00t\x00>\x00\n\x00\t\x00\t\x00<\x00/\x00U\x00s\x00e\x00d\x00N\x00a\x00m\x00e\x00>\x00\n\x00\t\x00\t\x00<\x00U\x00s\x00e\x00d\x00N\x00a\x00m\x00e\x00>\x00\n\x00\t\x00\t\x00\t\x00<\x00W\x00i\x00r\x00e\x00s\x00>\x00_\x00#\x00_\x00W\x00I\x00R\x00E\x00N\x00A\x00M\x00E\x00_\x00#\x00_\x00<\x00/\x00W\x00i\x00r\x00e\x00s\x00>\x00\n\x00\t\x00\t\x00\t\x00<\x00I\x00W\x00i\x00r\x00e\x00>\x00_\x00#\x00_\x00C\x00O\x00R\x00E\x00C\x00R\x00O\x00S\x00S\x00_\x00#\x00_\x00<\x00/\x00I\x00W\x00i\x00r\x00e\x00>\x00\n\x00\t\x00\t\x00<\x00/\x00U\x00s\x00e\x00d\x00N\x00a\x00m\x00e\x00>\x00\n\x00\t\x00\t\x00<\x00U\x00s\x00e\x00d\x00N\x00a\x00m\x00e\x00>\x00\n\x00\t\x00\t\x00\t\x00<\x00S\x00y\x00m\x00b\x00o\x00l\x00s\x00>\x00_\x00#\x00_\x00S\x00Y\x00M\x00B\x00O\x00L\x00N\x00A\x00M\x00E\x00_\x00#\x00_\x00<\x00/\x00S\x00y\x00m\x00b\x00o\x00l\x00s\x00>\x00\n\x00\t\x00\t\x00\t\x00<\x00I\x00S\x00y\x00m\x00b\x00o\x00l\x00>\x00D\x00e\x00s\x00c\x00r\x00i\x00p\x00t\x00i\x00o\x00n\x00_\x00i\x00t\x00a\x00l\x00i\x00a\x00n\x00o\x00<\x00/\x00I\x00S\x00y\x00m\x00b\x00o\x00l\x00>\x00\n\x00\t\x00\t\x00<\x00/\x00U\x00s\x00e\x00d\x00N\x00a\x00m\x00e\x00>\x00\n\x00\t\x00\t\x00<\x00U\x00s\x00e\x00d\x00N\x00a\x00m\x00e\x00>\x00\n\x00\t\x00\t\x00\t\x00<\x00M\x00o\x00d\x00e\x00l\x00s\x00>\x00_\x00#\x00_\x00M\x00O\x00D\x00E\x00L\x00N\x00A\x00M\x00E\x00_\x00#\x00_\x00<\x00/\x00M\x00o\x00d\x00e\x00l\x00s\x00>\x00\n\x00\t\x00\t\x00\t\x00<\x00I\x00M\x00o\x00d\x00e\x00l\x00>\x00D\x00e\x00s\x00c\x00r\x00i\x00p\x00t\x00i\x00o\x00n\x00<\x00/\x00I\x00M\x00o\x00d\x00e\x00l\x00>\x00\n\x00\t\x00\t\x00<\x00/\x00U\x00s\x00e\x00d\x00N\x00a\x00m\x00e\x00>\x00\n\x00\t\x00\t\x00<\x00U\x00s\x00e\x00d\x00N\x00a\x00m\x00e\x00>\x00\n\x00\t\x00\t\x00\t\x00<\x00I\x00C\x00o\x00r\x00e\x00>\x00_\x00#\x00_\x00C\x00O\x00R\x00E\x00C\x00R\x00O\x00S\x00S\x00_\x00#\x00_\x00<\x00/\x00I\x00C\x00o\x00r\x00e\x00>\x00\n\x00\t\x00\t\x00<\x00/\x00U\x00s\x00e\x00d\x00N\x00a\x00m\x00e\x00>\x00\n\x00\t\x00<\x00/\x00D\x00a\x00t\x00a\x00>\x00\n\x00<\x00/\x00R\x00o\x00o\x00t\x00>\x00\n\x00\x00\x00',3,False
Class+Class japanese,b'<\x00R\x00o\x00o\x00t\x00>\x00\n\x00\t\x00<\x00D\x00a\x00t\x00a\x00>\x00\n\x00\t\x00\t\x00<\x00S\x00t\x00r\x00u\x00c\x00t\x00u\x00r\x00e\x00>\x00\n\x00\t\x00\t\x00\t\x00<\x00A\x00t\x00t\x00r\x00i\x00b\x00u\x00t\x00e\x00>\x00C\x00l\x00a\x00s\x00s\x00<\x00/\x00A\x00t\x00t\x00r\x00i\x00b\x00u\x00t\x00e\x00>\x00\n\x00\t\x00\t\x00\t\x00<\x00D\x00i\x00r\x00e\x00c\x00t\x00i\x00o\x00n\x00>\x000\x00<\x00/\x00D\x00i\x00r\x00e\x00c\x00t\x00i\x00o\x00n\x00>\x00\n\x00\t\x00\t\x00\t\x00<\x00I\x00n\x00f\x00o\x00>\x002\x00<\x00/\x00I\x00n\x00f\x00o\x00>\x00\n\x00\t\x00\t\x00\t\x00<\x00O\x00r\x00d\x00e\x00r\x00>\x001\x00<\x00/\x00O\x00r\x00d\x00e\x00r\x00>\x00\n\x00\t\x00\t\x00<\x00/\x00S\x00t\x00r\x00u\x00c\x00t\x00u\x00r\x00e\x00>\x00\n\x00\t\x00\t\x00<\x00S\x00t\x00r\x00u\x00c\x00t\x00u\x00r\x00e\x00>\x00\n\x00\t\x00\t\x00\t\x00<\x00A\x00t\x00t\x00r\x00i\x00b\x00u\x00t\x00e\x00>\x00C\x00l\x00a\x00s\x00s\x00_\x00j\x00a\x00p\x00a\x00n\x00e\x00s\x00e\x00<\x00/\x00A\x00t\x00t\x00r\x00i\x00b\x00u\x00t\x00e\x00>\x00\n\x00\t\x00\t\x00\t\x00<\x00D\x00i\x00r\x00e\x00c\x00t\x00i\x00o\x00n\x00>\x000\x00<\x00/\x00D\x00i\x00r\x00e\x00c\x00t\x00i\x00o\x00n\x00>\x00\n\x00\t\x00\t\x00\t\x00<\x00I\x00n\x00f\x00o\x00>\x002\x00<\x00/\x00I\x00n\x00f\x00o\x00>\x00\n\x00\t\x00\t\x00\t\x00<\x00O\x00r\x00d\x00e\x00r\x00>\x002\x00<\x00/\x00O\x00r\x00d\x00e\x00r\x00>\x00\n\x00\t\x00\t\x00<\x00/\x00S\x00t\x00r\x00u\x00c\x00t\x00u\x00r\x00e\x00>\x00\n\x00\t\x00\t\x00<\x00U\x00s\x00e\x00d\x00N\x00a\x00m\x00e\x00>\x00\n\x00\t\x00\t\x00\t\x00<\x00C\x00o\x00m\x00p\x00o\x00n\x00e\x00n\x00t\x00s\x00>\x00_\x00#\x00_\x00C\x00O\x00M\x00P\x00O\x00N\x00E\x00N\x00T\x00N\x00A\x00M\x00E\x00_\x00#\x00_\x00<\x00/\x00C\x00o\x00m\x00p\x00o\x00n\x00e\x00n\x00t\x00s\x00>\x00\n\x00\t\x00\t\x00\t\x00<\x00I\x00C\x00o\x00m\x00p\x00o\x00n\x00e\x00n\x00t\x00>\x00D\x00e\x00s\x00c\x00r\x00i\x00p\x00t\x00i\x00o\x00n\x00_\x00j\x00a\x00p\x00a\x00n\x00e\x00s\x00e\x00<\x00/\x00I\x00C\x00o\x00m\x00p\x00o\x00n\x00e\x00n\x00t\x00>\x00\n\x00\t\x00\t\x00<\x00/\x00U\x00s\x00e\x00d\x00N\x00a\x00m\x00e\x00>\x00\n\x00\t\x00\t\x00<\x00U\x00s\x00e\x00d\x00N\x00a\x00m\x00e\x00>\x00\n\x00\t\x00\t\x00\t\x00<\x00W\x00i\x00r\x00e\x00s\x00>\x00_\x00#\x00_\x00W\x00I\x00R\x00E\x00N\x00A\x00M\x00E\x00_\x00#\x00_\x00<\x00/\x00W\x00i\x00r\x00e\x00s\x00>\x00\n\x00\t\x00\t\x00\t\x00<\x00I\x00W\x00i\x00r\x00e\x00>\x00_\x00#\x00_\x00C\x00O\x00R\x00E\x00C\x00R\x00O\x00S\x00S\x00_\x00#\x00_\x00<\x00/\x00I\x00W\x00i\x00r\x00e\x00>\x00\n\x00\t\x00\t\x00<\x00/\x00U\x00s\x00e\x00d\x00N\x00a\x00m\x00e\x00>\x00\n\x00\t\x00\t\x00<\x00U\x00s\x00e\x00d\x00N\x00a\x00m\x00e\x00>\x00\n\x00\t\x00\t\x00\t\x00<\x00S\x00y\x00m\x00b\x00o\x00l\x00s\x00>\x00_\x00#\x00_\x00S\x00Y\x00M\x00B\x00O\x00L\x00N\x00A\x00M\x00E\x00_\x00#\x00_\x00<\x00/\x00S\x00y\x00m\x00b\x00o\x00l\x00s\x00>\x00\n\x00\t\x00\t\x00\t\x00<\x00I\x00S\x00y\x00m\x00b\x00o\x00l\x00>\x00D\x00e\x00s\x00c\x00r\x00i\x00p\x00t\x00i\x00o\x00n\x00_\x00j\x00a\x00p\x00a\x00n\x00e\x00s\x00e\x00<\x00/\x00I\x00S\x00y\x00m\x00b\x00o\x00l\x00>\x00\n\x00\t\x00\t\x00<\x00/\x00U\x00s\x00e\x00d\x00N\x00a\x00m\x00e\x00>\x00\n\x00\t\x00\t\x00<\x00U\x00s\x00e\x00d\x00N\x00a\x00m\x00e\x00>\x00\n\x00\t\x00\t\x00\t\x00<\x00M\x00o\x00d\x00e\x00l\x00s\x00>\x00_\x00#\x00_\x00M\x00O\x00D\x00E\x00L\x00N\x00A\x00M\x00E\x00_\x00#\x00_\x00<\x00/\x00M\x00o\x00d\x00e\x00l\x00s\x00>\x00\n\x00\t\x00\t\x00\t\x00<\x00I\x00M\x00o\x00d\x00e\x00l\x00>\x00D\x00e\x00s\x00c\x00r\x00i\x00p\x00t\x00i\x00o\x00n\x00<\x00/\x00I\x00M\x00o\x00d\x00e\x00l\x00>\x00\n\x00\t\x00\t\x00<\x00/\x00U\x00s\x00e\x00d\x00N\x00a\x00m\x00e\x00>\x00\n\x00\t\x00\t\x00<\x00U\x00s\x00e\x00d\x00N\x00a\x00m\x00e\x00>\x00\n\x00\t\x00\t\x00\t\x00<\x00I\x00C\x00o\x00r\x00e\x00>\x00_\x00#\x00_\x00C\x00O\x00R\x00E\x00C\x00R\x00O\x00S\x00S\x00_\x00#\x00_\x00<\x00/\x00I\x00C\x00o\x00r\x00e\x00>\x00\n\x00\t\x00\t\x00<\x00/\x00U\x00s\x00e\x00d\x00N\x00a\x00m\x00e\x00>\x00\n\x00\t\x00<\x00/\x00D\x00a\x00t\x00a\x00>\x00\n\x00<\x00/\x00R\x00o\x00o\x00t\x00>\x00\n\x00\x00\x00',3,False
Class+Classe português,b'<\x00R\x00o\x00o\x00t\x00>\x00\n\x00\t\x00<\x00D\x00a\x00t\x00a\x00>\x00\n\x00\t\x00\t\x00<\x00S\x00t\x00r\x00u\x00c\x00t\x00u\x00r\x00e\x00>\x00\n\x00\t\x00\t\x00\t\x00<\x00A\x00t\x00t\x00r\x00i\x00b\x00u\x00t\x00e\x00>\x00C\x00l\x00a\x00s\x00s\x00<\x00/\x00A\x00t\x00t\x00r\x00i\x00b\x00u\x00t\x00e\x00>\x00\n\x00\t\x00\t\x00\t\x00<\x00D\x00i\x00r\x00e\x00c\x00t\x00i\x00o\x00n\x00>\x000\x00<\x00/\x00D\x00i\x00r\x00e\x00c\x00t\x00i\x00o\x00n\x00>\x00\n\x00\t\x00\t\x00\t\x00<\x00I\x00n\x00f\x00o\x00>\x002\x00<\x00/\x00I\x00n\x00f\x00o\x00>\x00\n\x00\t\x00\t\x00\t\x00<\x00O\x00r\x00d\x00e\x00r\x00>\x001\x00<\x00/\x00O\x00r\x00d\x00e\x00r\x00>\x00\n\x00\t\x00\t\x00<\x00/\x00S\x00t\x00r\x00u\x00c\x00t\x00u\x00r\x00e\x00>\x00\n\x00\t\x00\t\x00<\x00S\x00t\x00r\x00u\x00c\x00t\x00u\x00r\x00e\x00>\x00\n\x00\t\x00\t\x00\t\x00<\x00A\x00t\x00t\x00r\x00i\x00b\x00u\x00t\x00e\x00>\x00C\x00l\x00a\x00s\x00s\x00_\x00p\x00o\x00r\x00t\x00u\x00g\x00u\x00e\x00s\x00<\x00/\x00A\x00t\x00t\x00r\x00i\x00b\x00u\x00t\x00e\x00>\x00\n\x00\t\x00\t\x00\t\x00<\x00D\x00i\x00r\x00e\x00c\x00t\x00i\x00o\x00n\x00>\x000\x00<\x00/\x00D\x00i\x00r\x00e\x00c\x00t\x00i\x00o\x00n\x00>\x00\n\x00\t\x00\t\x00\t\x00<\x00I\x00n\x00f\x00o\x00>\x002\x00<\x00/\x00I\x00n\x00f\x00o\x00>\x00\n\x00\t\x00\t\x00\t\x00<\x00O\x00r\x00d\x00e\x00r\x00>\x002\x00<\x00/\x00O\x00r\x00d\x00e\x00r\x00>\x00\n\x00\t\x00\t\x00<\x00/\x00S\x00t\x00r\x00u\x00c\x00t\x00u\x00r\x00e\x00>\x00\n\x00\t\x00\t\x00<\x00U\x00s\x00e\x00d\x00N\x00a\x00m\x00e\x00>\x00\n\x00\t\x00\t\x00\t\x00<\x00C\x00o\x00m\x00p\x00o\x00n\x00e\x00n\x00t\x00s\x00>\x00_\x00#\x00_\x00C\x00O\x00M\x00P\x00O\x00N\x00E\x00N\x00T\x00N\x00A\x00M\x00E\x00_\x00#\x00_\x00<\x00/\x00C\x00o\x00m\x00p\x00o\x00n\x00e\x00n\x00t\x00s\x00>\x00\n\x00\t\x00\t\x00\t\x00<\x00I\x00C\x00o\x00m\x00p\x00o\x00n\x00e\x00n\x00t\x00>\x00C\x00o\x00m\x00p\x00C\x00l\x00a\x00s\x00_\x00C\x00h\x00a\x00r\x00a\x00c\x00t\x00e\x00r\x00i\x00s\x00t\x00i\x00c\x00<\x00/\x00I\x00C\x00o\x00m\x00p\x00o\x00n\x00e\x00n\x00t\x00>\x00\n\x00\t\x00\t\x00<\x00/\x00U\x00s\x00e\x00d\x00N\x00a\x00m\x00e\x00>\x00\n\x00\t\x00\t\x00<\x00U\x00s\x00e\x00d\x00N\x00a\x00m\x00e\x00>\x00\n\x00\t\x00\t\x00\t\x00<\x00W\x00i\x00r\x00e\x00s\x00>\x00_\x00#\x00_\x00W\x00I\x00R\x00E\x00N\x00A\x00M\x00E\x00_\x00#\x00_\x00<\x00/\x00W\x00i\x00r\x00e\x00s\x00>\x00\n\x00\t\x00\t\x00\t\x00<\x00I\x00W\x00i\x00r\x00e\x00>\x00_\x00#\x00_\x00C\x00O\x00R\x00E\x00C\x00R\x00O\x00S\x00S\x00_\x00#\x00_\x00<\x00/\x00I\x00W\x00i\x00r\x00e\x00>\x00\n\x00\t\x00\t\x00<\x00/\x00U\x00s\x00e\x00d\x00N\x00a\x00m\x00e\x00>\x00\n\x00\t\x00\t\x00<\x00U\x00s\x00e\x00d\x00N\x00a\x00m\x00e\x00>\x00\n\x00\t\x00\t\x00\t\x00<\x00S\x00y\x00m\x00b\x00o\x00l\x00s\x00>\x00_\x00#\x00_\x00S\x00Y\x00M\x00B\x00O\x00L\x00N\x00A\x00M\x00E\x00_\x00#\x00_\x00<\x00/\x00S\x00y\x00m\x00b\x00o\x00l\x00s\x00>\x00\n\x00\t\x00\t\x00\t\x00<\x00I\x00S\x00y\x00m\x00b\x00o\x00l\x00>\x00.\x00A\x00T\x00T\x00A\x00C\x00H\x00E\x00D\x00_\x00S\x00Y\x00M\x00B\x00O\x00L\x00<\x00/\x00I\x00S\x00y\x00m\x00b\x00o\x00l\x00>\x00\n\x00\t\x00\t\x00<\x00/\x00U\x00s\x00e\x00d\x00N\x00a\x00m\x00e\x00>\x00\n\x00\t\x00\t\x00<\x00U\x00s\x00e\x00d\x00N\x00a\x00m\x00e\x00>\x00\n\x00\t\x00\t\x00\t\x00<\x00M\x00o\x00d\x00e\x00l\x00s\x00>\x00_\x00#\x00_\x00M\x00O\x00D\x00E\x00L\x00N\x00A\x00M\x00E\x00_\x00#\x00_\x00<\x00/\x00M\x00o\x00d\x00e\x00l\x00s\x00>\x00\n\x00\t\x00\t\x00\t\x00<\x00I\x00M\x00o\x00d\x00e\x00l\x00>\x00D\x00e\x00s\x00c\x00r\x00i\x00p\x00t\x00i\x00o\x00n\x00<\x00/\x00I\x00M\x00o\x00d\x00e\x00l\x00>\x00\n\x00\t\x00\t\x00<\x00/\x00U\x00s\x00e\x00d\x00N\x00a\x00m\x00e\x00>\x00\n\x00\t\x00\t\x00<\x00U\x00s\x00e\x00d\x00N\x00a\x00m\x00e\x00>\x00\n\x00\t\x00\t\x00\t\x00<\x00I\x00C\x00o\x00r\x00e\x00>\x00_\x00#\x00_\x00C\x00O\x00R\x00E\x00C\x00R\x00O\x00S\x00S\x00_\x00#\x00_\x00<\x00/\x00I\x00C\x00o\x00r\x00e\x00>\x00\n\x00\t\x00\t\x00<\x00/\x00U\x00s\x00e\x00d\x00N\x00a\x00m\x00e\x00>\x00\n\x00\t\x00<\x00/\x00D\x00a\x00t\x00a\x00>\x00\n\x00<\x00/\x00R\x00o\x00o\x00t\x00>\x00\n\x00\x00\x00',3,False
Class+Klasse Deutsch,b'<\x00R\x00o\x00o\x00t\x00>\x00\n\x00\t\x00<\x00D\x00a\x00t\x00a\x00>\x00\n\x00\t\x00\t\x00<\x00S\x00t\x00r\x00u\x00c\x00t\x00u\x00r\x00e\x00>\x00\n\x00\t\x00\t\x00\t\x00<\x00A\x00t\x00t\x00r\x00i\x00b\x00u\x00t\x00e\x00>\x00C\x00l\x00a\x00s\x00s\x00<\x00/\x00A\x00t\x00t\x00r\x00i\x00b\x00u\x00t\x00e\x00>\x00\n\x00\t\x00\t\x00\t\x00<\x00D\x00i\x00r\x00e\x00c\x00t\x00i\x00o\x00n\x00>\x000\x00<\x00/\x00D\x00i\x00r\x00e\x00c\x00t\x00i\x00o\x00n\x00>\x00\n\x00\t\x00\t\x00\t\x00<\x00I\x00n\x00f\x00o\x00>\x002\x00<\x00/\x00I\x00n\x00f\x00o\x00>\x00\n\x00\t\x00\t\x00\t\x00<\x00O\x00r\x00d\x00e\x00r\x00>\x001\x00<\x00/\x00O\x00r\x00d\x00e\x00r\x00>\x00\n\x00\t\x00\t\x00<\x00/\x00S\x00t\x00r\x00u\x00c\x00t\x00u\x00r\x00e\x00>\x00\n\x00\t\x00\t\x00<\x00S\x00t\x00r\x00u\x00c\x00t\x00u\x00r\x00e\x00>\x00\n\x00\t\x00\t\x00\t\x00<\x00A\x00t\x00t\x00r\x00i\x00b\x00u\x00t\x00e\x00>\x00C\x00l\x00a\x00s\x00s\x00_\x00d\x00e\x00u\x00t\x00s\x00c\x00h\x00<\x00/\x00A\x00t\x00t\x00r\x00i\x00b\x00u\x00t\x00e\x00>\x00\n\x00\t\x00\t\x00\t\x00<\x00D\x00i\x00r\x00e\x00c\x00t\x00i\x00o\x00n\x00>\x000\x00<\x00/\x00D\x00i\x00r\x00e\x00c\x00t\x00i\x00o\x00n\x00>\x00\n\x00\t\x00\t\x00\t\x00<\x00I\x00n\x00f\x00o\x00>\x002\x00<\x00/\x00I\x00n\x00f\x00o\x00>\x00\n\x00\t\x00\t\x00\t\x00<\x00O\x00r\x00d\x00e\x00r\x00>\x002\x00<\x00/\x00O\x00r\x00d\x00e\x00r\x00>\x00\n\x00\t\x00\t\x00<\x00/\x00S\x00t\x00r\x00u\x00c\x00t\x00u\x00r\x00e\x00>\x00\n\x00\t\x00\t\x00<\x00U\x00s\x00e\x00d\x00N\x00a\x00m\x00e\x00>\x00\n\x00\t\x00\t\x00\t\x00<\x00C\x00o\x00m\x00p\x00o\x00n\x00e\x00n\x00t\x00s\x00>\x00_\x00#\x00_\x00C\x00O\x00M\x00P\x00O\x00N\x00E\x00N\x00T\x00N\x00A\x00M\x00E\x00_\x00#\x00_\x00<\x00/\x00C\x00o\x00m\x00p\x00o\x00n\x00e\x00n\x00t\x00s\x00>\x00\n\x00\t\x00\t\x00\t\x00<\x00I\x00C\x00o\x00m\x00p\x00o\x00n\x00e\x00n\x00t\x00>\x00D\x00e\x00s\x00c\x00r\x00i\x00p\x00t\x00i\x00o\x00n\x00<\x00/\x00I\x00C\x00o\x00m\x00p\x00o\x00n\x00e\x00n\x00t\x00>\x00\n\x00\t\x00\t\x00<\x00/\x00U\x00s\x00e\x00d\x00N\x00a\x00m\x00e\x00>\x00\n\x00\t\x00\t\x00<\x00U\x00s\x00e\x00d\x00N\x00a\x00m\x00e\x00>\x00\n\x00\t\x00\t\x00\t\x00<\x00W\x00i\x00r\x00e\x00s\x00>\x00_\x00#\x00_\x00W\x00I\x00R\x00E\x00N\x00A\x00M\x00E\x00_\x00#\x00_\x00<\x00/\x00W\x00i\x00r\x00e\x00s\x00>\x00\n\x00\t\x00\t\x00\t\x00<\x00I\x00W\x00i\x00r\x00e\x00>\x00_\x00#\x00_\x00N\x00O\x00E\x00N\x00T\x00R\x00Y\x00_\x00#\x00_\x00<\x00/\x00I\x00W\x00i\x00r\x00e\x00>\x00\n\x00\t\x00\t\x00<\x00/\x00U\x00s\x00e\x00d\x00N\x00a\x00m\x00e\x00>\x00\n\x00\t\x00\t\x00<\x00U\x00s\x00e\x00d\x00N\x00a\x00m\x00e\x00>\x00\n\x00\t\x00\t\x00\t\x00<\x00S\x00y\x00m\x00b\x00o\x00l\x00s\x00>\x00_\x00#\x00_\x00S\x00Y\x00M\x00B\x00O\x00L\x00N\x00A\x00M\x00E\x00_\x00#\x00_\x00<\x00/\x00S\x00y\x00m\x00b\x00o\x00l\x00s\x00>\x00\n\x00\t\x00\t\x00\t\x00<\x00I\x00S\x00y\x00m\x00b\x00o\x00l\x00>\x00D\x00e\x00s\x00c\x00r\x00i\x00p\x00t\x00i\x00o\x00n\x00<\x00/\x00I\x00S\x00y\x00m\x00b\x00o\x00l\x00>\x00\n\x00\t\x00\t\x00<\x00/\x00U\x00s\x00e\x00d\x00N\x00a\x00m\x00e\x00>\x00\n\x00\t\x00\t\x00<\x00U\x00s\x00e\x00d\x00N\x00a\x00m\x00e\x00>\x00\n\x00\t\x00\t\x00\t\x00<\x00M\x00o\x00d\x00e\x00l\x00s\x00>\x00_\x00#\x00_\x00M\x00O\x00D\x00E\x00L\x00N\x00A\x00M\x00E\x00_\x00#\x00_\x00<\x00/\x00M\x00o\x00d\x00e\x00l\x00s\x00>\x00\n\x00\t\x00\t\x00\t\x00<\x00I\x00M\x00o\x00d\x00e\x00l\x00>\x00D\x00e\x00s\x00c\x00r\x00i\x00p\x00t\x00i\x00o\x00n\x00_\x00d\x00e\x00u\x00t\x00s\x00c\x00h\x00<\x00/\x00I\x00M\x00o\x00d\x00e\x00l\x00>\x00\n\x00\t\x00\t\x00<\x00/\x00U\x00s\x00e\x00d\x00N\x00a\x00m\x00e\x00>\x00\n\x00\t\x00\t\x00<\x00U\x00s\x00e\x00d\x00N\x00a\x00m\x00e\x00>\x00\n\x00\t\x00\t\x00\t\x00<\x00I\x00C\x00o\x00r\x00e\x00>\x00_\x00#\x00_\x00N\x00O\x00E\x00N\x00T\x00R\x00Y\x00_\x00#\x00_\x00<\x00/\x00I\x00C\x00o\x00r\x00e\x00>\x00\n\x00\t\x00\t\x00<\x00/\x00U\x00s\x00e\x00d\x00N\x00a\x00m\x00e\x00>\x00\n\x00\t\x00<\x00/\x00D\x00a\x00t\x00a\x00>\x00\n\x00<\x00/\x00R\x00o\x00o\x00t\x00>\x00\n\x00\x00\x00',3,False
Class+Klasse nederlands,b'<\x00R\x00o\x00o\x00t\x00>\x00\n\x00\t\x00<\x00D\x00a\x00t\x00a\x00>\x00\n\x00\t\x00\t\x00<\x00S\x00t\x00r\x00u\x00c\x00t\x00u\x00r\x00e\x00>\x00\n\x00\t\x00\t\x00\t\x00<\x00A\x00t\x00t\x00r\x00i\x00b\x00u\x00t\x00e\x00>\x00C\x00l\x00a\x00s\x00s\x00<\x00/\x00A\x00t\x00t\x00r\x00i\x00b\x00u\x00t\x00e\x00>\x00\n\x00\t\x00\t\x00\t\x00<\x00D\x00i\x00r\x00e\x00c\x00t\x00i\x00o\x00n\x00>\x000\x00<\x00/\x00D\x00i\x00r\x00e\x00c\x00t\x00i\x00o\x00n\x00>\x00\n\x00\t\x00\t\x00\t\x00<\x00I\x00n\x00f\x00o\x00>\x000\x00<\x00/\x00I\x00n\x00f\x00o\x00>\x00\n\x00\t\x00\t\x00\t\x00<\x00O\x00r\x00d\x00e\x00r\x00>\x001\x00<\x00/\x00O\x00r\x00d\x00e\x00r\x00>\x00\n\x00\t\x00\t\x00<\x00/\x00S\x00t\x00r\x00u\x00c\x00t\x00u\x00r\x00e\x00>\x00\n\x00\t\x00\t\x00<\x00S\x00t\x00r\x00u\x00c\x00t\x00u\x00r\x00e\x00>\x00\n\x00\t\x00\t\x00\t\x00<\x00A\x00t\x00t\x00r\x00i\x00b\x00u\x00t\x00e\x00>\x00C\x00l\x00a\x00s\x00s\x00_\x00n\x00e\x00d\x00e\x00r\x00l\x00a\x00n\x00d\x00s\x00<\x00/\x00A\x00t\x00t\x00r\x00i\x00b\x00u\x00t\x00e\x00>\x00\n\x00\t\x00\t\x00\t\x00<\x00D\x00i\x00r\x00e\x00c\x00t\x00i\x00o\x00n\x00>\x000\x00<\x00/\x00D\x00i\x00r\x00e\x00c\x00t\x00i\x00o\x00n\x00>\x00\n\x00\t\x00\t\x00\t\x00<\x00I\x00n\x00f\x00o\x00>\x002\x00<\x00/\x00I\x00n\x00f\x00o\x00>\x00\n\x00\t\x00\t\x00\t\x00<\x00O\x00r\x00d\x00e\x00r\x00>\x002\x00<\x00/\x00O\x00r\x00d\x00e\x00r\x00>\x00\n\x00\t\x00\t\x00<\x00/\x00S\x00t\x00r\x00u\x00c\x00t\x00u\x00r\x00e\x00>\x00\n\x00\t\x00\t\x00<\x00U\x00s\x00e\x00d\x00N\x00a\x00m\x00e\x00>\x00\n\x00\t\x00\t\x00\t\x00<\x00C\x00o\x00m\x00p\x00o\x00n\x00e\x00n\x00t\x00s\x00>\x00_\x00#\x00_\x00C\x00O\x00M\x00P\x00O\x00N\x00E\x00N\x00T\x00N\x00A\x00M\x00E\x00_\x00#\x00_\x00<\x00/\x00C\x00o\x00m\x00p\x00o\x00n\x00e\x00n\x00t\x00s\x00>\x00\n\x00\t\x00\t\x00\t\x00<\x00I\x00C\x00o\x00m\x00p\x00o\x00n\x00e\x00n\x00t\x00>\x00D\x00e\x00s\x00c\x00r\x00i\x00p\x00t\x00i\x00o\x00n\x00_\x00n\x00e\x00d\x00e\x00r\x00l\x00a\x00n\x00d\x00s\x00<\x00/\x00I\x00C\x00o\x00m\x00p\x00o\x00n\x00e\x00n\x00t\x00>\x00\n\x00\t\x00\t\x00<\x00/\x00U\x00s\x00e\x00d\x00N\x00a\x00m\x00e\x00>\x00\n\x00\t\x00\t\x00<\x00U\x00s\x00e\x00d\x00N\x00a\x00m\x00e\x00>\x00\n\x00\t\x00\t\x00\t\x00<\x00W\x00i\x00r\x00e\x00s\x00>\x00_\x00#\x00_\x00W\x00I\x00R\x00E\x00N\x00A\x00M\x00E\x00_\x00#\x00_\x00<\x00/\x00W\x00i\x00r\x00e\x00s\x00>\x00\n\x00\t\x00\t\x00\t\x00<\x00I\x00W\x00i\x00r\x00e\x00>\x00_\x00#\x00_\x00C\x00O\x00R\x00E\x00C\x00R\x00O\x00S\x00S\x00_\x00#\x00_\x00<\x00/\x00I\x00W\x00i\x00r\x00e\x00>\x00\n\x00\t\x00\t\x00<\x00/\x00U\x00s\x00e\x00d\x00N\x00a\x00m\x00e\x00>\x00\n\x00\t\x00\t\x00<\x00U\x00s\x00e\x00d\x00N\x00a\x00m\x00e\x00>\x00\n\x00\t\x00\t\x00\t\x00<\x00S\x00y\x00m\x00b\x00o\x00l\x00s\x00>\x00_\x00#\x00_\x00S\x00Y\x00M\x00B\x00O\x00L\x00N\x00A\x00M\x00E\x00_\x00#\x00_\x00<\x00/\x00S\x00y\x00m\x00b\x00o\x00l\x00s\x00>\x00\n\x00\t\x00\t\x00\t\x00<\x00I\x00S\x00y\x00m\x00b\x00o\x00l\x00>\x00D\x00e\x00s\x00c\x00r\x00i\x00p\x00t\x00i\x00o\x00n\x00_\x00n\x00e\x00d\x00e\x00r\x00l\x00a\x00n\x00d\x00s\x00<\x00/\x00I\x00S\x00y\x00m\x00b\x00o\x00l\x00>\x00\n\x00\t\x00\t\x00<\x00/\x00U\x00s\x00e\x00d\x00N\x00a\x00m\x00e\x00>\x00\n\x00\t\x00\t\x00<\x00U\x00s\x00e\x00d\x00N\x00a\x00m\x00e\x00>\x00\n\x00\t\x00\t\x00\t\x00<\x00M\x00o\x00d\x00e\x00l\x00s\x00>\x00_\x00#\x00_\x00M\x00O\x00D\x00E\x00L\x00N\x00A\x00M\x00E\x00_\x00#\x00_\x00<\x00/\x00M\x00o\x00d\x00e\x00l\x00s\x00>\x00\n\x00\t\x00\t\x00\t\x00<\x00I\x00M\x00o\x00d\x00e\x00l\x00>\x00D\x00e\x00s\x00c\x00r\x00i\x00p\x00t\x00i\x00o\x00n\x00<\x00/\x00I\x00M\x00o\x00d\x00e\x00l\x00>\x00\n\x00\t\x00\t\x00<\x00/\x00U\x00s\x00e\x00d\x00N\x00a\x00m\x00e\x00>\x00\n\x00\t\x00\t\x00<\x00U\x00s\x00e\x00d\x00N\x00a\x00m\x00e\x00>\x00\n\x00\t\x00\t\x00\t\x00<\x00I\x00C\x00o\x00r\x00e\x00>\x00_\x00#\x00_\x00C\x00O\x00R\x00E\x00C\x00R\x00O\x00S\x00S\x00_\x00#\x00_\x00<\x00/\x00I\x00C\x00o\x00r\x00e\x00>\x00\n\x00\t\x00\t\x00<\x00/\x00U\x00s\x00e\x00d\x00N\x00a\x00m\x00e\x00>\x00\n\x00\t\x00<\x00/\x00D\x00a\x00t\x00a\x00>\x00\n\x00<\x00/\x00R\x00o\x00o\x00t\x00>\x00\n\x00\x00\x00',3,False
Class+Класс (русский),b'<\x00R\x00o\x00o\x00t\x00>\x00\n\x00\t\x00<\x00D\x00a\x00t\x00a\x00>\x00\n\x00\t\x00\t\x00<\x00S\x00t\x00r\x00u\x00c\x00t\x00u\x00r\x00e\x00>\x00\n\x00\t\x00\t\x00\t\x00<\x00A\x00t\x00t\x00r\x00i\x00b\x00u\x00t\x00e\x00>\x00C\x00l\x00a\x00s\x00s\x00<\x00/\x00A\x00t\x00t\x00r\x00i\x00b\x00u\x00t\x00e\x00>\x00\n\x00\t\x00\t\x00\t\x00<\x00D\x00i\x00r\x00e\x00c\x00t\x00i\x00o\x00n\x00>\x000\x00<\x00/\x00D\x00i\x00r\x00e\x00c\x00t\x00i\x00o\x00n\x00>\x00\n\x00\t\x00\t\x00\t\x00<\x00I\x00n\x00f\x00o\x00>\x002\x00<\x00/\x00I\x00n\x00f\x00o\x00>\x00\n\x00\t\x00\t\x00\t\x00<\x00O\x00r\x00d\x00e\x00r\x00>\x001\x00<\x00/\x00O\x00r\x00d\x00e\x00r\x00>\x00\n\x00\t\x00\t\x00<\x00/\x00S\x00t\x00r\x00u\x00c\x00t\x00u\x00r\x00e\x00>\x00\n\x00\t\x00\t\x00<\x00S\x00t\x00r\x00u\x00c\x00t\x00u\x00r\x00e\x00>\x00\n\x00\t\x00\t\x00\t\x00<\x00A\x00t\x00t\x00r\x00i\x00b\x00u\x00t\x00e\x00>\x00C\x00l\x00a\x00s\x00s\x00_\x00r\x00u\x00s\x00s\x00i\x00a\x00n\x00<\x00/\x00A\x00t\x00t\x00r\x00i\x00b\x00u\x00t\x00e\x00>\x00\n\x00\t\x00\t\x00\t\x00<\x00D\x00i\x00r\x00e\x00c\x00t\x00i\x00o\x00n\x00>\x000\x00<\x00/\x00D\x00i\x00r\x00e\x00c\x00t\x00i\x00o\x00n\x00>\x00\n\x00\t\x00\t\x00\t\x00<\x00I\x00n\x00f\x00o\x00>\x002\x00<\x00/\x00I\x00n\x00f\x00o\x00>\x00\n\x00\t\x00\t\x00\t\x00<\x00O\x00r\x00d\x00e\x00r\x00>\x002\x00<\x00/\x00O\x00r\x00d\x00e\x00r\x00>\x00\n\x00\t\x00\t\x00<\x00/\x00S\x00t\x00r\x00u\x00c\x00t\x00u\x00r\x00e\x00>\x00\n\x00\t\x00\t\x00<\x00U\x00s\x00e\x00d\x00N\x00a\x00m\x00e\x00>\x00\n\x00\t\x00\t\x00\t\x00<\x00C\x00o\x00m\x00p\x00o\x00n\x00e\x00n\x00t\x00s\x00>\x00_\x00#\x00_\x00C\x00O\x00M\x00P\x00O\x00N\x00E\x00N\x00T\x00N\x00A\x00M\x00E\x00_\x00#\x00_\x00<\x00/\x00C\x00o\x00m\x00p\x00o\x00n\x00e\x00n\x00t\x00s\x00>\x00\n\x00\t\x00\t\x00\t\x00<\x00I\x00C\x00o\x00m\x00p\x00o\x00n\x00e\x00n\x00t\x00>\x00D\x00e\x00s\x00c\x00r\x00i\x00p\x00t\x00i\x00o\x00n\x00_\x00r\x00u\x00s\x00s\x00i\x00a\x00n\x00<\x00/\x00I\x00C\x00o\x00m\x00p\x00o\x00n\x00e\x00n\x00t\x00>\x00\n\x00\t\x00\t\x00<\x00/\x00U\x00s\x00e\x00d\x00N\x00a\x00m\x00e\x00>\x00\n\x00\t\x00\t\x00<\x00U\x00s\x00e\x00d\x00N\x00a\x00m\x00e\x00>\x00\n\x00\t\x00\t\x00\t\x00<\x00W\x00i\x00r\x00e\x00s\x00>\x00_\x00#\x00_\x00W\x00I\x00R\x00E\x00N\x00A\x00M\x00E\x00_\x00#\x00_\x00<\x00/\x00W\x00i\x00r\x00e\x00s\x00>\x00\n\x00\t\x00\t\x00\t\x00<\x00I\x00W\x00i\x00r\x00e\x00>\x00_\x00#\x00_\x00C\x00O\x00R\x00E\x00C\x00R\x00O\x00S\x00S\x00_\x00#\x00_\x00<\x00/\x00I\x00W\x00i\x00r\x00e\x00>\x00\n\x00\t\x00\t\x00<\x00/\x00U\x00s\x00e\x00d\x00N\x00a\x00m\x00e\x00>\x00\n\x00\t\x00\t\x00<\x00U\x00s\x00e\x00d\x00N\x00a\x00m\x00e\x00>\x00\n\x00\t\x00\t\x00\t\x00<\x00S\x00y\x00m\x00b\x00o\x00l\x00s\x00>\x00_\x00#\x00_\x00S\x00Y\x00M\x00B\x00O\x00L\x00N\x00A\x00M\x00E\x00_\x00#\x00_\x00<\x00/\x00S\x00y\x00m\x00b\x00o\x00l\x00s\x00>\x00\n\x00\t\x00\t\x00\t\x00<\x00I\x00S\x00y\x00m\x00b\x00o\x00l\x00>\x00D\x00e\x00s\x00c\x00r\x00i\x00p\x00t\x00i\x00o\x00n\x00_\x00r\x00u\x00s\x00s\x00i\x00a\x00n\x00<\x00/\x00I\x00S\x00y\x00m\x00b\x00o\x00l\x00>\x00\n\x00\t\x00\t\x00<\x00/\x00U\x00s\x00e\x00d\x00N\x00a\x00m\x00e\x00>\x00\n\x00\t\x00\t\x00<\x00U\x00s\x00e\x00d\x00N\x00a\x00m\x00e\x00>\x00\n\x00\t\x00\t\x00\t\x00<\x00M\x00o\x00d\x00e\x00l\x00s\x00>\x00_\x00#\x00_\x00M\x00O\x00D\x00E\x00L\x00N\x00A\x00M\x00E\x00_\x00#\x00_\x00<\x00/\x00M\x00o\x00d\x00e\x00l\x00s\x00>\x00\n\x00\t\x00\t\x00\t\x00<\x00I\x00M\x00o\x00d\x00e\x00l\x00>\x00D\x00e\x00s\x00c\x00r\x00i\x00p\x00t\x00i\x00o\x00n\x00<\x00/\x00I\x00M\x00o\x00d\x00e\x00l\x00>\x00\n\x00\t\x00\t\x00<\x00/\x00U\x00s\x00e\x00d\x00N\x00a\x00m\x00e\x00>\x00\n\x00\t\x00\t\x00<\x00U\x00s\x00e\x00d\x00N\x00a\x00m\x00e\x00>\x00\n\x00\t\x00\t\x00\t\x00<\x00I\x00C\x00o\x00r\x00e\x00>\x00_\x00#\x00_\x00C\x00O\x00R\x00E\x00C\x00R\x00O\x00S\x00S\x00_\x00#\x00_\x00<\x00/\x00I\x00C\x00o\x00r\x00e\x00>\x00\n\x00\t\x00\t\x00<\x00/\x00U\x00s\x00e\x00d\x00N\x00a\x00m\x00e\x00>\x00\n\x00\t\x00<\x00/\x00D\x00a\x00t\x00a\x00>\x00\n\x00<\x00/\x00R\x00o\x00o\x00t\x00>\x00\n\x00\x00\x00',3,False
Classe français,b'<\x00R\x00o\x00o\x00t\x00>\x00\n\x00\t\x00<\x00D\x00a\x00t\x00a\x00>\x00\n\x00\t\x00\t\x00<\x00S\x00t\x00r\x00u\x00c\x00t\x00u\x00r\x00e\x00>\x00\n\x00\t\x00\t\x00\t\x00<\x00A\x00t\x00t\x00r\x00i\x00b\x00u\x00t\x00e\x00>\x00C\x00l\x00a\x00s\x00s\x00_\x00f\x00r\x00a\x00n\x00c\x00a\x00i\x00s\x00<\x00/\x00A\x00t\x00t\x00r\x00i\x00b\x00u\x00t\x00e\x00>\x00\n\x00\t\x00\t\x00\t\x00<\x00D\x00i\x00r\x00e\x00c\x00t\x00i\x00o\x00n\x00>\x000\x00<\x00/\x00D\x00i\x00r\x00e\x00c\x00t\x00i\x00o\x00n\x00>\x00\n\x00\t\x00\t\x00\t\x00<\x00I\x00n\x00f\x00o\x00>\x002\x00<\x00/\x00I\x00n\x00f\x00o\x00>\x00\n\x00\t\x00\t\x00\t\x00<\x00O\x00r\x00d\x00e\x00r\x00>\x001\x00<\x00/\x00O\x00r\x00d\x00e\x00r\x00>\x00\n\x00\t\x00\t\x00<\x00/\x00S\x00t\x00r\x00u\x00c\x00t\x00u\x00r\x00e\x00>\x00\n\x00\t\x00\t\x00<\x00U\x00s\x00e\x00d\x00N\x00a\x00m\x00e\x00>\x00\n\x00\t\x00\t\x00\t\x00<\x00C\x00o\x00m\x00p\x00o\x00n\x00e\x00n\x00t\x00s\x00>\x00_\x00#\x00_\x00C\x00O\x00M\x00P\x00O\x00N\x00E\x00N\x00T\x00N\x00A\x00M\x00E\x00_\x00#\x00_\x00<\x00/\x00C\x00o\x00m\x00p\x00o\x00n\x00e\x00n\x00t\x00s\x00>\x00\n\x00\t\x00\t\x00\t\x00<\x00I\x00C\x00o\x00m\x00p\x00o\x00n\x00e\x00n\x00t\x00>\x00D\x00e\x00s\x00c\x00r\x00i\x00p\x00t\x00i\x00o\x00n\x00_\x00f\x00r\x00a\x00n\x00c\x00a\x00i\x00s\x00<\x00/\x00I\x00C\x00o\x00m\x00p\x00o\x00n\x00e\x00n\x00t\x00>\x00\n\x00\t\x00\t\x00<\x00/\x00U\x00s\x00e\x00d\x00N\x00a\x00m\x00e\x00>\x00\n\x00\t\x00\t\x00<\x00U\x00s\x00e\x00d\x00N\x00a\x00m\x00e\x00>\x00\n\x00\t\x00\t\x00\t\x00<\x00W\x00i\x00r\x00e\x00s\x00>\x00_\x00#\x00_\x00W\x00I\x00R\x00E\x00N\x00A\x00M\x00E\x00_\x00#\x00_\x00<\x00/\x00W\x00i\x00r\x00e\x00s\x00>\x00\n\x00\t\x00\t\x00\t\x00<\x00I\x00W\x00i\x00r\x00e\x00>\x00_\x00#\x00_\x00C\x00O\x00R\x00E\x00C\x00R\x00O\x00S\x00S\x00_\x00#\x00_\x00<\x00/\x00I\x00W\x00i\x00r\x00e\x00>\x00\n\x00\t\x00\t\x00<\x00/\x00U\x00s\x00e\x00d\x00N\x00a\x00m\x00e\x00>\x00\n\x00\t\x00\t\x00<\x00U\x00s\x00e\x00d\x00N\x00a\x00m\x00e\x00>\x00\n\x00\t\x00\t\x00\t\x00<\x00S\x00y\x00m\x00b\x00o\x00l\x00s\x00>\x00_\x00#\x00_\x00S\x00Y\x00M\x00B\x00O\x00L\x00N\x00A\x00M\x00E\x00_\x00#\x00_\x00<\x00/\x00S\x00y\x00m\x00b\x00o\x00l\x00s\x00>\x00\n\x00\t\x00\t\x00\t\x00<\x00I\x00S\x00y\x00m\x00b\x00o\x00l\x00>\x00D\x00e\x00s\x00c\x00r\x00i\x00p\x00t\x00i\x00o\x00n\x00_\x00f\x00r\x00a\x00n\x00c\x00a\x00i\x00s\x00<\x00/\x00I\x00S\x00y\x00m\x00b\x00o\x00l\x00>\x00\n\x00\t\x00\t\x00<\x00/\x00U\x00s\x00e\x00d\x00N\x00a\x00m\x00e\x00>\x00\n\x00\t\x00\t\x00<\x00U\x00s\x00e\x00d\x00N\x00a\x00m\x00e\x00>\x00\n\x00\t\x00\t\x00\t\x00<\x00M\x00o\x00d\x00e\x00l\x00s\x00>\x00_\x00#\x00_\x00M\x00O\x00D\x00E\x00L\x00N\x00A\x00M\x00E\x00_\x00#\x00_\x00<\x00/\x00M\x00o\x00d\x00e\x00l\x00s\x00>\x00\n\x00\t\x00\t\x00\t\x00<\x00I\x00M\x00o\x00d\x00e\x00l\x00>\x00D\x00e\x00s\x00c\x00r\x00i\x00p\x00t\x00i\x00o\x00n\x00<\x00/\x00I\x00M\x00o\x00d\x00e\x00l\x00>\x00\n\x00\t\x00\t\x00<\x00/\x00U\x00s\x00e\x00d\x00N\x00a\x00m\x00e\x00>\x00\n\x00\t\x00\t\x00<\x00U\x00s\x00e\x00d\x00N\x00a\x00m\x00e\x00>\x00\n\x00\t\x00\t\x00\t\x00<\x00I\x00C\x00o\x00r\x00e\x00>\x00_\x00#\x00_\x00C\x00O\x00R\x00E\x00C\x00R\x00O\x00S\x00S\x00_\x00#\x00_\x00<\x00/\x00I\x00C\x00o\x00r\x00e\x00>\x00\n\x00\t\x00\t\x00<\x00/\x00U\x00s\x00e\x00d\x00N\x00a\x00m\x00e\x00>\x00\n\x00\t\x00<\x00/\x00D\x00a\x00t\x00a\x00>\x00\n\x00<\x00/\x00R\x00o\x00o\x00t\x00>\x00\n\x00\x00\x00',0,False
Classe français,b'<\x00R\x00o\x00o\x00t\x00>\x00\n\x00\t\x00<\x00D\x00a\x00t\x00a\x00>\x00\n\x00\t\x00\t\x00<\x00S\x00t\x00r\x00u\x00c\x00t\x00u\x00r\x00e\x00>\x00\n\x00\t\x00\t\x00\t\x00<\x00A\x00t\x00t\x00r\x00i\x00b\x00u\x00t\x00e\x00>\x00C\x00l\x00a\x00s\x00s\x00_\x00f\x00r\x00a\x00n\x00c\x00a\x00i\x00s\x00<\x00/\x00A\x00t\x00t\x00r\x00i\x00b\x00u\x00t\x00e\x00>\x00\n\x00\t\x00\t\x00\t\x00<\x00D\x00i\x00r\x00e\x00c\x00t\x00i\x00o\x00n\x00>\x000\x00<\x00/\x00D\x00i\x00r\x00e\x00c\x00t\x00i\x00o\x00n\x00>\x00\n\x00\t\x00\t\x00\t\x00<\x00I\x00n\x00f\x00o\x00>\x002\x00<\x00/\x00I\x00n\x00f\x00o\x00>\x00\n\x00\t\x00\t\x00\t\x00<\x00O\x00r\x00d\x00e\x00r\x00>\x001\x00<\x00/\x00O\x00r\x00d\x00e\x00r\x00>\x00\n\x00\t\x00\t\x00<\x00/\x00S\x00t\x00r\x00u\x00c\x00t\x00u\x00r\x00e\x00>\x00\n\x00\t\x00\t\x00<\x00U\x00s\x00e\x00d\x00N\x00a\x00m\x00e\x00>\x00\n\x00\t\x00\t\x00\t\x00<\x00C\x00o\x00m\x00p\x00o\x00n\x00e\x00n\x00t\x00s\x00>\x00_\x00#\x00_\x00C\x00O\x00M\x00P\x00O\x00N\x00E\x00N\x00T\x00N\x00A\x00M\x00E\x00_\x00#\x00_\x00<\x00/\x00C\x00o\x00m\x00p\x00o\x00n\x00e\x00n\x00t\x00s\x00>\x00\n\x00\t\x00\t\x00\t\x00<\x00I\x00C\x00o\x00m\x00p\x00o\x00n\x00e\x00n\x00t\x00>\x00D\x00e\x00s\x00c\x00r\x00i\x00p\x00t\x00i\x00o\x00n\x00_\x00f\x00r\x00a\x00n\x00c\x00a\x00i\x00s\x00<\x00/\x00I\x00C\x00o\x00m\x00p\x00o\x00n\x00e\x00n\x00t\x00>\x00\n\x00\t\x00\t\x00<\x00/\x00U\x00s\x00e\x00d\x00N\x00a\x00m\x00e\x00>\x00\n\x00\t\x00\t\x00<\x00U\x00s\x00e\x00d\x00N\x00a\x00m\x00e\x00>\x00\n\x00\t\x00\t\x00\t\x00<\x00W\x00i\x00r\x00e\x00s\x00>\x00_\x00#\x00_\x00W\x00I\x00R\x00E\x00N\x00A\x00M\x00E\x00_\x00#\x00_\x00<\x00/\x00W\x00i\x00r\x00e\x00s\x00>\x00\n\x00\t\x00\t\x00\t\x00<\x00I\x00W\x00i\x00r\x00e\x00>\x00D\x00i\x00a\x00m\x00e\x00t\x00e\x00r\x00<\x00/\x00I\x00W\x00i\x00r\x00e\x00>\x00\n\x00\t\x00\t\x00<\x00/\x00U\x00s\x00e\x00d\x00N\x00a\x00m\x00e\x00>\x00\n\x00\t\x00\t\x00<\x00U\x00s\x00e\x00d\x00N\x00a\x00m\x00e\x00>\x00\n\x00\t\x00\t\x00\t\x00<\x00S\x00y\x00m\x00b\x00o\x00l\x00s\x00>\x00_\x00#\x00_\x00S\x00Y\x00M\x00B\x00O\x00L\x00N\x00A\x00M\x00E\x00_\x00#\x00_\x00<\x00/\x00S\x00y\x00m\x00b\x00o\x00l\x00s\x00>\x00\n\x00\t\x00\t\x00\t\x00<\x00I\x00S\x00y\x00m\x00b\x00o\x00l\x00>\x00D\x00e\x00s\x00c\x00r\x00i\x00p\x00t\x00i\x00o\x00n\x00_\x00f\x00r\x00a\x00n\x00c\x00a\x00i\x00s\x00<\x00/\x00I\x00S\x00y\x00m\x00b\x00o\x00l\x00>\x00\n\x00\t\x00\t\x00<\x00/\x00U\x00s\x00e\x00d\x00N\x00a\x00m\x00e\x00>\x00\n\x00\t\x00\t\x00<\x00U\x00s\x00e\x00d\x00N\x00a\x00m\x00e\x00>\x00\n\x00\t\x00\t\x00\t\x00<\x00M\x00o\x00d\x00e\x00l\x00s\x00>\x00_\x00#\x00_\x00M\x00O\x00D\x00E\x00L\x00N\x00A\x00M\x00E\x00_\x00#\x00_\x00<\x00/\x00M\x00o\x00d\x00e\x00l\x00s\x00>\x00\n\x00\t\x00\t\x00\t\x00<\x00I\x00M\x00o\x00d\x00e\x00l\x00>\x00D\x00e\x00s\x00c\x00r\x00i\x00p\x00t\x00i\x00o\x00n\x00<\x00/\x00I\x00M\x00o\x00d\x00e\x00l\x00>\x00\n\x00\t\x00\t\x00<\x00/\x00U\x00s\x00e\x00d\x00N\x00a\x00m\x00e\x00>\x00\n\x00\t\x00<\x00/\x00D\x00a\x00t\x00a\x00>\x00\n\x00<\x00/\x00R\x00o\x00o\x00t\x00>\x00\n\x00\x00\x00',1,False
Classe português,b'<\x00R\x00o\x00o\x00t\x00>\x00\n\x00\t\x00<\x00D\x00a\x00t\x00a\x00>\x00\n\x00\t\x00\t\x00<\x00S\x00t\x00r\x00u\x00c\x00t\x00u\x00r\x00e\x00>\x00\n\x00\t\x00\t\x00\t\x00<\x00A\x00t\x00t\x00r\x00i\x00b\x00u\x00t\x00e\x00>\x00C\x00l\x00a\x00s\x00s\x00_\x00p\x00o\x00r\x00t\x00u\x00g\x00u\x00e\x00s\x00<\x00/\x00A\x00t\x00t\x00r\x00i\x00b\x00u\x00t\x00e\x00>\x00\n\x00\t\x00\t\x00\t\x00<\x00D\x00i\x00r\x00e\x00c\x00t\x00i\x00o\x00n\x00>\x000\x00<\x00/\x00D\x00i\x00r\x00e\x00c\x00t\x00i\x00o\x00n\x00>\x00\n\x00\t\x00\t\x00\t\x00<\x00I\x00n\x00f\x00o\x00>\x002\x00<\x00/\x00I\x00n\x00f\x00o\x00>\x00\n\x00\t\x00\t\x00\t\x00<\x00O\x00r\x00d\x00e\x00r\x00>\x001\x00<\x00/\x00O\x00r\x00d\x00e\x00r\x00>\x00\n\x00\t\x00\t\x00<\x00/\x00S\x00t\x00r\x00u\x00c\x00t\x00u\x00r\x00e\x00>\x00\n\x00\t\x00\t\x00<\x00U\x00s\x00e\x00d\x00N\x00a\x00m\x00e\x00>\x00\n\x00\t\x00\t\x00\t\x00<\x00C\x00o\x00m\x00p\x00o\x00n\x00e\x00n\x00t\x00s\x00>\x00_\x00#\x00_\x00C\x00O\x00M\x00P\x00O\x00N\x00E\x00N\x00T\x00N\x00A\x00M\x00E\x00_\x00#\x00_\x00<\x00/\x00C\x00o\x00m\x00p\x00o\x00n\x00e\x00n\x00t\x00s\x00>\x00\n\x00\t\x00\t\x00\t\x00<\x00I\x00C\x00o\x00m\x00p\x00o\x00n\x00e\x00n\x00t\x00>\x00D\x00e\x00s\x00c\x00r\x00i\x00p\x00t\x00i\x00o\x00n\x00_\x00p\x00o\x00r\x00t\x00u\x00g\x00u\x00e\x00s\x00<\x00/\x00I\x00C\x00o\x00m\x00p\x00o\x00n\x00e\x00n\x00t\x00>\x00\n\x00\t\x00\t\x00<\x00/\x00U\x00s\x00e\x00d\x00N\x00a\x00m\x00e\x00>\x00\n\x00\t\x00\t\x00<\x00U\x00s\x00e\x00d\x00N\x00a\x00m\x00e\x00>\x00\n\x00\t\x00\t\x00\t\x00<\x00W\x00i\x00r\x00e\x00s\x00>\x00_\x00#\x00_\x00W\x00I\x00R\x00E\x00N\x00A\x00M\x00E\x00_\x00#\x00_\x00<\x00/\x00W\x00i\x00r\x00e\x00s\x00>\x00\n\x00\t\x00\t\x00\t\x00<\x00I\x00W\x00i\x00r\x00e\x00>\x00_\x00#\x00_\x00C\x00O\x00R\x00E\x00C\x00R\x00O\x00S\x00S\x00_\x00#\x00_\x00<\x00/\x00I\x00W\x00i\x00r\x00e\x00>\x00\n\x00\t\x00\t\x00<\x00/\x00U\x00s\x00e\x00d\x00N\x00a\x00m\x00e\x00>\x00\n\x00\t\x00\t\x00<\x00U\x00s\x00e\x00d\x00N\x00a\x00m\x00e\x00>\x00\n\x00\t\x00\t\x00\t\x00<\x00S\x00y\x00m\x00b\x00o\x00l\x00s\x00>\x00_\x00#\x00_\x00S\x00Y\x00M\x00B\x00O\x00L\x00N\x00A\x00M\x00E\x00_\x00#\x00_\x00<\x00/\x00S\x00y\x00m\x00b\x00o\x00l\x00s\x00>\x00\n\x00\t\x00\t\x00\t\x00<\x00I\x00S\x00y\x00m\x00b\x00o\x00l\x00>\x00D\x00e\x00s\x00c\x00r\x00i\x00p\x00t\x00i\x00o\x00n\x00_\x00p\x00o\x00r\x00t\x00u\x00g\x00u\x00e\x00s\x00<\x00/\x00I\x00S\x00y\x00m\x00b\x00o\x00l\x00>\x00\n\x00\t\x00\t\x00<\x00/\x00U\x00s\x00e\x00d\x00N\x00a\x00m\x00e\x00>\x00\n\x00\t\x00\t\x00<\x00U\x00s\x00e\x00d\x00N\x00a\x00m\x00e\x00>\x00\n\x00\t\x00\t\x00\t\x00<\x00M\x00o\x00d\x00e\x00l\x00s\x00>\x00_\x00#\x00_\x00M\x00O\x00D\x00E\x00L\x00N\x00A\x00M\x00E\x00_\x00#\x00_\x00<\x00/\x00M\x00o\x00d\x00e\x00l\x00s\x00>\x00\n\x00\t\x00\t\x00\t\x00<\x00I\x00M\x00o\x00d\x00e\x00l\x00>\x00D\x00e\x00s\x00c\x00r\x00i\x00p\x00t\x00i\x00o\x00n\x00<\x00/\x00I\x00M\x00o\x00d\x00e\x00l\x00>\x00\n\x00\t\x00\t\x00<\x00/\x00U\x00s\x00e\x00d\x00N\x00a\x00m\x00e\x00>\x00\n\x00\t\x00\t\x00<\x00U\x00s\x00e\x00d\x00N\x00a\x00m\x00e\x00>\x00\n\x00\t\x00\t\x00\t\x00<\x00I\x00C\x00o\x00r\x00e\x00>\x00_\x00#\x00_\x00C\x00O\x00R\x00E\x00C\x00R\x00O\x00S\x00S\x00_\x00#\x00_\x00<\x00/\x00I\x00C\x00o\x00r\x00e\x00>\x00\n\x00\t\x00\t\x00<\x00/\x00U\x00s\x00e\x00d\x00N\x00a\x00m\x00e\x00>\x00\n\x00\t\x00<\x00/\x00D\x00a\x00t\x00a\x00>\x00\n\x00<\x00/\x00R\x00o\x00o\x00t\x00>\x00\n\x00\x00\x00',0,False
Classe português,b'<\x00R\x00o\x00o\x00t\x00>\x00\n\x00\t\x00<\x00D\x00a\x00t\x00a\x00>\x00\n\x00\t\x00\t\x00<\x00S\x00t\x00r\x00u\x00c\x00t\x00u\x00r\x00e\x00>\x00\n\x00\t\x00\t\x00\t\x00<\x00A\x00t\x00t\x00r\x00i\x00b\x00u\x00t\x00e\x00>\x00C\x00l\x00a\x00s\x00s\x00_\x00p\x00o\x00r\x00t\x00u\x00g\x00u\x00e\x00s\x00<\x00/\x00A\x00t\x00t\x00r\x00i\x00b\x00u\x00t\x00e\x00>\x00\n\x00\t\x00\t\x00\t\x00<\x00D\x00i\x00r\x00e\x00c\x00t\x00i\x00o\x00n\x00>\x000\x00<\x00/\x00D\x00i\x00r\x00e\x00c\x00t\x00i\x00o\x00n\x00>\x00\n\x00\t\x00\t\x00\t\x00<\x00I\x00n\x00f\x00o\x00>\x002\x00<\x00/\x00I\x00n\x00f\x00o\x00>\x00\n\x00\t\x00\t\x00\t\x00<\x00O\x00r\x00d\x00e\x00r\x00>\x001\x00<\x00/\x00O\x00r\x00d\x00e\x00r\x00>\x00\n\x00\t\x00\t\x00<\x00/\x00S\x00t\x00r\x00u\x00c\x00t\x00u\x00r\x00e\x00>\x00\n\x00\t\x00\t\x00<\x00U\x00s\x00e\x00d\x00N\x00a\x00m\x00e\x00>\x00\n\x00\t\x00\t\x00\t\x00<\x00C\x00o\x00m\x00p\x00o\x00n\x00e\x00n\x00t\x00s\x00>\x00_\x00#\x00_\x00C\x00O\x00M\x00P\x00O\x00N\x00E\x00N\x00T\x00N\x00A\x00M\x00E\x00_\x00#\x00_\x00<\x00/\x00C\x00o\x00m\x00p\x00o\x00n\x00e\x00n\x00t\x00s\x00>\x00\n\x00\t\x00\t\x00\t\x00<\x00I\x00C\x00o\x00m\x00p\x00o\x00n\x00e\x00n\x00t\x00>\x00C\x00o\x00m\x00p\x00C\x00l\x00a\x00s\x00s\x00_\x00C\x00o\x00n\x00t\x00a\x00c\x00t\x00s\x00A\x00<\x00/\x00I\x00C\x00o\x00m\x00p\x00o\x00n\x00e\x00n\x00t\x00>\x00\n\x00\t\x00\t\x00<\x00/\x00U\x00s\x00e\x00d\x00N\x00a\x00m\x00e\x00>\x00\n\x00\t\x00\t\x00<\x00U\x00s\x00e\x00d\x00N\x00a\x00m\x00e\x00>\x00\n\x00\t\x00\t\x00\t\x00<\x00W\x00i\x00r\x00e\x00s\x00>\x00_\x00#\x00_\x00W\x00I\x00R\x00E\x00N\x00A\x00M\x00E\x00_\x00#\x00_\x00<\x00/\x00W\x00i\x00r\x00e\x00s\x00>\x00\n\x00\t\x00\t\x00\t\x00<\x00I\x00W\x00i\x00r\x00e\x00>\x00D\x00i\x00a\x00m\x00e\x00t\x00e\x00r\x00<\x00/\x00I\x00W\x00i\x00r\x00e\x00>\x00\n\x00\t\x00\t\x00<\x00/\x00U\x00s\x00e\x00d\x00N\x00a\x00m\x00e\x00>\x00\n\x00\t\x00\t\x00<\x00U\x00s\x00e\x00d\x00N\x00a\x00m\x00e\x00>\x00\n\x00\t\x00\t\x00\t\x00<\x00S\x00y\x00m\x00b\x00o\x00l\x00s\x00>\x00_\x00#\x00_\x00S\x00Y\x00M\x00B\x00O\x00L\x00N\x00A\x00M\x00E\x00_\x00#\x00_\x00<\x00/\x00S\x00y\x00m\x00b\x00o\x00l\x00s\x00>\x00\n\x00\t\x00\t\x00\t\x00<\x00I\x00S\x00y\x00m\x00b\x00o\x00l\x00>\x00D\x00e\x00s\x00c\x00r\x00i\x00p\x00t\x00i\x00o\x00n\x00_\x00p\x00o\x00r\x00t\x00u\x00g\x00u\x00e\x00s\x00<\x00/\x00I\x00S\x00y\x00m\x00b\x00o\x00l\x00>\x00\n\x00\t\x00\t\x00<\x00/\x00U\x00s\x00e\x00d\x00N\x00a\x00m\x00e\x00>\x00\n\x00\t\x00\t\x00<\x00U\x00s\x00e\x00d\x00N\x00a\x00m\x00e\x00>\x00\n\x00\t\x00\t\x00\t\x00<\x00M\x00o\x00d\x00e\x00l\x00s\x00>\x00_\x00#\x00_\x00M\x00O\x00D\x00E\x00L\x00N\x00A\x00M\x00E\x00_\x00#\x00_\x00<\x00/\x00M\x00o\x00d\x00e\x00l\x00s\x00>\x00\n\x00\t\x00\t\x00\t\x00<\x00I\x00M\x00o\x00d\x00e\x00l\x00>\x00D\x00e\x00s\x00c\x00r\x00i\x00p\x00t\x00i\x00o\x00n\x00<\x00/\x00I\x00M\x00o\x00d\x00e\x00l\x00>\x00\n\x00\t\x00\t\x00<\x00/\x00U\x00s\x00e\x00d\x00N\x00a\x00m\x00e\x00>\x00\n\x00\t\x00\t\x00<\x00U\x00s\x00e\x00d\x00N\x00a\x00m\x00e\x00>\x00\n\x00\t\x00\t\x00\t\x00<\x00I\x00C\x00o\x00r\x00e\x00>\x00_\x00#\x00_\x00N\x00O\x00E\x00N\x00T\x00R\x00Y\x00_\x00#\x00_\x00<\x00/\x00I\x00C\x00o\x00r\x00e\x00>\x00\n\x00\t\x00\t\x00<\x00/\x00U\x00s\x00e\x00d\x00N\x00a\x00m\x00e\x00>\x00\n\x00\t\x00<\x00/\x00D\x00a\x00t\x00a\x00>\x00\n\x00<\x00/\x00R\x00o\x00o\x00t\x00>\x00\n\x00\x00\x00',1,False
Classification,b'<\x00R\x00o\x00o\x00t\x00>\x00\n\x00\t\x00<\x00D\x00a\x00t\x00a\x00>\x00\n\x00\t\x00\t\x00<\x00S\x00t\x00r\x00u\x00c\x00t\x00u\x00r\x00e\x00>\x00\n\x00\t\x00\t\x00\t\x00<\x00A\x00t\x00t\x00r\x00i\x00b\x00u\x00t\x00e\x00>\x00C\x00l\x00a\x00s\x00s\x00<\x00/\x00A\x00t\x00t\x00r\x00i\x00b\x00u\x00t\x00e\x00>\x00\n\x00\t\x00\t\x00\t\x00<\x00D\x00i\x00r\x00e\x00c\x00t\x00i\x00o\x00n\x00>\x000\x00<\x00/\x00D\x00i\x00r\x00e\x00c\x00t\x00i\x00o\x00n\x00>\x00\n\x00\t\x00\t\x00\t\x00<\x00I\x00n\x00f\x00o\x00>\x000\x00<\x00/\x00I\x00n\x00f\x00o\x00>\x00\n\x00\t\x00\t\x00\t\x00<\x00O\x00r\x00d\x00e\x00r\x00>\x001\x00<\x00/\x00O\x00r\x00d\x00e\x00r\x00>\x00\n\x00\t\x00\t\x00<\x00/\x00S\x00t\x00r\x00u\x00c\x00t\x00u\x00r\x00e\x00>\x00\n\x00\t\x00\t\x00<\x00S\x00t\x00r\x00u\x00c\x00t\x00u\x00r\x00e\x00>\x00\n\x00\t\x00\t\x00\t\x00<\x00A\x00t\x00t\x00r\x00i\x00b\x00u\x00t\x00e\x00>\x00_\x00#\x00_\x00C\x00L\x00A\x00S\x00S\x00I\x00F\x00I\x00C\x00A\x00T\x00I\x00O\x00N\x00_\x00#\x00_\x001\x00<\x00/\x00A\x00t\x00t\x00r\x00i\x00b\x00u\x00t\x00e\x00>\x00\n\x00\t\x00\t\x00\t\x00<\x00D\x00i\x00r\x00e\x00c\x00t\x00i\x00o\x00n\x00>\x000\x00<\x00/\x00D\x00i\x00r\x00e\x00c\x00t\x00i\x00o\x00n\x00>\x00\n\x00\t\x00\t\x00\t\x00<\x00I\x00n\x00f\x00o\x00>\x000\x00<\x00/\x00I\x00n\x00f\x00o\x00>\x00\n\x00\t\x00\t\x00\t\x00<\x00O\x00r\x00d\x00e\x00r\x00>\x002\x00<\x00/\x00O\x00r\x00d\x00e\x00r\x00>\x00\n\x00\t\x00\t\x00<\x00/\x00S\x00t\x00r\x00u\x00c\x00t\x00u\x00r\x00e\x00>\x00\n\x00\t\x00\t\x00<\x00S\x00t\x00r\x00u\x00c\x00t\x00u\x00r\x00e\x00>\x00\n\x00\t\x00\t\x00\t\x00<\x00A\x00t\x00t\x00r\x00i\x00b\x00u\x00t\x00e\x00>\x00_\x00#\x00_\x00C\x00L\x00A\x00S\x00S\x00I\x00F\x00I\x00C\x00A\x00T\x00I\x00O\x00N\x00_\x00#\x00_\x002\x00<\x00/\x00A\x00t\x00t\x00r\x00i\x00b\x00u\x00t\x00e\x00>\x00\n\x00\t\x00\t\x00\t\x00<\x00D\x00i\x00r\x00e\x00c\x00t\x00i\x00o\x00n\x00>\x000\x00<\x00/\x00D\x00i\x00r\x00e\x00c\x00t\x00i\x00o\x00n\x00>\x00\n\x00\t\x00\t\x00\t\x00<\x00I\x00n\x00f\x00o\x00>\x000\x00<\x00/\x00I\x00n\x00f\x00o\x00>\x00\n\x00\t\x00\t\x00\t\x00<\x00O\x00r\x00d\x00e\x00r\x00>\x003\x00<\x00/\x00O\x00r\x00d\x00e\x00r\x00>\x00\n\x00\t\x00\t\x00<\x00/\x00S\x00t\x00r\x00u\x00c\x00t\x00u\x00r\x00e\x00>\x00\n\x00\t\x00\t\x00<\x00S\x00t\x00r\x00u\x00c\x00t\x00u\x00r\x00e\x00>\x00\n\x00\t\x00\t\x00\t\x00<\x00A\x00t\x00t\x00r\x00i\x00b\x00u\x00t\x00e\x00>\x00_\x00#\x00_\x00C\x00L\x00A\x00S\x00S\x00I\x00F\x00I\x00C\x00A\x00T\x00I\x00O\x00N\x00_\x00#\x00_\x003\x00<\x00/\x00A\x00t\x00t\x00r\x00i\x00b\x00u\x00t\x00e\x00>\x00\n\x00\t\x00\t\x00\t\x00<\x00D\x00i\x00r\x00e\x00c\x00t\x00i\x00o\x00n\x00>\x000\x00<\x00/\x00D\x00i\x00r\x00e\x00c\x00t\x00i\x00o\x00n\x00>\x00\n\x00\t\x00\t\x00\t\x00<\x00I\x00n\x00f\x00o\x00>\x000\x00<\x00/\x00I\x00n\x00f\x00o\x00>\x00\n\x00\t\x00\t\x00\t\x00<\x00O\x00r\x00d\x00e\x00r\x00>\x004\x00<\x00/\x00O\x00r\x00d\x00e\x00r\x00>\x00\n\x00\t\x00\t\x00<\x00/\x00S\x00t\x00r\x00u\x00c\x00t\x00u\x00r\x00e\x00>\x00\n\x00\t\x00\t\x00<\x00S\x00t\x00r\x00u\x00c\x00t\x00u\x00r\x00e\x00>\x00\n\x00\t\x00\t\x00\t\x00<\x00A\x00t\x00t\x00r\x00i\x00b\x00u\x00t\x00e\x00>\x00_\x00#\x00_\x00C\x00L\x00A\x00S\x00S\x00I\x00F\x00I\x00C\x00A\x00T\x00I\x00O\x00N\x00_\x00#\x00_\x004\x00<\x00/\x00A\x00t\x00t\x00r\x00i\x00b\x00u\x00t\x00e\x00>\x00\n\x00\t\x00\t\x00\t\x00<\x00D\x00i\x00r\x00e\x00c\x00t\x00i\x00o\x00n\x00>\x000\x00<\x00/\x00D\x00i\x00r\x00e\x00c\x00t\x00i\x00o\x00n\x00>\x00\n\x00\t\x00\t\x00\t\x00<\x00I\x00n\x00f\x00o\x00>\x000\x00<\x00/\x00I\x00n\x00f\x00o\x00>\x00\n\x00\t\x00\t\x00\t\x00<\x00O\x00r\x00d\x00e\x00r\x00>\x005\x00<\x00/\x00O\x00r\x00d\x00e\x00r\x00>\x00\n\x00\t\x00\t\x00<\x00/\x00S\x00t\x00r\x00u\x00c\x00t\x00u\x00r\x00e\x00>\x00\n\x00\t\x00\t\x00<\x00S\x00t\x00r\x00u\x00c\x00t\x00u\x00r\x00e\x00>\x00\n\x00\t\x00\t\x00\t\x00<\x00A\x00t\x00t\x00r\x00i\x00b\x00u\x00t\x00e\x00>\x00_\x00#\x00_\x00C\x00L\x00A\x00S\x00S\x00I\x00F\x00I\x00C\x00A\x00T\x00I\x00O\x00N\x00_\x00#\x00_\x005\x00<\x00/\x00A\x00t\x00t\x00r\x00i\x00b\x00u\x00t\x00e\x00>\x00\n\x00\t\x00\t\x00\t\x00<\x00D\x00i\x00r\x00e\x00c\x00t\x00i\x00o\x00n\x00>\x000\x00<\x00/\x00D\x00i\x00r\x00e\x00c\x00t\x00i\x00o\x00n\x00>\x00\n\x00\t\x00\t\x00\t\x00<\x00I\x00n\x00f\x00o\x00>\x000\x00<\x00/\x00I\x00n\x00f\x00o\x00>\x00\n\x00\t\x00\t\x00\t\x00<\x00O\x00r\x00d\x00e\x00r\x00>\x006\x00<\x00/\x00O\x00r\x00d\x00e\x00r\x00>\x00\n\x00\t\x00\t\x00<\x00/\x00S\x00t\x00r\x00u\x00c\x00t\x00u\x00r\x00e\x00>\x00\n\x00\t\x00\t\x00<\x00U\x00s\x00e\x00d\x00N\x00a\x00m\x00e\x00>\x00\n\x00\t\x00\t\x00\t\x00<\x00C\x00o\x00m\x00p\x00o\x00n\x00e\x00n\x00t\x00s\x00>\x00_\x00#\x00_\x00C\x00O\x00M\x00P\x00O\x00N\x00E\x00N\x00T\x00N\x00A\x00M\x00E\x00_\x00#\x00_\x00<\x00/\x00C\x00o\x00m\x00p\x00o\x00n\x00e\x00n\x00t\x00s\x00>\x00\n\x00\t\x00\t\x00\t\x00<\x00I\x00C\x00o\x00m\x00p\x00o\x00n\x00e\x00n\x00t\x00>\x00D\x00e\x00s\x00c\x00r\x00i\x00p\x00t\x00i\x00o\x00n\x00_\x00e\x00n\x00g\x00l\x00i\x00s\x00h\x00<\x00/\x00I\x00C\x00o\x00m\x00p\x00o\x00n\x00e\x00n\x00t\x00>\x00\n\x00\t\x00\t\x00<\x00/\x00U\x00s\x00e\x00d\x00N\x00a\x00m\x00e\x00>\x00\n\x00\t\x00\t\x00<\x00U\x00s\x00e\x00d\x00N\x00a\x00m\x00e\x00>\x00\n\x00\t\x00\t\x00\t\x00<\x00W\x00i\x00r\x00e\x00s\x00>\x00_\x00#\x00_\x00W\x00I\x00R\x00E\x00N\x00A\x00M\x00E\x00_\x00#\x00_\x00<\x00/\x00W\x00i\x00r\x00e\x00s\x00>\x00\n\x00\t\x00\t\x00\t\x00<\x00I\x00W\x00i\x00r\x00e\x00>\x00_\x00#\x00_\x00C\x00O\x00R\x00E\x00C\x00R\x00O\x00S\x00S\x00_\x00#\x00_\x00<\x00/\x00I\x00W\x00i\x00r\x00e\x00>\x00\n\x00\t\x00\t\x00<\x00/\x00U\x00s\x00e\x00d\x00N\x00a\x00m\x00e\x00>\x00\n\x00\t\x00\t\x00<\x00U\x00s\x00e\x00d\x00N\x00a\x00m\x00e\x00>\x00\n\x00\t\x00\t\x00\t\x00<\x00S\x00y\x00m\x00b\x00o\x00l\x00s\x00>\x00_\x00#\x00_\x00S\x00Y\x00M\x00B\x00O\x00L\x00N\x00A\x00M\x00E\x00_\x00#\x00_\x00<\x00/\x00S\x00y\x00m\x00b\x00o\x00l\x00s\x00>\x00\n\x00\t\x00\t\x00\t\x00<\x00I\x00S\x00y\x00m\x00b\x00o\x00l\x00>\x00D\x00e\x00s\x00c\x00r\x00i\x00p\x00t\x00i\x00o\x00n\x00_\x00e\x00n\x00g\x00l\x00i\x00s\x00h\x00<\x00/\x00I\x00S\x00y\x00m\x00b\x00o\x00l\x00>\x00\n\x00\t\x00\t\x00<\x00/\x00U\x00s\x00e\x00d\x00N\x00a\x00m\x00e\x00>\x00\n\x00\t\x00\t\x00<\x00U\x00s\x00e\x00d\x00N\x00a\x00m\x00e\x00>\x00\n\x00\t\x00\t\x00\t\x00<\x00M\x00o\x00d\x00e\x00l\x00s\x00>\x00_\x00#\x00_\x00M\x00O\x00D\x00E\x00L\x00N\x00A\x00M\x00E\x00_\x00#\x00_\x00<\x00/\x00M\x00o\x00d\x00e\x00l\x00s\x00>\x00\n\x00\t\x00\t\x00\t\x00<\x00I\x00M\x00o\x00d\x00e\x00l\x00>\x00D\x00e\x00s\x00c\x00r\x00i\x00p\x00t\x00i\x00o\x00n\x00<\x00/\x00I\x00M\x00o\x00d\x00e\x00l\x00>\x00\n\x00\t\x00\t\x00<\x00/\x00U\x00s\x00e\x00d\x00N\x00a\x00m\x00e\x00>\x00\n\x00\t\x00\t\x00<\x00U\x00s\x00e\x00d\x00N\x00a\x00m\x00e\x00>\x00\n\x00\t\x00\t\x00\t\x00<\x00I\x00C\x00o\x00r\x00e\x00>\x00_\x00#\x00_\x00C\x00O\x00R\x00E\x00C\x00R\x00O\x00S\x00S\x00_\x00#\x00_\x00<\x00/\x00I\x00C\x00o\x00r\x00e\x00>\x00\n\x00\t\x00\t\x00<\x00/\x00U\x00s\x00e\x00d\x00N\x00a\x00m\x00e\x00>\x00\n\x00\t\x00<\x00/\x00D\x00a\x00t\x00a\x00>\x00\n\x00<\x00/\x00R\x00o\x00o\x00t\x00>\x00\n\x00\x00\x00',0,False
Class-main+Class chinese,b'<\x00R\x00o\x00o\x00t\x00>\x00\n\x00\t\x00<\x00D\x00a\x00t\x00a\x00>\x00\n\x00\t\x00\t\x00<\x00S\x00t\x00r\x00u\x00c\x00t\x00u\x00r\x00e\x00>\x00\n\x00\t\x00\t\x00\t\x00<\x00A\x00t\x00t\x00r\x00i\x00b\x00u\x00t\x00e\x00>\x00C\x00l\x00a\x00s\x00s\x00-\x00m\x00a\x00i\x00n\x00<\x00/\x00A\x00t\x00t\x00r\x00i\x00b\x00u\x00t\x00e\x00>\x00\n\x00\t\x00\t\x00\t\x00<\x00D\x00i\x00r\x00e\x00c\x00t\x00i\x00o\x00n\x00>\x000\x00<\x00/\x00D\x00i\x00r\x00e\x00c\x00t\x00i\x00o\x00n\x00>\x00\n\x00\t\x00\t\x00\t\x00<\x00I\x00n\x00f\x00o\x00>\x002\x00<\x00/\x00I\x00n\x00f\x00o\x00>\x00\n\x00\t\x00\t\x00\t\x00<\x00O\x00r\x00d\x00e\x00r\x00>\x001\x00<\x00/\x00O\x00r\x00d\x00e\x00r\x00>\x00\n\x00\t\x00\t\x00<\x00/\x00S\x00t\x00r\x00u\x00c\x00t\x00u\x00r\x00e\x00>\x00\n\x00\t\x00\t\x00<\x00S\x00t\x00r\x00u\x00c\x00t\x00u\x00r\x00e\x00>\x00\n\x00\t\x00\t\x00\t\x00<\x00A\x00t\x00t\x00r\x00i\x00b\x00u\x00t\x00e\x00>\x00C\x00l\x00a\x00s\x00s\x00_\x00c\x00h\x00i\x00n\x00e\x00s\x00e\x00<\x00/\x00A\x00t\x00t\x00r\x00i\x00b\x00u\x00t\x00e\x00>\x00\n\x00\t\x00\t\x00\t\x00<\x00D\x00i\x00r\x00e\x00c\x00t\x00i\x00o\x00n\x00>\x000\x00<\x00/\x00D\x00i\x00r\x00e\x00c\x00t\x00i\x00o\x00n\x00>\x00\n\x00\t\x00\t\x00\t\x00<\x00I\x00n\x00f\x00o\x00>\x002\x00<\x00/\x00I\x00n\x00f\x00o\x00>\x00\n\x00\t\x00\t\x00\t\x00<\x00O\x00r\x00d\x00e\x00r\x00>\x002\x00<\x00/\x00O\x00r\x00d\x00e\x00r\x00>\x00\n\x00\t\x00\t\x00<\x00/\x00S\x00t\x00r\x00u\x00c\x00t\x00u\x00r\x00e\x00>\x00\n\x00\t\x00\t\x00<\x00U\x00s\x00e\x00d\x00N\x00a\x00m\x00e\x00>\x00\n\x00\t\x00\t\x00\t\x00<\x00C\x00o\x00m\x00p\x00o\x00n\x00e\x00n\x00t\x00s\x00>\x00_\x00#\x00_\x00C\x00O\x00M\x00P\x00O\x00N\x00E\x00N\x00T\x00N\x00A\x00M\x00E\x00_\x00#\x00_\x00<\x00/\x00C\x00o\x00m\x00p\x00o\x00n\x00e\x00n\x00t\x00s\x00>\x00\n\x00\t\x00\t\x00\t\x00<\x00I\x00C\x00o\x00m\x00p\x00o\x00n\x00e\x00n\x00t\x00>\x00D\x00e\x00s\x00c\x00r\x00i\x00p\x00t\x00i\x00o\x00n\x00_\x00e\x00n\x00g\x00l\x00i\x00s\x00h\x00<\x00/\x00I\x00C\x00o\x00m\x00p\x00o\x00n\x00e\x00n\x00t\x00>\x00\n\x00\t\x00\t\x00<\x00/\x00U\x00s\x00e\x00d\x00N\x00a\x00m\x00e\x00>\x00\n\x00\t\x00\t\x00<\x00U\x00s\x00e\x00d\x00N\x00a\x00m\x00e\x00>\x00\n\x00\t\x00\t\x00\t\x00<\x00W\x00i\x00r\x00e\x00s\x00>\x00_\x00#\x00_\x00W\x00I\x00R\x00E\x00N\x00A\x00M\x00E\x00_\x00#\x00_\x00<\x00/\x00W\x00i\x00r\x00e\x00s\x00>\x00\n\x00\t\x00\t\x00\t\x00<\x00I\x00W\x00i\x00r\x00e\x00>\x00_\x00#\x00_\x00C\x00O\x00R\x00E\x00C\x00R\x00O\x00S\x00S\x00_\x00#\x00_\x00<\x00/\x00I\x00W\x00i\x00r\x00e\x00>\x00\n\x00\t\x00\t\x00<\x00/\x00U\x00s\x00e\x00d\x00N\x00a\x00m\x00e\x00>\x00\n\x00\t\x00\t\x00<\x00U\x00s\x00e\x00d\x00N\x00a\x00m\x00e\x00>\x00\n\x00\t\x00\t\x00\t\x00<\x00S\x00y\x00m\x00b\x00o\x00l\x00s\x00>\x00_\x00#\x00_\x00S\x00Y\x00M\x00B\x00O\x00L\x00N\x00A\x00M\x00E\x00_\x00#\x00_\x00<\x00/\x00S\x00y\x00m\x00b\x00o\x00l\x00s\x00>\x00\n\x00\t\x00\t\x00\t\x00<\x00I\x00S\x00y\x00m\x00b\x00o\x00l\x00>\x00D\x00e\x00s\x00c\x00r\x00i\x00p\x00t\x00i\x00o\x00n\x00_\x00e\x00n\x00g\x00l\x00i\x00s\x00h\x00<\x00/\x00I\x00S\x00y\x00m\x00b\x00o\x00l\x00>\x00\n\x00\t\x00\t\x00<\x00/\x00U\x00s\x00e\x00d\x00N\x00a\x00m\x00e\x00>\x00\n\x00\t\x00\t\x00<\x00U\x00s\x00e\x00d\x00N\x00a\x00m\x00e\x00>\x00\n\x00\t\x00\t\x00\t\x00<\x00M\x00o\x00d\x00e\x00l\x00s\x00>\x00_\x00#\x00_\x00M\x00O\x00D\x00E\x00L\x00N\x00A\x00M\x00E\x00_\x00#\x00_\x00<\x00/\x00M\x00o\x00d\x00e\x00l\x00s\x00>\x00\n\x00\t\x00\t\x00\t\x00<\x00I\x00M\x00o\x00d\x00e\x00l\x00>\x00D\x00e\x00s\x00c\x00r\x00i\x00p\x00t\x00i\x00o\x00n\x00<\x00/\x00I\x00M\x00o\x00d\x00e\x00l\x00>\x00\n\x00\t\x00\t\x00<\x00/\x00U\x00s\x00e\x00d\x00N\x00a\x00m\x00e\x00>\x00\n\x00\t\x00\t\x00<\x00U\x00s\x00e\x00d\x00N\x00a\x00m\x00e\x00>\x00\n\x00\t\x00\t\x00\t\x00<\x00I\x00C\x00o\x00r\x00e\x00>\x00_\x00#\x00_\x00C\x00O\x00R\x00E\x00C\x00R\x00O\x00S\x00S\x00_\x00#\x00_\x00<\x00/\x00I\x00C\x00o\x00r\x00e\x00>\x00\n\x00\t\x00\t\x00<\x00/\x00U\x00s\x00e\x00d\x00N\x00a\x00m\x00e\x00>\x00\n\x00\t\x00<\x00/\x00D\x00a\x00t\x00a\x00>\x00\n\x00<\x00/\x00R\x00o\x00o\x00t\x00>\x00\n\x00\x00\x00',0,False
Class-main+Class english,b'<\x00R\x00o\x00o\x00t\x00>\x00\n\x00\t\x00<\x00D\x00a\x00t\x00a\x00>\x00\n\x00\t\x00\t\x00<\x00S\x00t\x00r\x00u\x00c\x00t\x00u\x00r\x00e\x00>\x00\n\x00\t\x00\t\x00\t\x00<\x00A\x00t\x00t\x00r\x00i\x00b\x00u\x00t\x00e\x00>\x00C\x00l\x00a\x00s\x00s\x00-\x00m\x00a\x00i\x00n\x00<\x00/\x00A\x00t\x00t\x00r\x00i\x00b\x00u\x00t\x00e\x00>\x00\n\x00\t\x00\t\x00\t\x00<\x00D\x00i\x00r\x00e\x00c\x00t\x00i\x00o\x00n\x00>\x000\x00<\x00/\x00D\x00i\x00r\x00e\x00c\x00t\x00i\x00o\x00n\x00>\x00\n\x00\t\x00\t\x00\t\x00<\x00I\x00n\x00f\x00o\x00>\x002\x00<\x00/\x00I\x00n\x00f\x00o\x00>\x00\n\x00\t\x00\t\x00\t\x00<\x00O\x00r\x00d\x00e\x00r\x00>\x001\x00<\x00/\x00O\x00r\x00d\x00e\x00r\x00>\x00\n\x00\t\x00\t\x00<\x00/\x00S\x00t\x00r\x00u\x00c\x00t\x00u\x00r\x00e\x00>\x00\n\x00\t\x00\t\x00<\x00S\x00t\x00r\x00u\x00c\x00t\x00u\x00r\x00e\x00>\x00\n\x00\t\x00\t\x00\t\x00<\x00A\x00t\x00t\x00r\x00i\x00b\x00u\x00t\x00e\x00>\x00C\x00l\x00a\x00s\x00s\x00_\x00e\x00n\x00g\x00l\x00i\x00s\x00h\x00<\x00/\x00A\x00t\x00t\x00r\x00i\x00b\x00u\x00t\x00e\x00>\x00\n\x00\t\x00\t\x00\t\x00<\x00D\x00i\x00r\x00e\x00c\x00t\x00i\x00o\x00n\x00>\x000\x00<\x00/\x00D\x00i\x00r\x00e\x00c\x00t\x00i\x00o\x00n\x00>\x00\n\x00\t\x00\t\x00\t\x00<\x00I\x00n\x00f\x00o\x00>\x002\x00<\x00/\x00I\x00n\x00f\x00o\x00>\x00\n\x00\t\x00\t\x00\t\x00<\x00O\x00r\x00d\x00e\x00r\x00>\x002\x00<\x00/\x00O\x00r\x00d\x00e\x00r\x00>\x00\n\x00\t\x00\t\x00<\x00/\x00S\x00t\x00r\x00u\x00c\x00t\x00u\x00r\x00e\x00>\x00\n\x00\t\x00\t\x00<\x00U\x00s\x00e\x00d\x00N\x00a\x00m\x00e\x00>\x00\n\x00\t\x00\t\x00\t\x00<\x00C\x00o\x00m\x00p\x00o\x00n\x00e\x00n\x00t\x00s\x00>\x00_\x00#\x00_\x00C\x00O\x00M\x00P\x00O\x00N\x00E\x00N\x00T\x00N\x00A\x00M\x00E\x00_\x00#\x00_\x00<\x00/\x00C\x00o\x00m\x00p\x00o\x00n\x00e\x00n\x00t\x00s\x00>\x00\n\x00\t\x00\t\x00\t\x00<\x00I\x00C\x00o\x00m\x00p\x00o\x00n\x00e\x00n\x00t\x00>\x00D\x00e\x00s\x00c\x00r\x00i\x00p\x00t\x00i\x00o\x00n\x00_\x00e\x00n\x00g\x00l\x00i\x00s\x00h\x00<\x00/\x00I\x00C\x00o\x00m\x00p\x00o\x00n\x00e\x00n\x00t\x00>\x00\n\x00\t\x00\t\x00<\x00/\x00U\x00s\x00e\x00d\x00N\x00a\x00m\x00e\x00>\x00\n\x00\t\x00\t\x00<\x00U\x00s\x00e\x00d\x00N\x00a\x00m\x00e\x00>\x00\n\x00\t\x00\t\x00\t\x00<\x00W\x00i\x00r\x00e\x00s\x00>\x00_\x00#\x00_\x00W\x00I\x00R\x00E\x00N\x00A\x00M\x00E\x00_\x00#\x00_\x00<\x00/\x00W\x00i\x00r\x00e\x00s\x00>\x00\n\x00\t\x00\t\x00\t\x00<\x00I\x00W\x00i\x00r\x00e\x00>\x00_\x00#\x00_\x00C\x00O\x00R\x00E\x00C\x00R\x00O\x00S\x00S\x00_\x00#\x00_\x00<\x00/\x00I\x00W\x00i\x00r\x00e\x00>\x00\n\x00\t\x00\t\x00<\x00/\x00U\x00s\x00e\x00d\x00N\x00a\x00m\x00e\x00>\x00\n\x00\t\x00\t\x00<\x00U\x00s\x00e\x00d\x00N\x00a\x00m\x00e\x00>\x00\n\x00\t\x00\t\x00\t\x00<\x00S\x00y\x00m\x00b\x00o\x00l\x00s\x00>\x00_\x00#\x00_\x00S\x00Y\x00M\x00B\x00O\x00L\x00N\x00A\x00M\x00E\x00_\x00#\x00_\x00<\x00/\x00S\x00y\x00m\x00b\x00o\x00l\x00s\x00>\x00\n\x00\t\x00\t\x00\t\x00<\x00I\x00S\x00y\x00m\x00b\x00o\x00l\x00>\x00D\x00e\x00s\x00c\x00r\x00i\x00p\x00t\x00i\x00o\x00n\x00_\x00e\x00n\x00g\x00l\x00i\x00s\x00h\x00<\x00/\x00I\x00S\x00y\x00m\x00b\x00o\x00l\x00>\x00\n\x00\t\x00\t\x00<\x00/\x00U\x00s\x00e\x00d\x00N\x00a\x00m\x00e\x00>\x00\n\x00\t\x00\t\x00<\x00U\x00s\x00e\x00d\x00N\x00a\x00m\x00e\x00>\x00\n\x00\t\x00\t\x00\t\x00<\x00M\x00o\x00d\x00e\x00l\x00s\x00>\x00_\x00#\x00_\x00M\x00O\x00D\x00E\x00L\x00N\x00A\x00M\x00E\x00_\x00#\x00_\x00<\x00/\x00M\x00o\x00d\x00e\x00l\x00s\x00>\x00\n\x00\t\x00\t\x00\t\x00<\x00I\x00M\x00o\x00d\x00e\x00l\x00>\x00D\x00e\x00s\x00c\x00r\x00i\x00p\x00t\x00i\x00o\x00n\x00<\x00/\x00I\x00M\x00o\x00d\x00e\x00l\x00>\x00\n\x00\t\x00\t\x00<\x00/\x00U\x00s\x00e\x00d\x00N\x00a\x00m\x00e\x00>\x00\n\x00\t\x00\t\x00<\x00U\x00s\x00e\x00d\x00N\x00a\x00m\x00e\x00>\x00\n\x00\t\x00\t\x00\t\x00<\x00I\x00C\x00o\x00r\x00e\x00>\x00_\x00#\x00_\x00C\x00O\x00R\x00E\x00C\x00R\x00O\x00S\x00S\x00_\x00#\x00_\x00<\x00/\x00I\x00C\x00o\x00r\x00e\x00>\x00\n\x00\t\x00\t\x00<\x00/\x00U\x00s\x00e\x00d\x00N\x00a\x00m\x00e\x00>\x00\n\x00\t\x00<\x00/\x00D\x00a\x00t\x00a\x00>\x00\n\x00<\x00/\x00R\x00o\x00o\x00t\x00>\x00\n\x00\x00\x00',0,False
Class-main+Class espagnol,b'<\x00R\x00o\x00o\x00t\x00>\x00\n\x00\t\x00<\x00D\x00a\x00t\x00a\x00>\x00\n\x00\t\x00\t\x00<\x00S\x00t\x00r\x00u\x00c\x00t\x00u\x00r\x00e\x00>\x00\n\x00\t\x00\t\x00\t\x00<\x00A\x00t\x00t\x00r\x00i\x00b\x00u\x00t\x00e\x00>\x00C\x00l\x00a\x00s\x00s\x00-\x00m\x00a\x00i\x00n\x00<\x00/\x00A\x00t\x00t\x00r\x00i\x00b\x00u\x00t\x00e\x00>\x00\n\x00\t\x00\t\x00\t\x00<\x00D\x00i\x00r\x00e\x00c\x00t\x00i\x00o\x00n\x00>\x000\x00<\x00/\x00D\x00i\x00r\x00e\x00c\x00t\x00i\x00o\x00n\x00>\x00\n\x00\t\x00\t\x00\t\x00<\x00I\x00n\x00f\x00o\x00>\x002\x00<\x00/\x00I\x00n\x00f\x00o\x00>\x00\n\x00\t\x00\t\x00\t\x00<\x00O\x00r\x00d\x00e\x00r\x00>\x001\x00<\x00/\x00O\x00r\x00d\x00e\x00r\x00>\x00\n\x00\t\x00\t\x00<\x00/\x00S\x00t\x00r\x00u\x00c\x00t\x00u\x00r\x00e\x00>\x00\n\x00\t\x00\t\x00<\x00S\x00t\x00r\x00u\x00c\x00t\x00u\x00r\x00e\x00>\x00\n\x00\t\x00\t\x00\t\x00<\x00A\x00t\x00t\x00r\x00i\x00b\x00u\x00t\x00e\x00>\x00C\x00l\x00a\x00s\x00s\x00_\x00c\x00a\x00s\x00t\x00e\x00l\x00l\x00a\x00n\x00o\x00<\x00/\x00A\x00t\x00t\x00r\x00i\x00b\x00u\x00t\x00e\x00>\x00\n\x00\t\x00\t\x00\t\x00<\x00D\x00i\x00r\x00e\x00c\x00t\x00i\x00o\x00n\x00>\x000\x00<\x00/\x00D\x00i\x00r\x00e\x00c\x00t\x00i\x00o\x00n\x00>\x00\n\x00\t\x00\t\x00\t\x00<\x00I\x00n\x00f\x00o\x00>\x002\x00<\x00/\x00I\x00n\x00f\x00o\x00>\x00\n\x00\t\x00\t\x00\t\x00<\x00O\x00r\x00d\x00e\x00r\x00>\x002\x00<\x00/\x00O\x00r\x00d\x00e\x00r\x00>\x00\n\x00\t\x00\t\x00<\x00/\x00S\x00t\x00r\x00u\x00c\x00t\x00u\x00r\x00e\x00>\x00\n\x00\t\x00\t\x00<\x00U\x00s\x00e\x00d\x00N\x00a\x00m\x00e\x00>\x00\n\x00\t\x00\t\x00\t\x00<\x00C\x00o\x00m\x00p\x00o\x00n\x00e\x00n\x00t\x00s\x00>\x00_\x00#\x00_\x00C\x00O\x00M\x00P\x00O\x00N\x00E\x00N\x00T\x00N\x00A\x00M\x00E\x00_\x00#\x00_\x00<\x00/\x00C\x00o\x00m\x00p\x00o\x00n\x00e\x00n\x00t\x00s\x00>\x00\n\x00\t\x00\t\x00\t\x00<\x00I\x00C\x00o\x00m\x00p\x00o\x00n\x00e\x00n\x00t\x00>\x00D\x00e\x00s\x00c\x00r\x00i\x00p\x00t\x00i\x00o\x00n\x00_\x00c\x00a\x00s\x00t\x00e\x00l\x00l\x00a\x00n\x00o\x00<\x00/\x00I\x00C\x00o\x00m\x00p\x00o\x00n\x00e\x00n\x00t\x00>\x00\n\x00\t\x00\t\x00<\x00/\x00U\x00s\x00e\x00d\x00N\x00a\x00m\x00e\x00>\x00\n\x00\t\x00\t\x00<\x00U\x00s\x00e\x00d\x00N\x00a\x00m\x00e\x00>\x00\n\x00\t\x00\t\x00\t\x00<\x00W\x00i\x00r\x00e\x00s\x00>\x00_\x00#\x00_\x00W\x00I\x00R\x00E\x00N\x00A\x00M\x00E\x00_\x00#\x00_\x00<\x00/\x00W\x00i\x00r\x00e\x00s\x00>\x00\n\x00\t\x00\t\x00\t\x00<\x00I\x00W\x00i\x00r\x00e\x00>\x00_\x00#\x00_\x00C\x00O\x00R\x00E\x00C\x00R\x00O\x00S\x00S\x00_\x00#\x00_\x00<\x00/\x00I\x00W\x00i\x00r\x00e\x00>\x00\n\x00\t\x00\t\x00<\x00/\x00U\x00s\x00e\x00d\x00N\x00a\x00m\x00e\x00>\x00\n\x00\t\x00\t\x00<\x00U\x00s\x00e\x00d\x00N\x00a\x00m\x00e\x00>\x00\n\x00\t\x00\t\x00\t\x00<\x00S\x00y\x00m\x00b\x00o\x00l\x00s\x00>\x00_\x00#\x00_\x00S\x00Y\x00M\x00B\x00O\x00L\x00N\x00A\x00M\x00E\x00_\x00#\x00_\x00<\x00/\x00S\x00y\x00m\x00b\x00o\x00l\x00s\x00>\x00\n\x00\t\x00\t\x00\t\x00<\x00I\x00S\x00y\x00m\x00b\x00o\x00l\x00>\x00D\x00e\x00s\x00c\x00r\x00i\x00p\x00t\x00i\x00o\x00n\x00_\x00c\x00a\x00s\x00t\x00e\x00l\x00l\x00a\x00n\x00o\x00<\x00/\x00I\x00S\x00y\x00m\x00b\x00o\x00l\x00>\x00\n\x00\t\x00\t\x00<\x00/\x00U\x00s\x00e\x00d\x00N\x00a\x00m\x00e\x00>\x00\n\x00\t\x00\t\x00<\x00U\x00s\x00e\x00d\x00N\x00a\x00m\x00e\x00>\x00\n\x00\t\x00\t\x00\t\x00<\x00M\x00o\x00d\x00e\x00l\x00s\x00>\x00_\x00#\x00_\x00M\x00O\x00D\x00E\x00L\x00N\x00A\x00M\x00E\x00_\x00#\x00_\x00<\x00/\x00M\x00o\x00d\x00e\x00l\x00s\x00>\x00\n\x00\t\x00\t\x00\t\x00<\x00I\x00M\x00o\x00d\x00e\x00l\x00>\x00D\x00e\x00s\x00c\x00r\x00i\x00p\x00t\x00i\x00o\x00n\x00<\x00/\x00I\x00M\x00o\x00d\x00e\x00l\x00>\x00\n\x00\t\x00\t\x00<\x00/\x00U\x00s\x00e\x00d\x00N\x00a\x00m\x00e\x00>\x00\n\x00\t\x00\t\x00<\x00U\x00s\x00e\x00d\x00N\x00a\x00m\x00e\x00>\x00\n\x00\t\x00\t\x00\t\x00<\x00I\x00C\x00o\x00r\x00e\x00>\x00_\x00#\x00_\x00C\x00O\x00R\x00E\x00C\x00R\x00O\x00S\x00S\x00_\x00#\x00_\x00<\x00/\x00I\x00C\x00o\x00r\x00e\x00>\x00\n\x00\t\x00\t\x00<\x00/\x00U\x00s\x00e\x00d\x00N\x00a\x00m\x00e\x00>\x00\n\x00\t\x00<\x00/\x00D\x00a\x00t\x00a\x00>\x00\n\x00<\x00/\x00R\x00o\x00o\x00t\x00>\x00\n\x00\x00\x00',0,False
Class-main+Class francais,b'<\x00R\x00o\x00o\x00t\x00>\x00\n\x00\t\x00<\x00D\x00a\x00t\x00a\x00>\x00\n\x00\t\x00\t\x00<\x00S\x00t\x00r\x00u\x00c\x00t\x00u\x00r\x00e\x00>\x00\n\x00\t\x00\t\x00\t\x00<\x00A\x00t\x00t\x00r\x00i\x00b\x00u\x00t\x00e\x00>\x00C\x00l\x00a\x00s\x00s\x00-\x00m\x00a\x00i\x00n\x00<\x00/\x00A\x00t\x00t\x00r\x00i\x00b\x00u\x00t\x00e\x00>\x00\n\x00\t\x00\t\x00\t\x00<\x00D\x00i\x00r\x00e\x00c\x00t\x00i\x00o\x00n\x00>\x000\x00<\x00/\x00D\x00i\x00r\x00e\x00c\x00t\x00i\x00o\x00n\x00>\x00\n\x00\t\x00\t\x00\t\x00<\x00I\x00n\x00f\x00o\x00>\x002\x00<\x00/\x00I\x00n\x00f\x00o\x00>\x00\n\x00\t\x00\t\x00\t\x00<\x00O\x00r\x00d\x00e\x00r\x00>\x001\x00<\x00/\x00O\x00r\x00d\x00e\x00r\x00>\x00\n\x00\t\x00\t\x00<\x00/\x00S\x00t\x00r\x00u\x00c\x00t\x00u\x00r\x00e\x00>\x00\n\x00\t\x00\t\x00<\x00S\x00t\x00r\x00u\x00c\x00t\x00u\x00r\x00e\x00>\x00\n\x00\t\x00\t\x00\t\x00<\x00A\x00t\x00t\x00r\x00i\x00b\x00u\x00t\x00e\x00>\x00C\x00l\x00a\x00s\x00s\x00_\x00f\x00r\x00a\x00n\x00c\x00a\x00i\x00s\x00<\x00/\x00A\x00t\x00t\x00r\x00i\x00b\x00u\x00t\x00e\x00>\x00\n\x00\t\x00\t\x00\t\x00<\x00D\x00i\x00r\x00e\x00c\x00t\x00i\x00o\x00n\x00>\x000\x00<\x00/\x00D\x00i\x00r\x00e\x00c\x00t\x00i\x00o\x00n\x00>\x00\n\x00\t\x00\t\x00\t\x00<\x00I\x00n\x00f\x00o\x00>\x002\x00<\x00/\x00I\x00n\x00f\x00o\x00>\x00\n\x00\t\x00\t\x00\t\x00<\x00O\x00r\x00d\x00e\x00r\x00>\x002\x00<\x00/\x00O\x00r\x00d\x00e\x00r\x00>\x00\n\x00\t\x00\t\x00<\x00/\x00S\x00t\x00r\x00u\x00c\x00t\x00u\x00r\x00e\x00>\x00\n\x00\t\x00\t\x00<\x00U\x00s\x00e\x00d\x00N\x00a\x00m\x00e\x00>\x00\n\x00\t\x00\t\x00\t\x00<\x00C\x00o\x00m\x00p\x00o\x00n\x00e\x00n\x00t\x00s\x00>\x00_\x00#\x00_\x00C\x00O\x00M\x00P\x00O\x00N\x00E\x00N\x00T\x00N\x00A\x00M\x00E\x00_\x00#\x00_\x00<\x00/\x00C\x00o\x00m\x00p\x00o\x00n\x00e\x00n\x00t\x00s\x00>\x00\n\x00\t\x00\t\x00\t\x00<\x00I\x00C\x00o\x00m\x00p\x00o\x00n\x00e\x00n\x00t\x00>\x00D\x00e\x00s\x00c\x00r\x00i\x00p\x00t\x00i\x00o\x00n\x00_\x00f\x00r\x00a\x00n\x00c\x00a\x00i\x00s\x00<\x00/\x00I\x00C\x00o\x00m\x00p\x00o\x00n\x00e\x00n\x00t\x00>\x00\n\x00\t\x00\t\x00<\x00/\x00U\x00s\x00e\x00d\x00N\x00a\x00m\x00e\x00>\x00\n\x00\t\x00\t\x00<\x00U\x00s\x00e\x00d\x00N\x00a\x00m\x00e\x00>\x00\n\x00\t\x00\t\x00\t\x00<\x00W\x00i\x00r\x00e\x00s\x00>\x00_\x00#\x00_\x00W\x00I\x00R\x00E\x00N\x00A\x00M\x00E\x00_\x00#\x00_\x00<\x00/\x00W\x00i\x00r\x00e\x00s\x00>\x00\n\x00\t\x00\t\x00\t\x00<\x00I\x00W\x00i\x00r\x00e\x00>\x00_\x00#\x00_\x00C\x00O\x00R\x00E\x00C\x00R\x00O\x00S\x00S\x00_\x00#\x00_\x00<\x00/\x00I\x00W\x00i\x00r\x00e\x00>\x00\n\x00\t\x00\t\x00<\x00/\x00U\x00s\x00e\x00d\x00N\x00a\x00m\x00e\x00>\x00\n\x00\t\x00\t\x00<\x00U\x00s\x00e\x00d\x00N\x00a\x00m\x00e\x00>\x00\n\x00\t\x00\t\x00\t\x00<\x00S\x00y\x00m\x00b\x00o\x00l\x00s\x00>\x00_\x00#\x00_\x00S\x00Y\x00M\x00B\x00O\x00L\x00N\x00A\x00M\x00E\x00_\x00#\x00_\x00<\x00/\x00S\x00y\x00m\x00b\x00o\x00l\x00s\x00>\x00\n\x00\t\x00\t\x00\t\x00<\x00I\x00S\x00y\x00m\x00b\x00o\x00l\x00>\x00D\x00e\x00s\x00c\x00r\x00i\x00p\x00t\x00i\x00o\x00n\x00_\x00f\x00r\x00a\x00n\x00c\x00a\x00i\x00s\x00<\x00/\x00I\x00S\x00y\x00m\x00b\x00o\x00l\x00>\x00\n\x00\t\x00\t\x00<\x00/\x00U\x00s\x00e\x00d\x00N\x00a\x00m\x00e\x00>\x00\n\x00\t\x00\t\x00<\x00U\x00s\x00e\x00d\x00N\x00a\x00m\x00e\x00>\x00\n\x00\t\x00\t\x00\t\x00<\x00M\x00o\x00d\x00e\x00l\x00s\x00>\x00_\x00#\x00_\x00M\x00O\x00D\x00E\x00L\x00N\x00A\x00M\x00E\x00_\x00#\x00_\x00<\x00/\x00M\x00o\x00d\x00e\x00l\x00s\x00>\x00\n\x00\t\x00\t\x00\t\x00<\x00I\x00M\x00o\x00d\x00e\x00l\x00>\x00D\x00e\x00s\x00c\x00r\x00i\x00p\x00t\x00i\x00o\x00n\x00<\x00/\x00I\x00M\x00o\x00d\x00e\x00l\x00>\x00\n\x00\t\x00\t\x00<\x00/\x00U\x00s\x00e\x00d\x00N\x00a\x00m\x00e\x00>\x00\n\x00\t\x00\t\x00<\x00U\x00s\x00e\x00d\x00N\x00a\x00m\x00e\x00>\x00\n\x00\t\x00\t\x00\t\x00<\x00I\x00C\x00o\x00r\x00e\x00>\x00_\x00#\x00_\x00C\x00O\x00R\x00E\x00C\x00R\x00O\x00S\x00S\x00_\x00#\x00_\x00<\x00/\x00I\x00C\x00o\x00r\x00e\x00>\x00\n\x00\t\x00\t\x00<\x00/\x00U\x00s\x00e\x00d\x00N\x00a\x00m\x00e\x00>\x00\n\x00\t\x00<\x00/\x00D\x00a\x00t\x00a\x00>\x00\n\x00<\x00/\x00R\x00o\x00o\x00t\x00>\x00\n\x00\x00\x00',0,False
Class-main+Class italiano,b'<\x00R\x00o\x00o\x00t\x00>\x00\n\x00\t\x00<\x00D\x00a\x00t\x00a\x00>\x00\n\x00\t\x00\t\x00<\x00S\x00t\x00r\x00u\x00c\x00t\x00u\x00r\x00e\x00>\x00\n\x00\t\x00\t\x00\t\x00<\x00A\x00t\x00t\x00r\x00i\x00b\x00u\x00t\x00e\x00>\x00C\x00l\x00a\x00s\x00s\x00-\x00m\x00a\x00i\x00n\x00<\x00/\x00A\x00t\x00t\x00r\x00i\x00b\x00u\x00t\x00e\x00>\x00\n\x00\t\x00\t\x00\t\x00<\x00D\x00i\x00r\x00e\x00c\x00t\x00i\x00o\x00n\x00>\x000\x00<\x00/\x00D\x00i\x00r\x00e\x00c\x00t\x00i\x00o\x00n\x00>\x00\n\x00\t\x00\t\x00\t\x00<\x00I\x00n\x00f\x00o\x00>\x002\x00<\x00/\x00I\x00n\x00f\x00o\x00>\x00\n\x00\t\x00\t\x00\t\x00<\x00O\x00r\x00d\x00e\x00r\x00>\x001\x00<\x00/\x00O\x00r\x00d\x00e\x00r\x00>\x00\n\x00\t\x00\t\x00<\x00/\x00S\x00t\x00r\x00u\x00c\x00t\x00u\x00r\x00e\x00>\x00\n\x00\t\x00\t\x00<\x00S\x00t\x00r\x00u\x00c\x00t\x00u\x00r\x00e\x00>\x00\n\x00\t\x00\t\x00\t\x00<\x00A\x00t\x00t\x00r\x00i\x00b\x00u\x00t\x00e\x00>\x00C\x00l\x00a\x00s\x00s\x00_\x00i\x00t\x00a\x00l\x00i\x00a\x00n\x00o\x00<\x00/\x00A\x00t\x00t\x00r\x00i\x00b\x00u\x00t\x00e\x00>\x00\n\x00\t\x00\t\x00\t\x00<\x00D\x00i\x00r\x00e\x00c\x00t\x00i\x00o\x00n\x00>\x000\x00<\x00/\x00D\x00i\x00r\x00e\x00c\x00t\x00i\x00o\x00n\x00>\x00\n\x00\t\x00\t\x00\t\x00<\x00I\x00n\x00f\x00o\x00>\x002\x00<\x00/\x00I\x00n\x00f\x00o\x00>\x00\n\x00\t\x00\t\x00\t\x00<\x00O\x00r\x00d\x00e\x00r\x00>\x002\x00<\x00/\x00O\x00r\x00d\x00e\x00r\x00>\x00\n\x00\t\x00\t\x00<\x00/\x00S\x00t\x00r\x00u\x00c\x00t\x00u\x00r\x00e\x00>\x00\n\x00\t\x00\t\x00<\x00U\x00s\x00e\x00d\x00N\x00a\x00m\x00e\x00>\x00\n\x00\t\x00\t\x00\t\x00<\x00C\x00o\x00m\x00p\x00o\x00n\x00e\x00n\x00t\x00s\x00>\x00_\x00#\x00_\x00C\x00O\x00M\x00P\x00O\x00N\x00E\x00N\x00T\x00N\x00A\x00M\x00E\x00_\x00#\x00_\x00<\x00/\x00C\x00o\x00m\x00p\x00o\x00n\x00e\x00n\x00t\x00s\x00>\x00\n\x00\t\x00\t\x00\t\x00<\x00I\x00C\x00o\x00m\x00p\x00o\x00n\x00e\x00n\x00t\x00>\x00D\x00e\x00s\x00c\x00r\x00i\x00p\x00t\x00i\x00o\x00n\x00_\x00i\x00t\x00a\x00l\x00i\x00a\x00n\x00o\x00<\x00/\x00I\x00C\x00o\x00m\x00p\x00o\x00n\x00e\x00n\x00t\x00>\x00\n\x00\t\x00\t\x00<\x00/\x00U\x00s\x00e\x00d\x00N\x00a\x00m\x00e\x00>\x00\n\x00\t\x00\t\x00<\x00U\x00s\x00e\x00d\x00N\x00a\x00m\x00e\x00>\x00\n\x00\t\x00\t\x00\t\x00<\x00W\x00i\x00r\x00e\x00s\x00>\x00_\x00#\x00_\x00W\x00I\x00R\x00E\x00N\x00A\x00M\x00E\x00_\x00#\x00_\x00<\x00/\x00W\x00i\x00r\x00e\x00s\x00>\x00\n\x00\t\x00\t\x00\t\x00<\x00I\x00W\x00i\x00r\x00e\x00>\x00_\x00#\x00_\x00C\x00O\x00R\x00E\x00C\x00R\x00O\x00S\x00S\x00_\x00#\x00_\x00<\x00/\x00I\x00W\x00i\x00r\x00e\x00>\x00\n\x00\t\x00\t\x00<\x00/\x00U\x00s\x00e\x00d\x00N\x00a\x00m\x00e\x00>\x00\n\x00\t\x00\t\x00<\x00U\x00s\x00e\x00d\x00N\x00a\x00m\x00e\x00>\x00\n\x00\t\x00\t\x00\t\x00<\x00S\x00y\x00m\x00b\x00o\x00l\x00s\x00>\x00_\x00#\x00_\x00S\x00Y\x00M\x00B\x00O\x00L\x00N\x00A\x00M\x00E\x00_\x00#\x00_\x00<\x00/\x00S\x00y\x00m\x00b\x00o\x00l\x00s\x00>\x00\n\x00\t\x00\t\x00\t\x00<\x00I\x00S\x00y\x00m\x00b\x00o\x00l\x00>\x00D\x00e\x00s\x00c\x00r\x00i\x00p\x00t\x00i\x00o\x00n\x00_\x00i\x00t\x00a\x00l\x00i\x00a\x00n\x00o\x00<\x00/\x00I\x00S\x00y\x00m\x00b\x00o\x00l\x00>\x00\n\x00\t\x00\t\x00<\x00/\x00U\x00s\x00e\x00d\x00N\x00a\x00m\x00e\x00>\x00\n\x00\t\x00\t\x00<\x00U\x00s\x00e\x00d\x00N\x00a\x00m\x00e\x00>\x00\n\x00\t\x00\t\x00\t\x00<\x00M\x00o\x00d\x00e\x00l\x00s\x00>\x00_\x00#\x00_\x00M\x00O\x00D\x00E\x00L\x00N\x00A\x00M\x00E\x00_\x00#\x00_\x00<\x00/\x00M\x00o\x00d\x00e\x00l\x00s\x00>\x00\n\x00\t\x00\t\x00\t\x00<\x00I\x00M\x00o\x00d\x00e\x00l\x00>\x00D\x00e\x00s\x00c\x00r\x00i\x00p\x00t\x00i\x00o\x00n\x00<\x00/\x00I\x00M\x00o\x00d\x00e\x00l\x00>\x00\n\x00\t\x00\t\x00<\x00/\x00U\x00s\x00e\x00d\x00N\x00a\x00m\x00e\x00>\x00\n\x00\t\x00\t\x00<\x00U\x00s\x00e\x00d\x00N\x00a\x00m\x00e\x00>\x00\n\x00\t\x00\t\x00\t\x00<\x00I\x00C\x00o\x00r\x00e\x00>\x00_\x00#\x00_\x00C\x00O\x00R\x00E\x00C\x00R\x00O\x00S\x00S\x00_\x00#\x00_\x00<\x00/\x00I\x00C\x00o\x00r\x00e\x00>\x00\n\x00\t\x00\t\x00<\x00/\x00U\x00s\x00e\x00d\x00N\x00a\x00m\x00e\x00>\x00\n\x00\t\x00<\x00/\x00D\x00a\x00t\x00a\x00>\x00\n\x00<\x00/\x00R\x00o\x00o\x00t\x00>\x00\n\x00\x00\x00',0,False
Class-main+Class japanese,b'<\x00R\x00o\x00o\x00t\x00>\x00\n\x00\t\x00<\x00D\x00a\x00t\x00a\x00>\x00\n\x00\t\x00\t\x00<\x00S\x00t\x00r\x00u\x00c\x00t\x00u\x00r\x00e\x00>\x00\n\x00\t\x00\t\x00\t\x00<\x00A\x00t\x00t\x00r\x00i\x00b\x00u\x00t\x00e\x00>\x00C\x00l\x00a\x00s\x00s\x00-\x00m\x00a\x00i\x00n\x00<\x00/\x00A\x00t\x00t\x00r\x00i\x00b\x00u\x00t\x00e\x00>\x00\n\x00\t\x00\t\x00\t\x00<\x00D\x00i\x00r\x00e\x00c\x00t\x00i\x00o\x00n\x00>\x000\x00<\x00/\x00D\x00i\x00r\x00e\x00c\x00t\x00i\x00o\x00n\x00>\x00\n\x00\t\x00\t\x00\t\x00<\x00I\x00n\x00f\x00o\x00>\x002\x00<\x00/\x00I\x00n\x00f\x00o\x00>\x00\n\x00\t\x00\t\x00\t\x00<\x00O\x00r\x00d\x00e\x00r\x00>\x001\x00<\x00/\x00O\x00r\x00d\x00e\x00r\x00>\x00\n\x00\t\x00\t\x00<\x00/\x00S\x00t\x00r\x00u\x00c\x00t\x00u\x00r\x00e\x00>\x00\n\x00\t\x00\t\x00<\x00S\x00t\x00r\x00u\x00c\x00t\x00u\x00r\x00e\x00>\x00\n\x00\t\x00\t\x00\t\x00<\x00A\x00t\x00t\x00r\x00i\x00b\x00u\x00t\x00e\x00>\x00C\x00l\x00a\x00s\x00s\x00_\x00j\x00a\x00p\x00a\x00n\x00e\x00s\x00e\x00<\x00/\x00A\x00t\x00t\x00r\x00i\x00b\x00u\x00t\x00e\x00>\x00\n\x00\t\x00\t\x00\t\x00<\x00D\x00i\x00r\x00e\x00c\x00t\x00i\x00o\x00n\x00>\x000\x00<\x00/\x00D\x00i\x00r\x00e\x00c\x00t\x00i\x00o\x00n\x00>\x00\n\x00\t\x00\t\x00\t\x00<\x00I\x00n\x00f\x00o\x00>\x002\x00<\x00/\x00I\x00n\x00f\x00o\x00>\x00\n\x00\t\x00\t\x00\t\x00<\x00O\x00r\x00d\x00e\x00r\x00>\x002\x00<\x00/\x00O\x00r\x00d\x00e\x00r\x00>\x00\n\x00\t\x00\t\x00<\x00/\x00S\x00t\x00r\x00u\x00c\x00t\x00u\x00r\x00e\x00>\x00\n\x00\t\x00\t\x00<\x00U\x00s\x00e\x00d\x00N\x00a\x00m\x00e\x00>\x00\n\x00\t\x00\t\x00\t\x00<\x00C\x00o\x00m\x00p\x00o\x00n\x00e\x00n\x00t\x00s\x00>\x00_\x00#\x00_\x00C\x00O\x00M\x00P\x00O\x00N\x00E\x00N\x00T\x00N\x00A\x00M\x00E\x00_\x00#\x00_\x00<\x00/\x00C\x00o\x00m\x00p\x00o\x00n\x00e\x00n\x00t\x00s\x00>\x00\n\x00\t\x00\t\x00\t\x00<\x00I\x00C\x00o\x00m\x00p\x00o\x00n\x00e\x00n\x00t\x00>\x00D\x00e\x00s\x00c\x00r\x00i\x00p\x00t\x00i\x00o\x00n\x00_\x00j\x00a\x00p\x00a\x00n\x00e\x00s\x00e\x00<\x00/\x00I\x00C\x00o\x00m\x00p\x00o\x00n\x00e\x00n\x00t\x00>\x00\n\x00\t\x00\t\x00<\x00/\x00U\x00s\x00e\x00d\x00N\x00a\x00m\x00e\x00>\x00\n\x00\t\x00\t\x00<\x00U\x00s\x00e\x00d\x00N\x00a\x00m\x00e\x00>\x00\n\x00\t\x00\t\x00\t\x00<\x00W\x00i\x00r\x00e\x00s\x00>\x00_\x00#\x00_\x00W\x00I\x00R\x00E\x00N\x00A\x00M\x00E\x00_\x00#\x00_\x00<\x00/\x00W\x00i\x00r\x00e\x00s\x00>\x00\n\x00\t\x00\t\x00\t\x00<\x00I\x00W\x00i\x00r\x00e\x00>\x00_\x00#\x00_\x00C\x00O\x00R\x00E\x00C\x00R\x00O\x00S\x00S\x00_\x00#\x00_\x00<\x00/\x00I\x00W\x00i\x00r\x00e\x00>\x00\n\x00\t\x00\t\x00<\x00/\x00U\x00s\x00e\x00d\x00N\x00a\x00m\x00e\x00>\x00\n\x00\t\x00\t\x00<\x00U\x00s\x00e\x00d\x00N\x00a\x00m\x00e\x00>\x00\n\x00\t\x00\t\x00\t\x00<\x00S\x00y\x00m\x00b\x00o\x00l\x00s\x00>\x00_\x00#\x00_\x00S\x00Y\x00M\x00B\x00O\x00L\x00N\x00A\x00M\x00E\x00_\x00#\x00_\x00<\x00/\x00S\x00y\x00m\x00b\x00o\x00l\x00s\x00>\x00\n\x00\t\x00\t\x00\t\x00<\x00I\x00S\x00y\x00m\x00b\x00o\x00l\x00>\x00D\x00e\x00s\x00c\x00r\x00i\x00p\x00t\x00i\x00o\x00n\x00_\x00j\x00a\x00p\x00a\x00n\x00e\x00s\x00e\x00<\x00/\x00I\x00S\x00y\x00m\x00b\x00o\x00l\x00>\x00\n\x00\t\x00\t\x00<\x00/\x00U\x00s\x00e\x00d\x00N\x00a\x00m\x00e\x00>\x00\n\x00\t\x00\t\x00<\x00U\x00s\x00e\x00d\x00N\x00a\x00m\x00e\x00>\x00\n\x00\t\x00\t\x00\t\x00<\x00M\x00o\x00d\x00e\x00l\x00s\x00>\x00_\x00#\x00_\x00M\x00O\x00D\x00E\x00L\x00N\x00A\x00M\x00E\x00_\x00#\x00_\x00<\x00/\x00M\x00o\x00d\x00e\x00l\x00s\x00>\x00\n\x00\t\x00\t\x00\t\x00<\x00I\x00M\x00o\x00d\x00e\x00l\x00>\x00D\x00e\x00s\x00c\x00r\x00i\x00p\x00t\x00i\x00o\x00n\x00<\x00/\x00I\x00M\x00o\x00d\x00e\x00l\x00>\x00\n\x00\t\x00\t\x00<\x00/\x00U\x00s\x00e\x00d\x00N\x00a\x00m\x00e\x00>\x00\n\x00\t\x00\t\x00<\x00U\x00s\x00e\x00d\x00N\x00a\x00m\x00e\x00>\x00\n\x00\t\x00\t\x00\t\x00<\x00I\x00C\x00o\x00r\x00e\x00>\x00_\x00#\x00_\x00C\x00O\x00R\x00E\x00C\x00R\x00O\x00S\x00S\x00_\x00#\x00_\x00<\x00/\x00I\x00C\x00o\x00r\x00e\x00>\x00\n\x00\t\x00\t\x00<\x00/\x00U\x00s\x00e\x00d\x00N\x00a\x00m\x00e\x00>\x00\n\x00\t\x00<\x00/\x00D\x00a\x00t\x00a\x00>\x00\n\x00<\x00/\x00R\x00o\x00o\x00t\x00>\x00\n\x00\x00\x00',0,False
Class-main+Classe português,b'<\x00R\x00o\x00o\x00t\x00>\x00\n\x00\t\x00<\x00D\x00a\x00t\x00a\x00>\x00\n\x00\t\x00\t\x00<\x00S\x00t\x00r\x00u\x00c\x00t\x00u\x00r\x00e\x00>\x00\n\x00\t\x00\t\x00\t\x00<\x00A\x00t\x00t\x00r\x00i\x00b\x00u\x00t\x00e\x00>\x00C\x00l\x00a\x00s\x00s\x00-\x00m\x00a\x00i\x00n\x00<\x00/\x00A\x00t\x00t\x00r\x00i\x00b\x00u\x00t\x00e\x00>\x00\n\x00\t\x00\t\x00\t\x00<\x00D\x00i\x00r\x00e\x00c\x00t\x00i\x00o\x00n\x00>\x000\x00<\x00/\x00D\x00i\x00r\x00e\x00c\x00t\x00i\x00o\x00n\x00>\x00\n\x00\t\x00\t\x00\t\x00<\x00I\x00n\x00f\x00o\x00>\x002\x00<\x00/\x00I\x00n\x00f\x00o\x00>\x00\n\x00\t\x00\t\x00\t\x00<\x00O\x00r\x00d\x00e\x00r\x00>\x001\x00<\x00/\x00O\x00r\x00d\x00e\x00r\x00>\x00\n\x00\t\x00\t\x00<\x00/\x00S\x00t\x00r\x00u\x00c\x00t\x00u\x00r\x00e\x00>\x00\n\x00\t\x00\t\x00<\x00S\x00t\x00r\x00u\x00c\x00t\x00u\x00r\x00e\x00>\x00\n\x00\t\x00\t\x00\t\x00<\x00A\x00t\x00t\x00r\x00i\x00b\x00u\x00t\x00e\x00>\x00C\x00l\x00a\x00s\x00s\x00_\x00p\x00o\x00r\x00t\x00u\x00g\x00u\x00e\x00s\x00<\x00/\x00A\x00t\x00t\x00r\x00i\x00b\x00u\x00t\x00e\x00>\x00\n\x00\t\x00\t\x00\t\x00<\x00D\x00i\x00r\x00e\x00c\x00t\x00i\x00o\x00n\x00>\x000\x00<\x00/\x00D\x00i\x00r\x00e\x00c\x00t\x00i\x00o\x00n\x00>\x00\n\x00\t\x00\t\x00\t\x00<\x00I\x00n\x00f\x00o\x00>\x002\x00<\x00/\x00I\x00n\x00f\x00o\x00>\x00\n\x00\t\x00\t\x00\t\x00<\x00O\x00r\x00d\x00e\x00r\x00>\x002\x00<\x00/\x00O\x00r\x00d\x00e\x00r\x00>\x00\n\x00\t\x00\t\x00<\x00/\x00S\x00t\x00r\x00u\x00c\x00t\x00u\x00r\x00e\x00>\x00\n\x00\t\x00\t\x00<\x00U\x00s\x00e\x00d\x00N\x00a\x00m\x00e\x00>\x00\n\x00\t\x00\t\x00\t\x00<\x00C\x00o\x00m\x00p\x00o\x00n\x00e\x00n\x00t\x00s\x00>\x00_\x00#\x00_\x00C\x00O\x00M\x00P\x00O\x00N\x00E\x00N\x00T\x00N\x00A\x00M\x00E\x00_\x00#\x00_\x00<\x00/\x00C\x00o\x00m\x00p\x00o\x00n\x00e\x00n\x00t\x00s\x00>\x00\n\x00\t\x00\t\x00\t\x00<\x00I\x00C\x00o\x00m\x00p\x00o\x00n\x00e\x00n\x00t\x00>\x00D\x00e\x00s\x00c\x00r\x00i\x00p\x00t\x00i\x00o\x00n\x00_\x00p\x00o\x00r\x00t\x00u\x00g\x00u\x00e\x00s\x00<\x00/\x00I\x00C\x00o\x00m\x00p\x00o\x00n\x00e\x00n\x00t\x00>\x00\n\x00\t\x00\t\x00<\x00/\x00U\x00s\x00e\x00d\x00N\x00a\x00m\x00e\x00>\x00\n\x00\t\x00\t\x00<\x00U\x00s\x00e\x00d\x00N\x00a\x00m\x00e\x00>\x00\n\x00\t\x00\t\x00\t\x00<\x00W\x00i\x00r\x00e\x00s\x00>\x00_\x00#\x00_\x00W\x00I\x00R\x00E\x00N\x00A\x00M\x00E\x00_\x00#\x00_\x00<\x00/\x00W\x00i\x00r\x00e\x00s\x00>\x00\n\x00\t\x00\t\x00\t\x00<\x00I\x00W\x00i\x00r\x00e\x00>\x00_\x00#\x00_\x00C\x00O\x00R\x00E\x00C\x00R\x00O\x00S\x00S\x00_\x00#\x00_\x00<\x00/\x00I\x00W\x00i\x00r\x00e\x00>\x00\n\x00\t\x00\t\x00<\x00/\x00U\x00s\x00e\x00d\x00N\x00a\x00m\x00e\x00>\x00\n\x00\t\x00\t\x00<\x00U\x00s\x00e\x00d\x00N\x00a\x00m\x00e\x00>\x00\n\x00\t\x00\t\x00\t\x00<\x00S\x00y\x00m\x00b\x00o\x00l\x00s\x00>\x00_\x00#\x00_\x00S\x00Y\x00M\x00B\x00O\x00L\x00N\x00A\x00M\x00E\x00_\x00#\x00_\x00<\x00/\x00S\x00y\x00m\x00b\x00o\x00l\x00s\x00>\x00\n\x00\t\x00\t\x00\t\x00<\x00I\x00S\x00y\x00m\x00b\x00o\x00l\x00>\x00D\x00e\x00s\x00c\x00r\x00i\x00p\x00t\x00i\x00o\x00n\x00_\x00p\x00o\x00r\x00t\x00u\x00g\x00u\x00e\x00s\x00<\x00/\x00I\x00S\x00y\x00m\x00b\x00o\x00l\x00>\x00\n\x00\t\x00\t\x00<\x00/\x00U\x00s\x00e\x00d\x00N\x00a\x00m\x00e\x00>\x00\n\x00\t\x00\t\x00<\x00U\x00s\x00e\x00d\x00N\x00a\x00m\x00e\x00>\x00\n\x00\t\x00\t\x00\t\x00<\x00M\x00o\x00d\x00e\x00l\x00s\x00>\x00_\x00#\x00_\x00M\x00O\x00D\x00E\x00L\x00N\x00A\x00M\x00E\x00_\x00#\x00_\x00<\x00/\x00M\x00o\x00d\x00e\x00l\x00s\x00>\x00\n\x00\t\x00\t\x00\t\x00<\x00I\x00M\x00o\x00d\x00e\x00l\x00>\x00D\x00e\x00s\x00c\x00r\x00i\x00p\x00t\x00i\x00o\x00n\x00<\x00/\x00I\x00M\x00o\x00d\x00e\x00l\x00>\x00\n\x00\t\x00\t\x00<\x00/\x00U\x00s\x00e\x00d\x00N\x00a\x00m\x00e\x00>\x00\n\x00\t\x00\t\x00<\x00U\x00s\x00e\x00d\x00N\x00a\x00m\x00e\x00>\x00\n\x00\t\x00\t\x00\t\x00<\x00I\x00C\x00o\x00r\x00e\x00>\x00_\x00#\x00_\x00C\x00O\x00R\x00E\x00C\x00R\x00O\x00S\x00S\x00_\x00#\x00_\x00<\x00/\x00I\x00C\x00o\x00r\x00e\x00>\x00\n\x00\t\x00\t\x00<\x00/\x00U\x00s\x00e\x00d\x00N\x00a\x00m\x00e\x00>\x00\n\x00\t\x00<\x00/\x00D\x00a\x00t\x00a\x00>\x00\n\x00<\x00/\x00R\x00o\x00o\x00t\x00>\x00\n\x00\x00\x00',0,False
Class-main+Klasse Deutsch,b'<\x00R\x00o\x00o\x00t\x00>\x00\n\x00\t\x00<\x00D\x00a\x00t\x00a\x00>\x00\n\x00\t\x00\t\x00<\x00S\x00t\x00r\x00u\x00c\x00t\x00u\x00r\x00e\x00>\x00\n\x00\t\x00\t\x00\t\x00<\x00A\x00t\x00t\x00r\x00i\x00b\x00u\x00t\x00e\x00>\x00C\x00l\x00a\x00s\x00s\x00-\x00m\x00a\x00i\x00n\x00<\x00/\x00A\x00t\x00t\x00r\x00i\x00b\x00u\x00t\x00e\x00>\x00\n\x00\t\x00\t\x00\t\x00<\x00D\x00i\x00r\x00e\x00c\x00t\x00i\x00o\x00n\x00>\x000\x00<\x00/\x00D\x00i\x00r\x00e\x00c\x00t\x00i\x00o\x00n\x00>\x00\n\x00\t\x00\t\x00\t\x00<\x00I\x00n\x00f\x00o\x00>\x002\x00<\x00/\x00I\x00n\x00f\x00o\x00>\x00\n\x00\t\x00\t\x00\t\x00<\x00O\x00r\x00d\x00e\x00r\x00>\x001\x00<\x00/\x00O\x00r\x00d\x00e\x00r\x00>\x00\n\x00\t\x00\t\x00<\x00/\x00S\x00t\x00r\x00u\x00c\x00t\x00u\x00r\x00e\x00>\x00\n\x00\t\x00\t\x00<\x00S\x00t\x00r\x00u\x00c\x00t\x00u\x00r\x00e\x00>\x00\n\x00\t\x00\t\x00\t\x00<\x00A\x00t\x00t\x00r\x00i\x00b\x00u\x00t\x00e\x00>\x00C\x00l\x00a\x00s\x00s\x00_\x00d\x00e\x00u\x00t\x00s\x00c\x00h\x00<\x00/\x00A\x00t\x00t\x00r\x00i\x00b\x00u\x00t\x00e\x00>\x00\n\x00\t\x00\t\x00\t\x00<\x00D\x00i\x00r\x00e\x00c\x00t\x00i\x00o\x00n\x00>\x000\x00<\x00/\x00D\x00i\x00r\x00e\x00c\x00t\x00i\x00o\x00n\x00>\x00\n\x00\t\x00\t\x00\t\x00<\x00I\x00n\x00f\x00o\x00>\x002\x00<\x00/\x00I\x00n\x00f\x00o\x00>\x00\n\x00\t\x00\t\x00\t\x00<\x00O\x00r\x00d\x00e\x00r\x00>\x002\x00<\x00/\x00O\x00r\x00d\x00e\x00r\x00>\x00\n\x00\t\x00\t\x00<\x00/\x00S\x00t\x00r\x00u\x00c\x00t\x00u\x00r\x00e\x00>\x00\n\x00\t\x00\t\x00<\x00U\x00s\x00e\x00d\x00N\x00a\x00m\x00e\x00>\x00\n\x00\t\x00\t\x00\t\x00<\x00C\x00o\x00m\x00p\x00o\x00n\x00e\x00n\x00t\x00s\x00>\x00_\x00#\x00_\x00C\x00O\x00M\x00P\x00O\x00N\x00E\x00N\x00T\x00N\x00A\x00M\x00E\x00_\x00#\x00_\x00<\x00/\x00C\x00o\x00m\x00p\x00o\x00n\x00e\x00n\x00t\x00s\x00>\x00\n\x00\t\x00\t\x00\t\x00<\x00I\x00C\x00o\x00m\x00p\x00o\x00n\x00e\x00n\x00t\x00>\x00D\x00e\x00s\x00c\x00r\x00i\x00p\x00t\x00i\x00o\x00n\x00_\x00d\x00e\x00u\x00t\x00s\x00c\x00h\x00<\x00/\x00I\x00C\x00o\x00m\x00p\x00o\x00n\x00e\x00n\x00t\x00>\x00\n\x00\t\x00\t\x00<\x00/\x00U\x00s\x00e\x00d\x00N\x00a\x00m\x00e\x00>\x00\n\x00\t\x00\t\x00<\x00U\x00s\x00e\x00d\x00N\x00a\x00m\x00e\x00>\x00\n\x00\t\x00\t\x00\t\x00<\x00W\x00i\x00r\x00e\x00s\x00>\x00_\x00#\x00_\x00W\x00I\x00R\x00E\x00N\x00A\x00M\x00E\x00_\x00#\x00_\x00<\x00/\x00W\x00i\x00r\x00e\x00s\x00>\x00\n\x00\t\x00\t\x00\t\x00<\x00I\x00W\x00i\x00r\x00e\x00>\x00_\x00#\x00_\x00C\x00O\x00R\x00E\x00C\x00R\x00O\x00S\x00S\x00_\x00#\x00_\x00<\x00/\x00I\x00W\x00i\x00r\x00e\x00>\x00\n\x00\t\x00\t\x00<\x00/\x00U\x00s\x00e\x00d\x00N\x00a\x00m\x00e\x00>\x00\n\x00\t\x00\t\x00<\x00U\x00s\x00e\x00d\x00N\x00a\x00m\x00e\x00>\x00\n\x00\t\x00\t\x00\t\x00<\x00S\x00y\x00m\x00b\x00o\x00l\x00s\x00>\x00_\x00#\x00_\x00S\x00Y\x00M\x00B\x00O\x00L\x00N\x00A\x00M\x00E\x00_\x00#\x00_\x00<\x00/\x00S\x00y\x00m\x00b\x00o\x00l\x00s\x00>\x00\n\x00\t\x00\t\x00\t\x00<\x00I\x00S\x00y\x00m\x00b\x00o\x00l\x00>\x00D\x00e\x00s\x00c\x00r\x00i\x00p\x00t\x00i\x00o\x00n\x00_\x00d\x00e\x00u\x00t\x00s\x00c\x00h\x00<\x00/\x00I\x00S\x00y\x00m\x00b\x00o\x00l\x00>\x00\n\x00\t\x00\t\x00<\x00/\x00U\x00s\x00e\x00d\x00N\x00a\x00m\x00e\x00>\x00\n\x00\t\x00\t\x00<\x00U\x00s\x00e\x00d\x00N\x00a\x00m\x00e\x00>\x00\n\x00\t\x00\t\x00\t\x00<\x00M\x00o\x00d\x00e\x00l\x00s\x00>\x00_\x00#\x00_\x00M\x00O\x00D\x00E\x00L\x00N\x00A\x00M\x00E\x00_\x00#\x00_\x00<\x00/\x00M\x00o\x00d\x00e\x00l\x00s\x00>\x00\n\x00\t\x00\t\x00\t\x00<\x00I\x00M\x00o\x00d\x00e\x00l\x00>\x00D\x00e\x00s\x00c\x00r\x00i\x00p\x00t\x00i\x00o\x00n\x00<\x00/\x00I\x00M\x00o\x00d\x00e\x00l\x00>\x00\n\x00\t\x00\t\x00<\x00/\x00U\x00s\x00e\x00d\x00N\x00a\x00m\x00e\x00>\x00\n\x00\t\x00\t\x00<\x00U\x00s\x00e\x00d\x00N\x00a\x00m\x00e\x00>\x00\n\x00\t\x00\t\x00\t\x00<\x00I\x00C\x00o\x00r\x00e\x00>\x00_\x00#\x00_\x00C\x00O\x00R\x00E\x00C\x00R\x00O\x00S\x00S\x00_\x00#\x00_\x00<\x00/\x00I\x00C\x00o\x00r\x00e\x00>\x00\n\x00\t\x00\t\x00<\x00/\x00U\x00s\x00e\x00d\x00N\x00a\x00m\x00e\x00>\x00\n\x00\t\x00<\x00/\x00D\x00a\x00t\x00a\x00>\x00\n\x00<\x00/\x00R\x00o\x00o\x00t\x00>\x00\n\x00\x00\x00',0,False
Class-main+Klasse nederlands,b'<\x00R\x00o\x00o\x00t\x00>\x00\n\x00\t\x00<\x00D\x00a\x00t\x00a\x00>\x00\n\x00\t\x00\t\x00<\x00S\x00t\x00r\x00u\x00c\x00t\x00u\x00r\x00e\x00>\x00\n\x00\t\x00\t\x00\t\x00<\x00A\x00t\x00t\x00r\x00i\x00b\x00u\x00t\x00e\x00>\x00C\x00l\x00a\x00s\x00s\x00-\x00m\x00a\x00i\x00n\x00<\x00/\x00A\x00t\x00t\x00r\x00i\x00b\x00u\x00t\x00e\x00>\x00\n\x00\t\x00\t\x00\t\x00<\x00D\x00i\x00r\x00e\x00c\x00t\x00i\x00o\x00n\x00>\x000\x00<\x00/\x00D\x00i\x00r\x00e\x00c\x00t\x00i\x00o\x00n\x00>\x00\n\x00\t\x00\t\x00\t\x00<\x00I\x00n\x00f\x00o\x00>\x000\x00<\x00/\x00I\x00n\x00f\x00o\x00>\x00\n\x00\t\x00\t\x00\t\x00<\x00O\x00r\x00d\x00e\x00r\x00>\x001\x00<\x00/\x00O\x00r\x00d\x00e\x00r\x00>\x00\n\x00\t\x00\t\x00<\x00/\x00S\x00t\x00r\x00u\x00c\x00t\x00u\x00r\x00e\x00>\x00\n\x00\t\x00\t\x00<\x00S\x00t\x00r\x00u\x00c\x00t\x00u\x00r\x00e\x00>\x00\n\x00\t\x00\t\x00\t\x00<\x00A\x00t\x00t\x00r\x00i\x00b\x00u\x00t\x00e\x00>\x00C\x00l\x00a\x00s\x00s\x00_\x00n\x00e\x00d\x00e\x00r\x00l\x00a\x00n\x00d\x00s\x00<\x00/\x00A\x00t\x00t\x00r\x00i\x00b\x00u\x00t\x00e\x00>\x00\n\x00\t\x00\t\x00\t\x00<\x00D\x00i\x00r\x00e\x00c\x00t\x00i\x00o\x00n\x00>\x000\x00<\x00/\x00D\x00i\x00r\x00e\x00c\x00t\x00i\x00o\x00n\x00>\x00\n\x00\t\x00\t\x00\t\x00<\x00I\x00n\x00f\x00o\x00>\x002\x00<\x00/\x00I\x00n\x00f\x00o\x00>\x00\n\x00\t\x00\t\x00\t\x00<\x00O\x00r\x00d\x00e\x00r\x00>\x002\x00<\x00/\x00O\x00r\x00d\x00e\x00r\x00>\x00\n\x00\t\x00\t\x00<\x00/\x00S\x00t\x00r\x00u\x00c\x00t\x00u\x00r\x00e\x00>\x00\n\x00\t\x00\t\x00<\x00U\x00s\x00e\x00d\x00N\x00a\x00m\x00e\x00>\x00\n\x00\t\x00\t\x00\t\x00<\x00C\x00o\x00m\x00p\x00o\x00n\x00e\x00n\x00t\x00s\x00>\x00_\x00#\x00_\x00C\x00O\x00M\x00P\x00O\x00N\x00E\x00N\x00T\x00N\x00A\x00M\x00E\x00_\x00#\x00_\x00<\x00/\x00C\x00o\x00m\x00p\x00o\x00n\x00e\x00n\x00t\x00s\x00>\x00\n\x00\t\x00\t\x00\t\x00<\x00I\x00C\x00o\x00m\x00p\x00o\x00n\x00e\x00n\x00t\x00>\x00D\x00e\x00s\x00c\x00r\x00i\x00p\x00t\x00i\x00o\x00n\x00_\x00n\x00e\x00d\x00e\x00r\x00l\x00a\x00n\x00d\x00s\x00<\x00/\x00I\x00C\x00o\x00m\x00p\x00o\x00n\x00e\x00n\x00t\x00>\x00\n\x00\t\x00\t\x00<\x00/\x00U\x00s\x00e\x00d\x00N\x00a\x00m\x00e\x00>\x00\n\x00\t\x00\t\x00<\x00U\x00s\x00e\x00d\x00N\x00a\x00m\x00e\x00>\x00\n\x00\t\x00\t\x00\t\x00<\x00W\x00i\x00r\x00e\x00s\x00>\x00_\x00#\x00_\x00W\x00I\x00R\x00E\x00N\x00A\x00M\x00E\x00_\x00#\x00_\x00<\x00/\x00W\x00i\x00r\x00e\x00s\x00>\x00\n\x00\t\x00\t\x00\t\x00<\x00I\x00W\x00i\x00r\x00e\x00>\x00_\x00#\x00_\x00C\x00O\x00R\x00E\x00C\x00R\x00O\x00S\x00S\x00_\x00#\x00_\x00<\x00/\x00I\x00W\x00i\x00r\x00e\x00>\x00\n\x00\t\x00\t\x00<\x00/\x00U\x00s\x00e\x00d\x00N\x00a\x00m\x00e\x00>\x00\n\x00\t\x00\t\x00<\x00U\x00s\x00e\x00d\x00N\x00a\x00m\x00e\x00>\x00\n\x00\t\x00\t\x00\t\x00<\x00S\x00y\x00m\x00b\x00o\x00l\x00s\x00>\x00_\x00#\x00_\x00S\x00Y\x00M\x00B\x00O\x00L\x00N\x00A\x00M\x00E\x00_\x00#\x00_\x00<\x00/\x00S\x00y\x00m\x00b\x00o\x00l\x00s\x00>\x00\n\x00\t\x00\t\x00\t\x00<\x00I\x00S\x00y\x00m\x00b\x00o\x00l\x00>\x00D\x00e\x00s\x00c\x00r\x00i\x00p\x00t\x00i\x00o\x00n\x00_\x00n\x00e\x00d\x00e\x00r\x00l\x00a\x00n\x00d\x00s\x00<\x00/\x00I\x00S\x00y\x00m\x00b\x00o\x00l\x00>\x00\n\x00\t\x00\t\x00<\x00/\x00U\x00s\x00e\x00d\x00N\x00a\x00m\x00e\x00>\x00\n\x00\t\x00\t\x00<\x00U\x00s\x00e\x00d\x00N\x00a\x00m\x00e\x00>\x00\n\x00\t\x00\t\x00\t\x00<\x00M\x00o\x00d\x00e\x00l\x00s\x00>\x00_\x00#\x00_\x00M\x00O\x00D\x00E\x00L\x00N\x00A\x00M\x00E\x00_\x00#\x00_\x00<\x00/\x00M\x00o\x00d\x00e\x00l\x00s\x00>\x00\n\x00\t\x00\t\x00\t\x00<\x00I\x00M\x00o\x00d\x00e\x00l\x00>\x00D\x00e\x00s\x00c\x00r\x00i\x00p\x00t\x00i\x00o\x00n\x00<\x00/\x00I\x00M\x00o\x00d\x00e\x00l\x00>\x00\n\x00\t\x00\t\x00<\x00/\x00U\x00s\x00e\x00d\x00N\x00a\x00m\x00e\x00>\x00\n\x00\t\x00\t\x00<\x00U\x00s\x00e\x00d\x00N\x00a\x00m\x00e\x00>\x00\n\x00\t\x00\t\x00\t\x00<\x00I\x00C\x00o\x00r\x00e\x00>\x00_\x00#\x00_\x00C\x00O\x00R\x00E\x00C\x00R\x00O\x00S\x00S\x00_\x00#\x00_\x00<\x00/\x00I\x00C\x00o\x00r\x00e\x00>\x00\n\x00\t\x00\t\x00<\x00/\x00U\x00s\x00e\x00d\x00N\x00a\x00m\x00e\x00>\x00\n\x00\t\x00<\x00/\x00D\x00a\x00t\x00a\x00>\x00\n\x00<\x00/\x00R\x00o\x00o\x00t\x00>\x00\n\x00\x00\x00',0,False
Class-main+Класс (русский),b'<\x00R\x00o\x00o\x00t\x00>\x00\n\x00\t\x00<\x00D\x00a\x00t\x00a\x00>\x00\n\x00\t\x00\t\x00<\x00S\x00t\x00r\x00u\x00c\x00t\x00u\x00r\x00e\x00>\x00\n\x00\t\x00\t\x00\t\x00<\x00A\x00t\x00t\x00r\x00i\x00b\x00u\x00t\x00e\x00>\x00C\x00l\x00a\x00s\x00s\x00-\x00m\x00a\x00i\x00n\x00<\x00/\x00A\x00t\x00t\x00r\x00i\x00b\x00u\x00t\x00e\x00>\x00\n\x00\t\x00\t\x00\t\x00<\x00D\x00i\x00r\x00e\x00c\x00t\x00i\x00o\x00n\x00>\x000\x00<\x00/\x00D\x00i\x00r\x00e\x00c\x00t\x00i\x00o\x00n\x00>\x00\n\x00\t\x00\t\x00\t\x00<\x00I\x00n\x00f\x00o\x00>\x002\x00<\x00/\x00I\x00n\x00f\x00o\x00>\x00\n\x00\t\x00\t\x00\t\x00<\x00O\x00r\x00d\x00e\x00r\x00>\x001\x00<\x00/\x00O\x00r\x00d\x00e\x00r\x00>\x00\n\x00\t\x00\t\x00<\x00/\x00S\x00t\x00r\x00u\x00c\x00t\x00u\x00r\x00e\x00>\x00\n\x00\t\x00\t\x00<\x00S\x00t\x00r\x00u\x00c\x00t\x00u\x00r\x00e\x00>\x00\n\x00\t\x00\t\x00\t\x00<\x00A\x00t\x00t\x00r\x00i\x00b\x00u\x00t\x00e\x00>\x00C\x00l\x00a\x00s\x00s\x00_\x00r\x00u\x00s\x00s\x00i\x00a\x00n\x00<\x00/\x00A\x00t\x00t\x00r\x00i\x00b\x00u\x00t\x00e\x00>\x00\n\x00\t\x00\t\x00\t\x00<\x00D\x00i\x00r\x00e\x00c\x00t\x00i\x00o\x00n\x00>\x000\x00<\x00/\x00D\x00i\x00r\x00e\x00c\x00t\x00i\x00o\x00n\x00>\x00\n\x00\t\x00\t\x00\t\x00<\x00I\x00n\x00f\x00o\x00>\x002\x00<\x00/\x00I\x00n\x00f\x00o\x00>\x00\n\x00\t\x00\t\x00\t\x00<\x00O\x00r\x00d\x00e\x00r\x00>\x002\x00<\x00/\x00O\x00r\x00d\x00e\x00r\x00>\x00\n\x00\t\x00\t\x00<\x00/\x00S\x00t\x00r\x00u\x00c\x00t\x00u\x00r\x00e\x00>\x00\n\x00\t\x00\t\x00<\x00U\x00s\x00e\x00d\x00N\x00a\x00m\x00e\x00>\x00\n\x00\t\x00\t\x00\t\x00<\x00C\x00o\x00m\x00p\x00o\x00n\x00e\x00n\x00t\x00s\x00>\x00_\x00#\x00_\x00C\x00O\x00M\x00P\x00O\x00N\x00E\x00N\x00T\x00N\x00A\x00M\x00E\x00_\x00#\x00_\x00<\x00/\x00C\x00o\x00m\x00p\x00o\x00n\x00e\x00n\x00t\x00s\x00>\x00\n\x00\t\x00\t\x00\t\x00<\x00I\x00C\x00o\x00m\x00p\x00o\x00n\x00e\x00n\x00t\x00>\x00D\x00e\x00s\x00c\x00r\x00i\x00p\x00t\x00i\x00o\x00n\x00_\x00r\x00u\x00s\x00s\x00i\x00a\x00n\x00<\x00/\x00I\x00C\x00o\x00m\x00p\x00o\x00n\x00e\x00n\x00t\x00>\x00\n\x00\t\x00\t\x00<\x00/\x00U\x00s\x00e\x00d\x00N\x00a\x00m\x00e\x00>\x00\n\x00\t\x00\t\x00<\x00U\x00s\x00e\x00d\x00N\x00a\x00m\x00e\x00>\x00\n\x00\t\x00\t\x00\t\x00<\x00W\x00i\x00r\x00e\x00s\x00>\x00_\x00#\x00_\x00W\x00I\x00R\x00E\x00N\x00A\x00M\x00E\x00_\x00#\x00_\x00<\x00/\x00W\x00i\x00r\x00e\x00s\x00>\x00\n\x00\t\x00\t\x00\t\x00<\x00I\x00W\x00i\x00r\x00e\x00>\x00_\x00#\x00_\x00C\x00O\x00R\x00E\x00C\x00R\x00O\x00S\x00S\x00_\x00#\x00_\x00<\x00/\x00I\x00W\x00i\x00r\x00e\x00>\x00\n\x00\t\x00\t\x00<\x00/\x00U\x00s\x00e\x00d\x00N\x00a\x00m\x00e\x00>\x00\n\x00\t\x00\t\x00<\x00U\x00s\x00e\x00d\x00N\x00a\x00m\x00e\x00>\x00\n\x00\t\x00\t\x00\t\x00<\x00S\x00y\x00m\x00b\x00o\x00l\x00s\x00>\x00_\x00#\x00_\x00S\x00Y\x00M\x00B\x00O\x00L\x00N\x00A\x00M\x00E\x00_\x00#\x00_\x00<\x00/\x00S\x00y\x00m\x00b\x00o\x00l\x00s\x00>\x00\n\x00\t\x00\t\x00\t\x00<\x00I\x00S\x00y\x00m\x00b\x00o\x00l\x00>\x00D\x00e\x00s\x00c\x00r\x00i\x00p\x00t\x00i\x00o\x00n\x00_\x00r\x00u\x00s\x00s\x00i\x00a\x00n\x00<\x00/\x00I\x00S\x00y\x00m\x00b\x00o\x00l\x00>\x00\n\x00\t\x00\t\x00<\x00/\x00U\x00s\x00e\x00d\x00N\x00a\x00m\x00e\x00>\x00\n\x00\t\x00\t\x00<\x00U\x00s\x00e\x00d\x00N\x00a\x00m\x00e\x00>\x00\n\x00\t\x00\t\x00\t\x00<\x00M\x00o\x00d\x00e\x00l\x00s\x00>\x00_\x00#\x00_\x00M\x00O\x00D\x00E\x00L\x00N\x00A\x00M\x00E\x00_\x00#\x00_\x00<\x00/\x00M\x00o\x00d\x00e\x00l\x00s\x00>\x00\n\x00\t\x00\t\x00\t\x00<\x00I\x00M\x00o\x00d\x00e\x00l\x00>\x00D\x00e\x00s\x00c\x00r\x00i\x00p\x00t\x00i\x00o\x00n\x00<\x00/\x00I\x00M\x00o\x00d\x00e\x00l\x00>\x00\n\x00\t\x00\t\x00<\x00/\x00U\x00s\x00e\x00d\x00N\x00a\x00m\x00e\x00>\x00\n\x00\t\x00\t\x00<\x00U\x00s\x00e\x00d\x00N\x00a\x00m\x00e\x00>\x00\n\x00\t\x00\t\x00\t\x00<\x00I\x00C\x00o\x00r\x00e\x00>\x00_\x00#\x00_\x00C\x00O\x00R\x00E\x00C\x00R\x00O\x00S\x00S\x00_\x00#\x00_\x00<\x00/\x00I\x00C\x00o\x00r\x00e\x00>\x00\n\x00\t\x00\t\x00<\x00/\x00U\x00s\x00e\x00d\x00N\x00a\x00m\x00e\x00>\x00\n\x00\t\x00<\x00/\x00D\x00a\x00t\x00a\x00>\x00\n\x00<\x00/\x00R\x00o\x00o\x00t\x00>\x00\n\x00\x00\x00',0,False
Klas türkçe,b'<\x00R\x00o\x00o\x00t\x00>\x00\n\x00\t\x00<\x00D\x00a\x00t\x00a\x00>\x00\n\x00\t\x00\t\x00<\x00S\x00t\x00r\x00u\x00c\x00t\x00u\x00r\x00e\x00>\x00\n\x00\t\x00\t\x00\t\x00<\x00A\x00t\x00t\x00r\x00i\x00b\x00u\x00t\x00e\x00>\x00C\x00l\x00a\x00s\x00s\x00_\x00t\x00u\x00r\x00k\x00c\x00e\x00<\x00/\x00A\x00t\x00t\x00r\x00i\x00b\x00u\x00t\x00e\x00>\x00\n\x00\t\x00\t\x00\t\x00<\x00D\x00i\x00r\x00e\x00c\x00t\x00i\x00o\x00n\x00>\x000\x00<\x00/\x00D\x00i\x00r\x00e\x00c\x00t\x00i\x00o\x00n\x00>\x00\n\x00\t\x00\t\x00\t\x00<\x00I\x00n\x00f\x00o\x00>\x002\x00<\x00/\x00I\x00n\x00f\x00o\x00>\x00\n\x00\t\x00\t\x00\t\x00<\x00O\x00r\x00d\x00e\x00r\x00>\x001\x00<\x00/\x00O\x00r\x00d\x00e\x00r\x00>\x00\n\x00\t\x00\t\x00<\x00/\x00S\x00t\x00r\x00u\x00c\x00t\x00u\x00r\x00e\x00>\x00\n\x00\t\x00\t\x00<\x00U\x00s\x00e\x00d\x00N\x00a\x00m\x00e\x00>\x00\n\x00\t\x00\t\x00\t\x00<\x00C\x00o\x00m\x00p\x00o\x00n\x00e\x00n\x00t\x00s\x00>\x00_\x00#\x00_\x00C\x00O\x00M\x00P\x00O\x00N\x00E\x00N\x00T\x00N\x00A\x00M\x00E\x00_\x00#\x00_\x00<\x00/\x00C\x00o\x00m\x00p\x00o\x00n\x00e\x00n\x00t\x00s\x00>\x00\n\x00\t\x00\t\x00\t\x00<\x00I\x00C\x00o\x00m\x00p\x00o\x00n\x00e\x00n\x00t\x00>\x00D\x00e\x00s\x00c\x00r\x00i\x00p\x00t\x00i\x00o\x00n\x00_\x00e\x00n\x00g\x00l\x00i\x00s\x00h\x00<\x00/\x00I\x00C\x00o\x00m\x00p\x00o\x00n\x00e\x00n\x00t\x00>\x00\n\x00\t\x00\t\x00<\x00/\x00U\x00s\x00e\x00d\x00N\x00a\x00m\x00e\x00>\x00\n\x00\t\x00\t\x00<\x00U\x00s\x00e\x00d\x00N\x00a\x00m\x00e\x00>\x00\n\x00\t\x00\t\x00\t\x00<\x00W\x00i\x00r\x00e\x00s\x00>\x00_\x00#\x00_\x00W\x00I\x00R\x00E\x00N\x00A\x00M\x00E\x00_\x00#\x00_\x00<\x00/\x00W\x00i\x00r\x00e\x00s\x00>\x00\n\x00\t\x00\t\x00\t\x00<\x00I\x00W\x00i\x00r\x00e\x00>\x00_\x00#\x00_\x00C\x00O\x00R\x00E\x00C\x00R\x00O\x00S\x00S\x00_\x00#\x00_\x00<\x00/\x00I\x00W\x00i\x00r\x00e\x00>\x00\n\x00\t\x00\t\x00<\x00/\x00U\x00s\x00e\x00d\x00N\x00a\x00m\x00e\x00>\x00\n\x00\t\x00\t\x00<\x00U\x00s\x00e\x00d\x00N\x00a\x00m\x00e\x00>\x00\n\x00\t\x00\t\x00\t\x00<\x00S\x00y\x00m\x00b\x00o\x00l\x00s\x00>\x00_\x00#\x00_\x00S\x00Y\x00M\x00B\x00O\x00L\x00N\x00A\x00M\x00E\x00_\x00#\x00_\x00<\x00/\x00S\x00y\x00m\x00b\x00o\x00l\x00s\x00>\x00\n\x00\t\x00\t\x00\t\x00<\x00I\x00S\x00y\x00m\x00b\x00o\x00l\x00>\x00D\x00e\x00s\x00c\x00r\x00i\x00p\x00t\x00i\x00o\x00n\x00_\x00e\x00n\x00g\x00l\x00i\x00s\x00h\x00<\x00/\x00I\x00S\x00y\x00m\x00b\x00o\x00l\x00>\x00\n\x00\t\x00\t\x00<\x00/\x00U\x00s\x00e\x00d\x00N\x00a\x00m\x00e\x00>\x00\n\x00\t\x00\t\x00<\x00U\x00s\x00e\x00d\x00N\x00a\x00m\x00e\x00>\x00\n\x00\t\x00\t\x00\t\x00<\x00M\x00o\x00d\x00e\x00l\x00s\x00>\x00_\x00#\x00_\x00M\x00O\x00D\x00E\x00L\x00N\x00A\x00M\x00E\x00_\x00#\x00_\x00<\x00/\x00M\x00o\x00d\x00e\x00l\x00s\x00>\x00\n\x00\t\x00\t\x00\t\x00<\x00I\x00M\x00o\x00d\x00e\x00l\x00>\x00D\x00e\x00s\x00c\x00r\x00i\x00p\x00t\x00i\x00o\x00n\x00<\x00/\x00I\x00M\x00o\x00d\x00e\x00l\x00>\x00\n\x00\t\x00\t\x00<\x00/\x00U\x00s\x00e\x00d\x00N\x00a\x00m\x00e\x00>\x00\n\x00\t\x00\t\x00<\x00U\x00s\x00e\x00d\x00N\x00a\x00m\x00e\x00>\x00\n\x00\t\x00\t\x00\t\x00<\x00I\x00C\x00o\x00r\x00e\x00>\x00_\x00#\x00_\x00C\x00O\x00R\x00E\x00C\x00R\x00O\x00S\x00S\x00_\x00#\x00_\x00<\x00/\x00I\x00C\x00o\x00r\x00e\x00>\x00\n\x00\t\x00\t\x00<\x00/\x00U\x00s\x00e\x00d\x00N\x00a\x00m\x00e\x00>\x00\n\x00\t\x00<\x00/\x00D\x00a\x00t\x00a\x00>\x00\n\x00<\x00/\x00R\x00o\x00o\x00t\x00>\x00\n\x00\x00\x00',0,False
Klas türkçe,b'<\x00R\x00o\x00o\x00t\x00>\x00\n\x00\t\x00<\x00D\x00a\x00t\x00a\x00>\x00\n\x00\t\x00\t\x00<\x00S\x00t\x00r\x00u\x00c\x00t\x00u\x00r\x00e\x00>\x00\n\x00\t\x00\t\x00\t\x00<\x00A\x00t\x00t\x00r\x00i\x00b\x00u\x00t\x00e\x00>\x00C\x00l\x00a\x00s\x00s\x00_\x00t\x00u\x00r\x00k\x00c\x00e\x00<\x00/\x00A\x00t\x00t\x00r\x00i\x00b\x00u\x00t\x00e\x00>\x00\n\x00\t\x00\t\x00\t\x00<\x00D\x00i\x00r\x00e\x00c\x00t\x00i\x00o\x00n\x00>\x000\x00<\x00/\x00D\x00i\x00r\x00e\x00c\x00t\x00i\x00o\x00n\x00>\x00\n\x00\t\x00\t\x00\t\x00<\x00I\x00n\x00f\x00o\x00>\x002\x00<\x00/\x00I\x00n\x00f\x00o\x00>\x00\n\x00\t\x00\t\x00\t\x00<\x00O\x00r\x00d\x00e\x00r\x00>\x001\x00<\x00/\x00O\x00r\x00d\x00e\x00r\x00>\x00\n\x00\t\x00\t\x00<\x00/\x00S\x00t\x00r\x00u\x00c\x00t\x00u\x00r\x00e\x00>\x00\n\x00\t\x00\t\x00<\x00U\x00s\x00e\x00d\x00N\x00a\x00m\x00e\x00>\x00\n\x00\t\x00\t\x00\t\x00<\x00C\x00o\x00m\x00p\x00o\x00n\x00e\x00n\x00t\x00s\x00>\x00_\x00#\x00_\x00C\x00O\x00M\x00P\x00O\x00N\x00E\x00N\x00T\x00N\x00A\x00M\x00E\x00_\x00#\x00_\x00<\x00/\x00C\x00o\x00m\x00p\x00o\x00n\x00e\x00n\x00t\x00s\x00>\x00\n\x00\t\x00\t\x00\t\x00<\x00I\x00C\x00o\x00m\x00p\x00o\x00n\x00e\x00n\x00t\x00>\x00D\x00e\x00s\x00c\x00r\x00i\x00p\x00t\x00i\x00o\x00n\x00_\x00e\x00n\x00g\x00l\x00i\x00s\x00h\x00<\x00/\x00I\x00C\x00o\x00m\x00p\x00o\x00n\x00e\x00n\x00t\x00>\x00\n\x00\t\x00\t\x00<\x00/\x00U\x00s\x00e\x00d\x00N\x00a\x00m\x00e\x00>\x00\n\x00\t\x00\t\x00<\x00U\x00s\x00e\x00d\x00N\x00a\x00m\x00e\x00>\x00\n\x00\t\x00\t\x00\t\x00<\x00W\x00i\x00r\x00e\x00s\x00>\x00_\x00#\x00_\x00W\x00I\x00R\x00E\x00N\x00A\x00M\x00E\x00_\x00#\x00_\x00<\x00/\x00W\x00i\x00r\x00e\x00s\x00>\x00\n\x00\t\x00\t\x00\t\x00<\x00I\x00W\x00i\x00r\x00e\x00>\x00D\x00i\x00a\x00m\x00e\x00t\x00e\x00r\x00<\x00/\x00I\x00W\x00i\x00r\x00e\x00>\x00\n\x00\t\x00\t\x00<\x00/\x00U\x00s\x00e\x00d\x00N\x00a\x00m\x00e\x00>\x00\n\x00\t\x00\t\x00<\x00U\x00s\x00e\x00d\x00N\x00a\x00m\x00e\x00>\x00\n\x00\t\x00\t\x00\t\x00<\x00S\x00y\x00m\x00b\x00o\x00l\x00s\x00>\x00_\x00#\x00_\x00S\x00Y\x00M\x00B\x00O\x00L\x00N\x00A\x00M\x00E\x00_\x00#\x00_\x00<\x00/\x00S\x00y\x00m\x00b\x00o\x00l\x00s\x00>\x00\n\x00\t\x00\t\x00\t\x00<\x00I\x00S\x00y\x00m\x00b\x00o\x00l\x00>\x00D\x00e\x00s\x00c\x00r\x00i\x00p\x00t\x00i\x00o\x00n\x00_\x00e\x00n\x00g\x00l\x00i\x00s\x00h\x00<\x00/\x00I\x00S\x00y\x00m\x00b\x00o\x00l\x00>\x00\n\x00\t\x00\t\x00<\x00/\x00U\x00s\x00e\x00d\x00N\x00a\x00m\x00e\x00>\x00\n\x00\t\x00\t\x00<\x00U\x00s\x00e\x00d\x00N\x00a\x00m\x00e\x00>\x00\n\x00\t\x00\t\x00\t\x00<\x00M\x00o\x00d\x00e\x00l\x00s\x00>\x00_\x00#\x00_\x00M\x00O\x00D\x00E\x00L\x00N\x00A\x00M\x00E\x00_\x00#\x00_\x00<\x00/\x00M\x00o\x00d\x00e\x00l\x00s\x00>\x00\n\x00\t\x00\t\x00\t\x00<\x00I\x00M\x00o\x00d\x00e\x00l\x00>\x00D\x00e\x00s\x00c\x00r\x00i\x00p\x00t\x00i\x00o\x00n\x00<\x00/\x00I\x00M\x00o\x00d\x00e\x00l\x00>\x00\n\x00\t\x00\t\x00<\x00/\x00U\x00s\x00e\x00d\x00N\x00a\x00m\x00e\x00>\x00\n\x00\t\x00\t\x00<\x00U\x00s\x00e\x00d\x00N\x00a\x00m\x00e\x00>\x00\n\x00\t\x00\t\x00\t\x00<\x00I\x00C\x00o\x00r\x00e\x00>\x00_\x00#\x00_\x00N\x00O\x00E\x00N\x00T\x00R\x00Y\x00_\x00#\x00_\x00<\x00/\x00I\x00C\x00o\x00r\x00e\x00>\x00\n\x00\t\x00\t\x00<\x00/\x00U\x00s\x00e\x00d\x00N\x00a\x00m\x00e\x00>\x00\n\x00\t\x00<\x00/\x00D\x00a\x00t\x00a\x00>\x00\n\x00<\x00/\x00R\x00o\x00o\x00t\x00>\x00\n\x00\x00\x00',1,False
Klasse Deutsch,b'<\x00R\x00o\x00o\x00t\x00>\x00\n\x00\t\x00<\x00D\x00a\x00t\x00a\x00>\x00\n\x00\t\x00\t\x00<\x00S\x00t\x00r\x00u\x00c\x00t\x00u\x00r\x00e\x00>\x00\n\x00\t\x00\t\x00\t\x00<\x00A\x00t\x00t\x00r\x00i\x00b\x00u\x00t\x00e\x00>\x00C\x00l\x00a\x00s\x00s\x00_\x00d\x00e\x00u\x00t\x00s\x00c\x00h\x00<\x00/\x00A\x00t\x00t\x00r\x00i\x00b\x00u\x00t\x00e\x00>\x00\n\x00\t\x00\t\x00\t\x00<\x00D\x00i\x00r\x00e\x00c\x00t\x00i\x00o\x00n\x00>\x000\x00<\x00/\x00D\x00i\x00r\x00e\x00c\x00t\x00i\x00o\x00n\x00>\x00\n\x00\t\x00\t\x00\t\x00<\x00I\x00n\x00f\x00o\x00>\x002\x00<\x00/\x00I\x00n\x00f\x00o\x00>\x00\n\x00\t\x00\t\x00\t\x00<\x00O\x00r\x00d\x00e\x00r\x00>\x001\x00<\x00/\x00O\x00r\x00d\x00e\x00r\x00>\x00\n\x00\t\x00\t\x00<\x00/\x00S\x00t\x00r\x00u\x00c\x00t\x00u\x00r\x00e\x00>\x00\n\x00\t\x00\t\x00<\x00U\x00s\x00e\x00d\x00N\x00a\x00m\x00e\x00>\x00\n\x00\t\x00\t\x00\t\x00<\x00C\x00o\x00m\x00p\x00o\x00n\x00e\x00n\x00t\x00s\x00>\x00_\x00#\x00_\x00C\x00O\x00M\x00P\x00O\x00N\x00E\x00N\x00T\x00N\x00A\x00M\x00E\x00_\x00#\x00_\x00<\x00/\x00C\x00o\x00m\x00p\x00o\x00n\x00e\x00n\x00t\x00s\x00>\x00\n\x00\t\x00\t\x00\t\x00<\x00I\x00C\x00o\x00m\x00p\x00o\x00n\x00e\x00n\x00t\x00>\x00D\x00e\x00s\x00c\x00r\x00i\x00p\x00t\x00i\x00o\x00n\x00_\x00d\x00e\x00u\x00t\x00s\x00c\x00h\x00<\x00/\x00I\x00C\x00o\x00m\x00p\x00o\x00n\x00e\x00n\x00t\x00>\x00\n\x00\t\x00\t\x00<\x00/\x00U\x00s\x00e\x00d\x00N\x00a\x00m\x00e\x00>\x00\n\x00\t\x00\t\x00<\x00U\x00s\x00e\x00d\x00N\x00a\x00m\x00e\x00>\x00\n\x00\t\x00\t\x00\t\x00<\x00W\x00i\x00r\x00e\x00s\x00>\x00_\x00#\x00_\x00W\x00I\x00R\x00E\x00N\x00A\x00M\x00E\x00_\x00#\x00_\x00<\x00/\x00W\x00i\x00r\x00e\x00s\x00>\x00\n\x00\t\x00\t\x00\t\x00<\x00I\x00W\x00i\x00r\x00e\x00>\x00_\x00#\x00_\x00C\x00O\x00R\x00E\x00C\x00R\x00O\x00S\x00S\x00_\x00#\x00_\x00<\x00/\x00I\x00W\x00i\x00r\x00e\x00>\x00\n\x00\t\x00\t\x00<\x00/\x00U\x00s\x00e\x00d\x00N\x00a\x00m\x00e\x00>\x00\n\x00\t\x00\t\x00<\x00U\x00s\x00e\x00d\x00N\x00a\x00m\x00e\x00>\x00\n\x00\t\x00\t\x00\t\x00<\x00S\x00y\x00m\x00b\x00o\x00l\x00s\x00>\x00_\x00#\x00_\x00S\x00Y\x00M\x00B\x00O\x00L\x00N\x00A\x00M\x00E\x00_\x00#\x00_\x00<\x00/\x00S\x00y\x00m\x00b\x00o\x00l\x00s\x00>\x00\n\x00\t\x00\t\x00\t\x00<\x00I\x00S\x00y\x00m\x00b\x00o\x00l\x00>\x00D\x00e\x00s\x00c\x00r\x00i\x00p\x00t\x00i\x00o\x00n\x00_\x00d\x00e\x00u\x00t\x00s\x00c\x00h\x00<\x00/\x00I\x00S\x00y\x00m\x00b\x00o\x00l\x00>\x00\n\x00\t\x00\t\x00<\x00/\x00U\x00s\x00e\x00d\x00N\x00a\x00m\x00e\x00>\x00\n\x00\t\x00\t\x00<\x00U\x00s\x00e\x00d\x00N\x00a\x00m\x00e\x00>\x00\n\x00\t\x00\t\x00\t\x00<\x00M\x00o\x00d\x00e\x00l\x00s\x00>\x00_\x00#\x00_\x00M\x00O\x00D\x00E\x00L\x00N\x00A\x00M\x00E\x00_\x00#\x00_\x00<\x00/\x00M\x00o\x00d\x00e\x00l\x00s\x00>\x00\n\x00\t\x00\t\x00\t\x00<\x00I\x00M\x00o\x00d\x00e\x00l\x00>\x00D\x00e\x00s\x00c\x00r\x00i\x00p\x00t\x00i\x00o\x00n\x00<\x00/\x00I\x00M\x00o\x00d\x00e\x00l\x00>\x00\n\x00\t\x00\t\x00<\x00/\x00U\x00s\x00e\x00d\x00N\x00a\x00m\x00e\x00>\x00\n\x00\t\x00\t\x00<\x00U\x00s\x00e\x00d\x00N\x00a\x00m\x00e\x00>\x00\n\x00\t\x00\t\x00\t\x00<\x00I\x00C\x00o\x00r\x00e\x00>\x00_\x00#\x00_\x00C\x00O\x00R\x00E\x00C\x00R\x00O\x00S\x00S\x00_\x00#\x00_\x00<\x00/\x00I\x00C\x00o\x00r\x00e\x00>\x00\n\x00\t\x00\t\x00<\x00/\x00U\x00s\x00e\x00d\x00N\x00a\x00m\x00e\x00>\x00\n\x00\t\x00<\x00/\x00D\x00a\x00t\x00a\x00>\x00\n\x00<\x00/\x00R\x00o\x00o\x00t\x00>\x00\n\x00\x00\x00',0,False
Klasse Deutsch,b'<\x00R\x00o\x00o\x00t\x00>\x00\n\x00\t\x00<\x00D\x00a\x00t\x00a\x00>\x00\n\x00\t\x00\t\x00<\x00S\x00t\x00r\x00u\x00c\x00t\x00u\x00r\x00e\x00>\x00\n\x00\t\x00\t\x00\t\x00<\x00A\x00t\x00t\x00r\x00i\x00b\x00u\x00t\x00e\x00>\x00C\x00l\x00a\x00s\x00s\x00_\x00d\x00e\x00u\x00t\x00s\x00c\x00h\x00<\x00/\x00A\x00t\x00t\x00r\x00i\x00b\x00u\x00t\x00e\x00>\x00\n\x00\t\x00\t\x00\t\x00<\x00D\x00i\x00r\x00e\x00c\x00t\x00i\x00o\x00n\x00>\x000\x00<\x00/\x00D\x00i\x00r\x00e\x00c\x00t\x00i\x00o\x00n\x00>\x00\n\x00\t\x00\t\x00\t\x00<\x00I\x00n\x00f\x00o\x00>\x002\x00<\x00/\x00I\x00n\x00f\x00o\x00>\x00\n\x00\t\x00\t\x00\t\x00<\x00O\x00r\x00d\x00e\x00r\x00>\x001\x00<\x00/\x00O\x00r\x00d\x00e\x00r\x00>\x00\n\x00\t\x00\t\x00<\x00/\x00S\x00t\x00r\x00u\x00c\x00t\x00u\x00r\x00e\x00>\x00\n\x00\t\x00\t\x00<\x00U\x00s\x00e\x00d\x00N\x00a\x00m\x00e\x00>\x00\n\x00\t\x00\t\x00\t\x00<\x00C\x00o\x00m\x00p\x00o\x00n\x00e\x00n\x00t\x00s\x00>\x00_\x00#\x00_\x00C\x00O\x00M\x00P\x00O\x00N\x00E\x00N\x00T\x00N\x00A\x00M\x00E\x00_\x00#\x00_\x00<\x00/\x00C\x00o\x00m\x00p\x00o\x00n\x00e\x00n\x00t\x00s\x00>\x00\n\x00\t\x00\t\x00\t\x00<\x00I\x00C\x00o\x00m\x00p\x00o\x00n\x00e\x00n\x00t\x00>\x00D\x00e\x00s\x00c\x00r\x00i\x00p\x00t\x00i\x00o\x00n\x00_\x00d\x00e\x00u\x00t\x00s\x00c\x00h\x00<\x00/\x00I\x00C\x00o\x00m\x00p\x00o\x00n\x00e\x00n\x00t\x00>\x00\n\x00\t\x00\t\x00<\x00/\x00U\x00s\x00e\x00d\x00N\x00a\x00m\x00e\x00>\x00\n\x00\t\x00\t\x00<\x00U\x00s\x00e\x00d\x00N\x00a\x00m\x00e\x00>\x00\n\x00\t\x00\t\x00\t\x00<\x00W\x00i\x00r\x00e\x00s\x00>\x00_\x00#\x00_\x00W\x00I\x00R\x00E\x00N\x00A\x00M\x00E\x00_\x00#\x00_\x00<\x00/\x00W\x00i\x00r\x00e\x00s\x00>\x00\n\x00\t\x00\t\x00\t\x00<\x00I\x00W\x00i\x00r\x00e\x00>\x00D\x00i\x00a\x00m\x00e\x00t\x00e\x00r\x00<\x00/\x00I\x00W\x00i\x00r\x00e\x00>\x00\n\x00\t\x00\t\x00<\x00/\x00U\x00s\x00e\x00d\x00N\x00a\x00m\x00e\x00>\x00\n\x00\t\x00\t\x00<\x00U\x00s\x00e\x00d\x00N\x00a\x00m\x00e\x00>\x00\n\x00\t\x00\t\x00\t\x00<\x00S\x00y\x00m\x00b\x00o\x00l\x00s\x00>\x00_\x00#\x00_\x00S\x00Y\x00M\x00B\x00O\x00L\x00N\x00A\x00M\x00E\x00_\x00#\x00_\x00<\x00/\x00S\x00y\x00m\x00b\x00o\x00l\x00s\x00>\x00\n\x00\t\x00\t\x00\t\x00<\x00I\x00S\x00y\x00m\x00b\x00o\x00l\x00>\x00D\x00e\x00s\x00c\x00r\x00i\x00p\x00t\x00i\x00o\x00n\x00_\x00d\x00e\x00u\x00t\x00s\x00c\x00h\x00<\x00/\x00I\x00S\x00y\x00m\x00b\x00o\x00l\x00>\x00\n\x00\t\x00\t\x00<\x00/\x00U\x00s\x00e\x00d\x00N\x00a\x00m\x00e\x00>\x00\n\x00\t\x00\t\x00<\x00U\x00s\x00e\x00d\x00N\x00a\x00m\x00e\x00>\x00\n\x00\t\x00\t\x00\t\x00<\x00M\x00o\x00d\x00e\x00l\x00s\x00>\x00_\x00#\x00_\x00M\x00O\x00D\x00E\x00L\x00N\x00A\x00M\x00E\x00_\x00#\x00_\x00<\x00/\x00M\x00o\x00d\x00e\x00l\x00s\x00>\x00\n\x00\t\x00\t\x00\t\x00<\x00I\x00M\x00o\x00d\x00e\x00l\x00>\x00D\x00e\x00s\x00c\x00r\x00i\x00p\x00t\x00i\x00o\x00n\x00<\x00/\x00I\x00M\x00o\x00d\x00e\x00l\x00>\x00\n\x00\t\x00\t\x00<\x00/\x00U\x00s\x00e\x00d\x00N\x00a\x00m\x00e\x00>\x00\n\x00\t\x00\t\x00<\x00U\x00s\x00e\x00d\x00N\x00a\x00m\x00e\x00>\x00\n\x00\t\x00\t\x00\t\x00<\x00I\x00C\x00o\x00r\x00e\x00>\x00_\x00#\x00_\x00N\x00O\x00E\x00N\x00T\x00R\x00Y\x00_\x00#\x00_\x00<\x00/\x00I\x00C\x00o\x00r\x00e\x00>\x00\n\x00\t\x00\t\x00<\x00/\x00U\x00s\x00e\x00d\x00N\x00a\x00m\x00e\x00>\x00\n\x00\t\x00<\x00/\x00D\x00a\x00t\x00a\x00>\x00\n\x00<\x00/\x00R\x00o\x00o\x00t\x00>\x00\n\x00\x00\x00',1,False
Klasse nederlands,b'<\x00R\x00o\x00o\x00t\x00>\x00\n\x00\t\x00<\x00D\x00a\x00t\x00a\x00>\x00\n\x00\t\x00\t\x00<\x00S\x00t\x00r\x00u\x00c\x00t\x00u\x00r\x00e\x00>\x00\n\x00\t\x00\t\x00\t\x00<\x00A\x00t\x00t\x00r\x00i\x00b\x00u\x00t\x00e\x00>\x00C\x00l\x00a\x00s\x00s\x00_\x00n\x00e\x00d\x00e\x00r\x00l\x00a\x00n\x00d\x00s\x00<\x00/\x00A\x00t\x00t\x00r\x00i\x00b\x00u\x00t\x00e\x00>\x00\n\x00\t\x00\t\x00\t\x00<\x00D\x00i\x00r\x00e\x00c\x00t\x00i\x00o\x00n\x00>\x000\x00<\x00/\x00D\x00i\x00r\x00e\x00c\x00t\x00i\x00o\x00n\x00>\x00\n\x00\t\x00\t\x00\t\x00<\x00I\x00n\x00f\x00o\x00>\x002\x00<\x00/\x00I\x00n\x00f\x00o\x00>\x00\n\x00\t\x00\t\x00\t\x00<\x00O\x00r\x00d\x00e\x00r\x00>\x001\x00<\x00/\x00O\x00r\x00d\x00e\x00r\x00>\x00\n\x00\t\x00\t\x00<\x00/\x00S\x00t\x00r\x00u\x00c\x00t\x00u\x00r\x00e\x00>\x00\n\x00\t\x00\t\x00<\x00U\x00s\x00e\x00d\x00N\x00a\x00m\x00e\x00>\x00\n\x00\t\x00\t\x00\t\x00<\x00C\x00o\x00m\x00p\x00o\x00n\x00e\x00n\x00t\x00s\x00>\x00_\x00#\x00_\x00C\x00O\x00M\x00P\x00O\x00N\x00E\x00N\x00T\x00N\x00A\x00M\x00E\x00_\x00#\x00_\x00<\x00/\x00C\x00o\x00m\x00p\x00o\x00n\x00e\x00n\x00t\x00s\x00>\x00\n\x00\t\x00\t\x00\t\x00<\x00I\x00C\x00o\x00m\x00p\x00o\x00n\x00e\x00n\x00t\x00>\x00D\x00e\x00s\x00c\x00r\x00i\x00p\x00t\x00i\x00o\x00n\x00_\x00n\x00e\x00d\x00e\x00r\x00l\x00a\x00n\x00d\x00s\x00<\x00/\x00I\x00C\x00o\x00m\x00p\x00o\x00n\x00e\x00n\x00t\x00>\x00\n\x00\t\x00\t\x00<\x00/\x00U\x00s\x00e\x00d\x00N\x00a\x00m\x00e\x00>\x00\n\x00\t\x00\t\x00<\x00U\x00s\x00e\x00d\x00N\x00a\x00m\x00e\x00>\x00\n\x00\t\x00\t\x00\t\x00<\x00W\x00i\x00r\x00e\x00s\x00>\x00_\x00#\x00_\x00W\x00I\x00R\x00E\x00N\x00A\x00M\x00E\x00_\x00#\x00_\x00<\x00/\x00W\x00i\x00r\x00e\x00s\x00>\x00\n\x00\t\x00\t\x00\t\x00<\x00I\x00W\x00i\x00r\x00e\x00>\x00_\x00#\x00_\x00C\x00O\x00R\x00E\x00C\x00R\x00O\x00S\x00S\x00_\x00#\x00_\x00<\x00/\x00I\x00W\x00i\x00r\x00e\x00>\x00\n\x00\t\x00\t\x00<\x00/\x00U\x00s\x00e\x00d\x00N\x00a\x00m\x00e\x00>\x00\n\x00\t\x00\t\x00<\x00U\x00s\x00e\x00d\x00N\x00a\x00m\x00e\x00>\x00\n\x00\t\x00\t\x00\t\x00<\x00S\x00y\x00m\x00b\x00o\x00l\x00s\x00>\x00_\x00#\x00_\x00S\x00Y\x00M\x00B\x00O\x00L\x00N\x00A\x00M\x00E\x00_\x00#\x00_\x00<\x00/\x00S\x00y\x00m\x00b\x00o\x00l\x00s\x00>\x00\n\x00\t\x00\t\x00\t\x00<\x00I\x00S\x00y\x00m\x00b\x00o\x00l\x00>\x00D\x00e\x00s\x00c\x00r\x00i\x00p\x00t\x00i\x00o\x00n\x00_\x00n\x00e\x00d\x00e\x00r\x00l\x00a\x00n\x00d\x00s\x00<\x00/\x00I\x00S\x00y\x00m\x00b\x00o\x00l\x00>\x00\n\x00\t\x00\t\x00<\x00/\x00U\x00s\x00e\x00d\x00N\x00a\x00m\x00e\x00>\x00\n\x00\t\x00\t\x00<\x00U\x00s\x00e\x00d\x00N\x00a\x00m\x00e\x00>\x00\n\x00\t\x00\t\x00\t\x00<\x00M\x00o\x00d\x00e\x00l\x00s\x00>\x00_\x00#\x00_\x00M\x00O\x00D\x00E\x00L\x00N\x00A\x00M\x00E\x00_\x00#\x00_\x00<\x00/\x00M\x00o\x00d\x00e\x00l\x00s\x00>\x00\n\x00\t\x00\t\x00\t\x00<\x00I\x00M\x00o\x00d\x00e\x00l\x00>\x00D\x00e\x00s\x00c\x00r\x00i\x00p\x00t\x00i\x00o\x00n\x00<\x00/\x00I\x00M\x00o\x00d\x00e\x00l\x00>\x00\n\x00\t\x00\t\x00<\x00/\x00U\x00s\x00e\x00d\x00N\x00a\x00m\x00e\x00>\x00\n\x00\t\x00\t\x00<\x00U\x00s\x00e\x00d\x00N\x00a\x00m\x00e\x00>\x00\n\x00\t\x00\t\x00\t\x00<\x00I\x00C\x00o\x00r\x00e\x00>\x00_\x00#\x00_\x00C\x00O\x00R\x00E\x00C\x00R\x00O\x00S\x00S\x00_\x00#\x00_\x00<\x00/\x00I\x00C\x00o\x00r\x00e\x00>\x00\n\x00\t\x00\t\x00<\x00/\x00U\x00s\x00e\x00d\x00N\x00a\x00m\x00e\x00>\x00\n\x00\t\x00<\x00/\x00D\x00a\x00t\x00a\x00>\x00\n\x00<\x00/\x00R\x00o\x00o\x00t\x00>\x00\n\x00\x00\x00',0,False
Klasse nederlands,b'<\x00R\x00o\x00o\x00t\x00>\x00\n\x00\t\x00<\x00D\x00a\x00t\x00a\x00>\x00\n\x00\t\x00\t\x00<\x00S\x00t\x00r\x00u\x00c\x00t\x00u\x00r\x00e\x00>\x00\n\x00\t\x00\t\x00\t\x00<\x00A\x00t\x00t\x00r\x00i\x00b\x00u\x00t\x00e\x00>\x00C\x00l\x00a\x00s\x00s\x00_\x00n\x00e\x00d\x00e\x00r\x00l\x00a\x00n\x00d\x00s\x00<\x00/\x00A\x00t\x00t\x00r\x00i\x00b\x00u\x00t\x00e\x00>\x00\n\x00\t\x00\t\x00\t\x00<\x00D\x00i\x00r\x00e\x00c\x00t\x00i\x00o\x00n\x00>\x000\x00<\x00/\x00D\x00i\x00r\x00e\x00c\x00t\x00i\x00o\x00n\x00>\x00\n\x00\t\x00\t\x00\t\x00<\x00I\x00n\x00f\x00o\x00>\x002\x00<\x00/\x00I\x00n\x00f\x00o\x00>\x00\n\x00\t\x00\t\x00\t\x00<\x00O\x00r\x00d\x00e\x00r\x00>\x001\x00<\x00/\x00O\x00r\x00d\x00e\x00r\x00>\x00\n\x00\t\x00\t\x00<\x00/\x00S\x00t\x00r\x00u\x00c\x00t\x00u\x00r\x00e\x00>\x00\n\x00\t\x00\t\x00<\x00U\x00s\x00e\x00d\x00N\x00a\x00m\x00e\x00>\x00\n\x00\t\x00\t\x00\t\x00<\x00C\x00o\x00m\x00p\x00o\x00n\x00e\x00n\x00t\x00s\x00>\x00_\x00#\x00_\x00C\x00O\x00M\x00P\x00O\x00N\x00E\x00N\x00T\x00N\x00A\x00M\x00E\x00_\x00#\x00_\x00<\x00/\x00C\x00o\x00m\x00p\x00o\x00n\x00e\x00n\x00t\x00s\x00>\x00\n\x00\t\x00\t\x00\t\x00<\x00I\x00C\x00o\x00m\x00p\x00o\x00n\x00e\x00n\x00t\x00>\x00D\x00e\x00s\x00c\x00r\x00i\x00p\x00t\x00i\x00o\x00n\x00_\x00n\x00e\x00d\x00e\x00r\x00l\x00a\x00n\x00d\x00s\x00<\x00/\x00I\x00C\x00o\x00m\x00p\x00o\x00n\x00e\x00n\x00t\x00>\x00\n\x00\t\x00\t\x00<\x00/\x00U\x00s\x00e\x00d\x00N\x00a\x00m\x00e\x00>\x00\n\x00\t\x00\t\x00<\x00U\x00s\x00e\x00d\x00N\x00a\x00m\x00e\x00>\x00\n\x00\t\x00\t\x00\t\x00<\x00W\x00i\x00r\x00e\x00s\x00>\x00_\x00#\x00_\x00W\x00I\x00R\x00E\x00N\x00A\x00M\x00E\x00_\x00#\x00_\x00<\x00/\x00W\x00i\x00r\x00e\x00s\x00>\x00\n\x00\t\x00\t\x00\t\x00<\x00I\x00W\x00i\x00r\x00e\x00>\x00D\x00i\x00a\x00m\x00e\x00t\x00e\x00r\x00<\x00/\x00I\x00W\x00i\x00r\x00e\x00>\x00\n\x00\t\x00\t\x00<\x00/\x00U\x00s\x00e\x00d\x00N\x00a\x00m\x00e\x00>\x00\n\x00\t\x00\t\x00<\x00U\x00s\x00e\x00d\x00N\x00a\x00m\x00e\x00>\x00\n\x00\t\x00\t\x00\t\x00<\x00S\x00y\x00m\x00b\x00o\x00l\x00s\x00>\x00_\x00#\x00_\x00S\x00Y\x00M\x00B\x00O\x00L\x00N\x00A\x00M\x00E\x00_\x00#\x00_\x00<\x00/\x00S\x00y\x00m\x00b\x00o\x00l\x00s\x00>\x00\n\x00\t\x00\t\x00\t\x00<\x00I\x00S\x00y\x00m\x00b\x00o\x00l\x00>\x00D\x00e\x00s\x00c\x00r\x00i\x00p\x00t\x00i\x00o\x00n\x00_\x00n\x00e\x00d\x00e\x00r\x00l\x00a\x00n\x00d\x00s\x00<\x00/\x00I\x00S\x00y\x00m\x00b\x00o\x00l\x00>\x00\n\x00\t\x00\t\x00<\x00/\x00U\x00s\x00e\x00d\x00N\x00a\x00m\x00e\x00>\x00\n\x00\t\x00\t\x00<\x00U\x00s\x00e\x00d\x00N\x00a\x00m\x00e\x00>\x00\n\x00\t\x00\t\x00\t\x00<\x00M\x00o\x00d\x00e\x00l\x00s\x00>\x00_\x00#\x00_\x00M\x00O\x00D\x00E\x00L\x00N\x00A\x00M\x00E\x00_\x00#\x00_\x00<\x00/\x00M\x00o\x00d\x00e\x00l\x00s\x00>\x00\n\x00\t\x00\t\x00\t\x00<\x00I\x00M\x00o\x00d\x00e\x00l\x00>\x00D\x00e\x00s\x00c\x00r\x00i\x00p\x00t\x00i\x00o\x00n\x00<\x00/\x00I\x00M\x00o\x00d\x00e\x00l\x00>\x00\n\x00\t\x00\t\x00<\x00/\x00U\x00s\x00e\x00d\x00N\x00a\x00m\x00e\x00>\x00\n\x00\t\x00<\x00/\x00D\x00a\x00t\x00a\x00>\x00\n\x00<\x00/\x00R\x00o\x00o\x00t\x00>\x00\n\x00\x00\x00',1,False
Schematictype+Class chinese,b'<\x00R\x00o\x00o\x00t\x00>\x00\n\x00\t\x00<\x00D\x00a\x00t\x00a\x00>\x00\n\x00\t\x00\t\x00<\x00S\x00t\x00r\x00u\x00c\x00t\x00u\x00r\x00e\x00>\x00\n\x00\t\x00\t\x00\t\x00<\x00A\x00t\x00t\x00r\x00i\x00b\x00u\x00t\x00e\x00>\x00.\x00S\x00C\x00H\x00E\x00M\x00A\x00T\x00I\x00C\x00_\x00T\x00Y\x00P\x00E\x00<\x00/\x00A\x00t\x00t\x00r\x00i\x00b\x00u\x00t\x00e\x00>\x00\n\x00\t\x00\t\x00\t\x00<\x00D\x00i\x00r\x00e\x00c\x00t\x00i\x00o\x00n\x00>\x000\x00<\x00/\x00D\x00i\x00r\x00e\x00c\x00t\x00i\x00o\x00n\x00>\x00\n\x00\t\x00\t\x00\t\x00<\x00I\x00n\x00f\x00o\x00>\x002\x00<\x00/\x00I\x00n\x00f\x00o\x00>\x00\n\x00\t\x00\t\x00\t\x00<\x00O\x00r\x00d\x00e\x00r\x00>\x001\x00<\x00/\x00O\x00r\x00d\x00e\x00r\x00>\x00\n\x00\t\x00\t\x00<\x00/\x00S\x00t\x00r\x00u\x00c\x00t\x00u\x00r\x00e\x00>\x00\n\x00\t\x00\t\x00<\x00S\x00t\x00r\x00u\x00c\x00t\x00u\x00r\x00e\x00>\x00\n\x00\t\x00\t\x00\t\x00<\x00A\x00t\x00t\x00r\x00i\x00b\x00u\x00t\x00e\x00>\x00C\x00l\x00a\x00s\x00s\x00_\x00c\x00h\x00i\x00n\x00e\x00s\x00e\x00<\x00/\x00A\x00t\x00t\x00r\x00i\x00b\x00u\x00t\x00e\x00>\x00\n\x00\t\x00\t\x00\t\x00<\x00D\x00i\x00r\x00e\x00c\x00t\x00i\x00o\x00n\x00>\x000\x00<\x00/\x00D\x00i\x00r\x00e\x00c\x00t\x00i\x00o\x00n\x00>\x00\n\x00\t\x00\t\x00\t\x00<\x00I\x00n\x00f\x00o\x00>\x002\x00<\x00/\x00I\x00n\x00f\x00o\x00>\x00\n\x00\t\x00\t\x00\t\x00<\x00O\x00r\x00d\x00e\x00r\x00>\x002\x00<\x00/\x00O\x00r\x00d\x00e\x00r\x00>\x00\n\x00\t\x00\t\x00<\x00/\x00S\x00t\x00r\x00u\x00c\x00t\x00u\x00r\x00e\x00>\x00\n\x00\t\x00\t\x00<\x00U\x00s\x00e\x00d\x00N\x00a\x00m\x00e\x00>\x00\n\x00\t\x00\t\x00\t\x00<\x00C\x00o\x00m\x00p\x00o\x00n\x00e\x00n\x00t\x00s\x00>\x00_\x00#\x00_\x00C\x00O\x00M\x00P\x00O\x00N\x00E\x00N\x00T\x00N\x00A\x00M\x00E\x00_\x00#\x00_\x00<\x00/\x00C\x00o\x00m\x00p\x00o\x00n\x00e\x00n\x00t\x00s\x00>\x00\n\x00\t\x00\t\x00\t\x00<\x00I\x00C\x00o\x00m\x00p\x00o\x00n\x00e\x00n\x00t\x00>\x00D\x00e\x00s\x00c\x00r\x00i\x00p\x00t\x00i\x00o\x00n\x00_\x00e\x00n\x00g\x00l\x00i\x00s\x00h\x00<\x00/\x00I\x00C\x00o\x00m\x00p\x00o\x00n\x00e\x00n\x00t\x00>\x00\n\x00\t\x00\t\x00<\x00/\x00U\x00s\x00e\x00d\x00N\x00a\x00m\x00e\x00>\x00\n\x00\t\x00\t\x00<\x00U\x00s\x00e\x00d\x00N\x00a\x00m\x00e\x00>\x00\n\x00\t\x00\t\x00\t\x00<\x00W\x00i\x00r\x00e\x00s\x00>\x00_\x00#\x00_\x00W\x00I\x00R\x00E\x00N\x00A\x00M\x00E\x00_\x00#\x00_\x00<\x00/\x00W\x00i\x00r\x00e\x00s\x00>\x00\n\x00\t\x00\t\x00\t\x00<\x00I\x00W\x00i\x00r\x00e\x00>\x00D\x00i\x00a\x00m\x00e\x00t\x00e\x00r\x00<\x00/\x00I\x00W\x00i\x00r\x00e\x00>\x00\n\x00\t\x00\t\x00<\x00/\x00U\x00s\x00e\x00d\x00N\x00a\x00m\x00e\x00>\x00\n\x00\t\x00\t\x00<\x00U\x00s\x00e\x00d\x00N\x00a\x00m\x00e\x00>\x00\n\x00\t\x00\t\x00\t\x00<\x00S\x00y\x00m\x00b\x00o\x00l\x00s\x00>\x00_\x00#\x00_\x00S\x00Y\x00M\x00B\x00O\x00L\x00N\x00A\x00M\x00E\x00_\x00#\x00_\x00<\x00/\x00S\x00y\x00m\x00b\x00o\x00l\x00s\x00>\x00\n\x00\t\x00\t\x00\t\x00<\x00I\x00S\x00y\x00m\x00b\x00o\x00l\x00>\x00D\x00e\x00s\x00c\x00r\x00i\x00p\x00t\x00i\x00o\x00n\x00_\x00e\x00n\x00g\x00l\x00i\x00s\x00h\x00<\x00/\x00I\x00S\x00y\x00m\x00b\x00o\x00l\x00>\x00\n\x00\t\x00\t\x00<\x00/\x00U\x00s\x00e\x00d\x00N\x00a\x00m\x00e\x00>\x00\n\x00\t\x00\t\x00<\x00U\x00s\x00e\x00d\x00N\x00a\x00m\x00e\x00>\x00\n\x00\t\x00\t\x00\t\x00<\x00M\x00o\x00d\x00e\x00l\x00s\x00>\x00_\x00#\x00_\x00M\x00O\x00D\x00E\x00L\x00N\x00A\x00M\x00E\x00_\x00#\x00_\x00<\x00/\x00M\x00o\x00d\x00e\x00l\x00s\x00>\x00\n\x00\t\x00\t\x00\t\x00<\x00I\x00M\x00o\x00d\x00e\x00l\x00>\x00D\x00e\x00s\x00c\x00r\x00i\x00p\x00t\x00i\x00o\x00n\x00<\x00/\x00I\x00M\x00o\x00d\x00e\x00l\x00>\x00\n\x00\t\x00\t\x00<\x00/\x00U\x00s\x00e\x00d\x00N\x00a\x00m\x00e\x00>\x00\n\x00\t\x00\t\x00<\x00U\x00s\x00e\x00d\x00N\x00a\x00m\x00e\x00>\x00\n\x00\t\x00\t\x00\t\x00<\x00I\x00C\x00o\x00r\x00e\x00>\x00_\x00#\x00_\x00N\x00O\x00E\x00N\x00T\x00R\x00Y\x00_\x00#\x00_\x00<\x00/\x00I\x00C\x00o\x00r\x00e\x00>\x00\n\x00\t\x00\t\x00<\x00/\x00U\x00s\x00e\x00d\x00N\x00a\x00m\x00e\x00>\x00\n\x00\t\x00<\x00/\x00D\x00a\x00t\x00a\x00>\x00\n\x00<\x00/\x00R\x00o\x00o\x00t\x00>\x00\n\x00\x00\x00',1,False
Schematictype+Class english,b'<\x00R\x00o\x00o\x00t\x00>\x00\n\x00\t\x00<\x00D\x00a\x00t\x00a\x00>\x00\n\x00\t\x00\t\x00<\x00S\x00t\x00r\x00u\x00c\x00t\x00u\x00r\x00e\x00>\x00\n\x00\t\x00\t\x00\t\x00<\x00A\x00t\x00t\x00r\x00i\x00b\x00u\x00t\x00e\x00>\x00.\x00S\x00C\x00H\x00E\x00M\x00A\x00T\x00I\x00C\x00_\x00T\x00Y\x00P\x00E\x00<\x00/\x00A\x00t\x00t\x00r\x00i\x00b\x00u\x00t\x00e\x00>\x00\n\x00\t\x00\t\x00\t\x00<\x00D\x00i\x00r\x00e\x00c\x00t\x00i\x00o\x00n\x00>\x000\x00<\x00/\x00D\x00i\x00r\x00e\x00c\x00t\x00i\x00o\x00n\x00>\x00\n\x00\t\x00\t\x00\t\x00<\x00I\x00n\x00f\x00o\x00>\x002\x00<\x00/\x00I\x00n\x00f\x00o\x00>\x00\n\x00\t\x00\t\x00\t\x00<\x00O\x00r\x00d\x00e\x00r\x00>\x001\x00<\x00/\x00O\x00r\x00d\x00e\x00r\x00>\x00\n\x00\t\x00\t\x00<\x00/\x00S\x00t\x00r\x00u\x00c\x00t\x00u\x00r\x00e\x00>\x00\n\x00\t\x00\t\x00<\x00S\x00t\x00r\x00u\x00c\x00t\x00u\x00r\x00e\x00>\x00\n\x00\t\x00\t\x00\t\x00<\x00A\x00t\x00t\x00r\x00i\x00b\x00u\x00t\x00e\x00>\x00C\x00l\x00a\x00s\x00s\x00_\x00e\x00n\x00g\x00l\x00i\x00s\x00h\x00<\x00/\x00A\x00t\x00t\x00r\x00i\x00b\x00u\x00t\x00e\x00>\x00\n\x00\t\x00\t\x00\t\x00<\x00D\x00i\x00r\x00e\x00c\x00t\x00i\x00o\x00n\x00>\x000\x00<\x00/\x00D\x00i\x00r\x00e\x00c\x00t\x00i\x00o\x00n\x00>\x00\n\x00\t\x00\t\x00\t\x00<\x00I\x00n\x00f\x00o\x00>\x002\x00<\x00/\x00I\x00n\x00f\x00o\x00>\x00\n\x00\t\x00\t\x00\t\x00<\x00O\x00r\x00d\x00e\x00r\x00>\x002\x00<\x00/\x00O\x00r\x00d\x00e\x00r\x00>\x00\n\x00\t\x00\t\x00<\x00/\x00S\x00t\x00r\x00u\x00c\x00t\x00u\x00r\x00e\x00>\x00\n\x00\t\x00\t\x00<\x00U\x00s\x00e\x00d\x00N\x00a\x00m\x00e\x00>\x00\n\x00\t\x00\t\x00\t\x00<\x00C\x00o\x00m\x00p\x00o\x00n\x00e\x00n\x00t\x00s\x00>\x00_\x00#\x00_\x00C\x00O\x00M\x00P\x00O\x00N\x00E\x00N\x00T\x00N\x00A\x00M\x00E\x00_\x00#\x00_\x00<\x00/\x00C\x00o\x00m\x00p\x00o\x00n\x00e\x00n\x00t\x00s\x00>\x00\n\x00\t\x00\t\x00\t\x00<\x00I\x00C\x00o\x00m\x00p\x00o\x00n\x00e\x00n\x00t\x00>\x00D\x00e\x00s\x00c\x00r\x00i\x00p\x00t\x00i\x00o\x00n\x00_\x00e\x00n\x00g\x00l\x00i\x00s\x00h\x00<\x00/\x00I\x00C\x00o\x00m\x00p\x00o\x00n\x00e\x00n\x00t\x00>\x00\n\x00\t\x00\t\x00<\x00/\x00U\x00s\x00e\x00d\x00N\x00a\x00m\x00e\x00>\x00\n\x00\t\x00\t\x00<\x00U\x00s\x00e\x00d\x00N\x00a\x00m\x00e\x00>\x00\n\x00\t\x00\t\x00\t\x00<\x00W\x00i\x00r\x00e\x00s\x00>\x00_\x00#\x00_\x00W\x00I\x00R\x00E\x00N\x00A\x00M\x00E\x00_\x00#\x00_\x00<\x00/\x00W\x00i\x00r\x00e\x00s\x00>\x00\n\x00\t\x00\t\x00\t\x00<\x00I\x00W\x00i\x00r\x00e\x00>\x00D\x00i\x00a\x00m\x00e\x00t\x00e\x00r\x00<\x00/\x00I\x00W\x00i\x00r\x00e\x00>\x00\n\x00\t\x00\t\x00<\x00/\x00U\x00s\x00e\x00d\x00N\x00a\x00m\x00e\x00>\x00\n\x00\t\x00\t\x00<\x00U\x00s\x00e\x00d\x00N\x00a\x00m\x00e\x00>\x00\n\x00\t\x00\t\x00\t\x00<\x00S\x00y\x00m\x00b\x00o\x00l\x00s\x00>\x00_\x00#\x00_\x00S\x00Y\x00M\x00B\x00O\x00L\x00N\x00A\x00M\x00E\x00_\x00#\x00_\x00<\x00/\x00S\x00y\x00m\x00b\x00o\x00l\x00s\x00>\x00\n\x00\t\x00\t\x00\t\x00<\x00I\x00S\x00y\x00m\x00b\x00o\x00l\x00>\x00D\x00e\x00s\x00c\x00r\x00i\x00p\x00t\x00i\x00o\x00n\x00_\x00e\x00n\x00g\x00l\x00i\x00s\x00h\x00<\x00/\x00I\x00S\x00y\x00m\x00b\x00o\x00l\x00>\x00\n\x00\t\x00\t\x00<\x00/\x00U\x00s\x00e\x00d\x00N\x00a\x00m\x00e\x00>\x00\n\x00\t\x00\t\x00<\x00U\x00s\x00e\x00d\x00N\x00a\x00m\x00e\x00>\x00\n\x00\t\x00\t\x00\t\x00<\x00M\x00o\x00d\x00e\x00l\x00s\x00>\x00_\x00#\x00_\x00M\x00O\x00D\x00E\x00L\x00N\x00A\x00M\x00E\x00_\x00#\x00_\x00<\x00/\x00M\x00o\x00d\x00e\x00l\x00s\x00>\x00\n\x00\t\x00\t\x00\t\x00<\x00I\x00M\x00o\x00d\x00e\x00l\x00>\x00D\x00e\x00s\x00c\x00r\x00i\x00p\x00t\x00i\x00o\x00n\x00<\x00/\x00I\x00M\x00o\x00d\x00e\x00l\x00>\x00\n\x00\t\x00\t\x00<\x00/\x00U\x00s\x00e\x00d\x00N\x00a\x00m\x00e\x00>\x00\n\x00\t\x00\t\x00<\x00U\x00s\x00e\x00d\x00N\x00a\x00m\x00e\x00>\x00\n\x00\t\x00\t\x00\t\x00<\x00I\x00C\x00o\x00r\x00e\x00>\x00_\x00#\x00_\x00N\x00O\x00E\x00N\x00T\x00R\x00Y\x00_\x00#\x00_\x00<\x00/\x00I\x00C\x00o\x00r\x00e\x00>\x00\n\x00\t\x00\t\x00<\x00/\x00U\x00s\x00e\x00d\x00N\x00a\x00m\x00e\x00>\x00\n\x00\t\x00<\x00/\x00D\x00a\x00t\x00a\x00>\x00\n\x00<\x00/\x00R\x00o\x00o\x00t\x00>\x00\n\x00\x00\x00',1,False
Schematictype+Class english Symboln.Standard,b'<\x00R\x00o\x00o\x00t\x00>\x00\n\x00\t\x00<\x00D\x00a\x00t\x00a\x00>\x00\n\x00\t\x00\t\x00<\x00S\x00t\x00r\x00u\x00c\x00t\x00u\x00r\x00e\x00>\x00\n\x00\t\x00\t\x00\t\x00<\x00A\x00t\x00t\x00r\x00i\x00b\x00u\x00t\x00e\x00>\x00.\x00S\x00C\x00H\x00E\x00M\x00A\x00T\x00I\x00C\x00_\x00T\x00Y\x00P\x00E\x00<\x00/\x00A\x00t\x00t\x00r\x00i\x00b\x00u\x00t\x00e\x00>\x00\n\x00\t\x00\t\x00\t\x00<\x00D\x00i\x00r\x00e\x00c\x00t\x00i\x00o\x00n\x00>\x000\x00<\x00/\x00D\x00i\x00r\x00e\x00c\x00t\x00i\x00o\x00n\x00>\x00\n\x00\t\x00\t\x00\t\x00<\x00I\x00n\x00f\x00o\x00>\x002\x00<\x00/\x00I\x00n\x00f\x00o\x00>\x00\n\x00\t\x00\t\x00\t\x00<\x00O\x00r\x00d\x00e\x00r\x00>\x001\x00<\x00/\x00O\x00r\x00d\x00e\x00r\x00>\x00\n\x00\t\x00\t\x00<\x00/\x00S\x00t\x00r\x00u\x00c\x00t\x00u\x00r\x00e\x00>\x00\n\x00\t\x00\t\x00<\x00S\x00t\x00r\x00u\x00c\x00t\x00u\x00r\x00e\x00>\x00\n\x00\t\x00\t\x00\t\x00<\x00A\x00t\x00t\x00r\x00i\x00b\x00u\x00t\x00e\x00>\x00C\x00l\x00a\x00s\x00s\x00_\x00e\x00n\x00g\x00l\x00i\x00s\x00h\x00<\x00/\x00A\x00t\x00t\x00r\x00i\x00b\x00u\x00t\x00e\x00>\x00\n\x00\t\x00\t\x00\t\x00<\x00D\x00i\x00r\x00e\x00c\x00t\x00i\x00o\x00n\x00>\x000\x00<\x00/\x00D\x00i\x00r\x00e\x00c\x00t\x00i\x00o\x00n\x00>\x00\n\x00\t\x00\t\x00\t\x00<\x00I\x00n\x00f\x00o\x00>\x002\x00<\x00/\x00I\x00n\x00f\x00o\x00>\x00\n\x00\t\x00\t\x00\t\x00<\x00O\x00r\x00d\x00e\x00r\x00>\x002\x00<\x00/\x00O\x00r\x00d\x00e\x00r\x00>\x00\n\x00\t\x00\t\x00<\x00/\x00S\x00t\x00r\x00u\x00c\x00t\x00u\x00r\x00e\x00>\x00\n\x00\t\x00\t\x00<\x00U\x00s\x00e\x00d\x00N\x00a\x00m\x00e\x00>\x00\n\x00\t\x00\t\x00\t\x00<\x00C\x00o\x00m\x00p\x00o\x00n\x00e\x00n\x00t\x00s\x00>\x00_\x00#\x00_\x00C\x00O\x00M\x00P\x00O\x00N\x00E\x00N\x00T\x00N\x00A\x00M\x00E\x00_\x00#\x00_\x00<\x00/\x00C\x00o\x00m\x00p\x00o\x00n\x00e\x00n\x00t\x00s\x00>\x00\n\x00\t\x00\t\x00\t\x00<\x00I\x00C\x00o\x00m\x00p\x00o\x00n\x00e\x00n\x00t\x00>\x00D\x00e\x00s\x00c\x00r\x00i\x00p\x00t\x00i\x00o\x00n\x00_\x00e\x00n\x00g\x00l\x00i\x00s\x00h\x00<\x00/\x00I\x00C\x00o\x00m\x00p\x00o\x00n\x00e\x00n\x00t\x00>\x00\n\x00\t\x00\t\x00<\x00/\x00U\x00s\x00e\x00d\x00N\x00a\x00m\x00e\x00>\x00\n\x00\t\x00\t\x00<\x00U\x00s\x00e\x00d\x00N\x00a\x00m\x00e\x00>\x00\n\x00\t\x00\t\x00\t\x00<\x00W\x00i\x00r\x00e\x00s\x00>\x00_\x00#\x00_\x00W\x00I\x00R\x00E\x00N\x00A\x00M\x00E\x00_\x00#\x00_\x00<\x00/\x00W\x00i\x00r\x00e\x00s\x00>\x00\n\x00\t\x00\t\x00\t\x00<\x00I\x00W\x00i\x00r\x00e\x00>\x00D\x00i\x00a\x00m\x00e\x00t\x00e\x00r\x00<\x00/\x00I\x00W\x00i\x00r\x00e\x00>\x00\n\x00\t\x00\t\x00<\x00/\x00U\x00s\x00e\x00d\x00N\x00a\x00m\x00e\x00>\x00\n\x00\t\x00\t\x00<\x00U\x00s\x00e\x00d\x00N\x00a\x00m\x00e\x00>\x00\n\x00\t\x00\t\x00\t\x00<\x00S\x00y\x00m\x00b\x00o\x00l\x00s\x00>\x00S\x00t\x00a\x00n\x00d\x00a\x00r\x00d\x00<\x00/\x00S\x00y\x00m\x00b\x00o\x00l\x00s\x00>\x00\n\x00\t\x00\t\x00\t\x00<\x00I\x00S\x00y\x00m\x00b\x00o\x00l\x00>\x00D\x00e\x00s\x00c\x00r\x00i\x00p\x00t\x00i\x00o\x00n\x00_\x00e\x00n\x00g\x00l\x00i\x00s\x00h\x00<\x00/\x00I\x00S\x00y\x00m\x00b\x00o\x00l\x00>\x00\n\x00\t\x00\t\x00<\x00/\x00U\x00s\x00e\x00d\x00N\x00a\x00m\x00e\x00>\x00\n\x00\t\x00\t\x00<\x00U\x00s\x00e\x00d\x00N\x00a\x00m\x00e\x00>\x00\n\x00\t\x00\t\x00\t\x00<\x00M\x00o\x00d\x00e\x00l\x00s\x00>\x00_\x00#\x00_\x00M\x00O\x00D\x00E\x00L\x00N\x00A\x00M\x00E\x00_\x00#\x00_\x00<\x00/\x00M\x00o\x00d\x00e\x00l\x00s\x00>\x00\n\x00\t\x00\t\x00\t\x00<\x00I\x00M\x00o\x00d\x00e\x00l\x00>\x00D\x00e\x00s\x00c\x00r\x00i\x00p\x00t\x00i\x00o\x00n\x00<\x00/\x00I\x00M\x00o\x00d\x00e\x00l\x00>\x00\n\x00\t\x00\t\x00<\x00/\x00U\x00s\x00e\x00d\x00N\x00a\x00m\x00e\x00>\x00\n\x00\t\x00\t\x00<\x00U\x00s\x00e\x00d\x00N\x00a\x00m\x00e\x00>\x00\n\x00\t\x00\t\x00\t\x00<\x00I\x00C\x00o\x00r\x00e\x00>\x00_\x00#\x00_\x00N\x00O\x00E\x00N\x00T\x00R\x00Y\x00_\x00#\x00_\x00<\x00/\x00I\x00C\x00o\x00r\x00e\x00>\x00\n\x00\t\x00\t\x00<\x00/\x00U\x00s\x00e\x00d\x00N\x00a\x00m\x00e\x00>\x00\n\x00\t\x00<\x00/\x00D\x00a\x00t\x00a\x00>\x00\n\x00<\x00/\x00R\x00o\x00o\x00t\x00>\x00\n\x00\x00\x00',1,False
Schematictype+Class espagnol,b'<\x00R\x00o\x00o\x00t\x00>\x00\n\x00\t\x00<\x00D\x00a\x00t\x00a\x00>\x00\n\x00\t\x00\t\x00<\x00S\x00t\x00r\x00u\x00c\x00t\x00u\x00r\x00e\x00>\x00\n\x00\t\x00\t\x00\t\x00<\x00A\x00t\x00t\x00r\x00i\x00b\x00u\x00t\x00e\x00>\x00.\x00S\x00C\x00H\x00E\x00M\x00A\x00T\x00I\x00C\x00_\x00T\x00Y\x00P\x00E\x00<\x00/\x00A\x00t\x00t\x00r\x00i\x00b\x00u\x00t\x00e\x00>\x00\n\x00\t\x00\t\x00\t\x00<\x00D\x00i\x00r\x00e\x00c\x00t\x00i\x00o\x00n\x00>\x000\x00<\x00/\x00D\x00i\x00r\x00e\x00c\x00t\x00i\x00o\x00n\x00>\x00\n\x00\t\x00\t\x00\t\x00<\x00I\x00n\x00f\x00o\x00>\x002\x00<\x00/\x00I\x00n\x00f\x00o\x00>\x00\n\x00\t\x00\t\x00\t\x00<\x00O\x00r\x00d\x00e\x00r\x00>\x001\x00<\x00/\x00O\x00r\x00d\x00e\x00r\x00>\x00\n\x00\t\x00\t\x00<\x00/\x00S\x00t\x00r\x00u\x00c\x00t\x00u\x00r\x00e\x00>\x00\n\x00\t\x00\t\x00<\x00S\x00t\x00r\x00u\x00c\x00t\x00u\x00r\x00e\x00>\x00\n\x00\t\x00\t\x00\t\x00<\x00A\x00t\x00t\x00r\x00i\x00b\x00u\x00t\x00e\x00>\x00C\x00l\x00a\x00s\x00s\x00_\x00c\x00a\x00s\x00t\x00e\x00l\x00l\x00a\x00n\x00o\x00<\x00/\x00A\x00t\x00t\x00r\x00i\x00b\x00u\x00t\x00e\x00>\x00\n\x00\t\x00\t\x00\t\x00<\x00D\x00i\x00r\x00e\x00c\x00t\x00i\x00o\x00n\x00>\x000\x00<\x00/\x00D\x00i\x00r\x00e\x00c\x00t\x00i\x00o\x00n\x00>\x00\n\x00\t\x00\t\x00\t\x00<\x00I\x00n\x00f\x00o\x00>\x002\x00<\x00/\x00I\x00n\x00f\x00o\x00>\x00\n\x00\t\x00\t\x00\t\x00<\x00O\x00r\x00d\x00e\x00r\x00>\x002\x00<\x00/\x00O\x00r\x00d\x00e\x00r\x00>\x00\n\x00\t\x00\t\x00<\x00/\x00S\x00t\x00r\x00u\x00c\x00t\x00u\x00r\x00e\x00>\x00\n\x00\t\x00\t\x00<\x00U\x00s\x00e\x00d\x00N\x00a\x00m\x00e\x00>\x00\n\x00\t\x00\t\x00\t\x00<\x00C\x00o\x00m\x00p\x00o\x00n\x00e\x00n\x00t\x00s\x00>\x00_\x00#\x00_\x00C\x00O\x00M\x00P\x00O\x00N\x00E\x00N\x00T\x00N\x00A\x00M\x00E\x00_\x00#\x00_\x00<\x00/\x00C\x00o\x00m\x00p\x00o\x00n\x00e\x00n\x00t\x00s\x00>\x00\n\x00\t\x00\t\x00\t\x00<\x00I\x00C\x00o\x00m\x00p\x00o\x00n\x00e\x00n\x00t\x00>\x00D\x00e\x00s\x00c\x00r\x00i\x00p\x00t\x00i\x00o\x00n\x00_\x00c\x00a\x00s\x00t\x00e\x00l\x00l\x00a\x00n\x00o\x00<\x00/\x00I\x00C\x00o\x00m\x00p\x00o\x00n\x00e\x00n\x00t\x00>\x00\n\x00\t\x00\t\x00<\x00/\x00U\x00s\x00e\x00d\x00N\x00a\x00m\x00e\x00>\x00\n\x00\t\x00\t\x00<\x00U\x00s\x00e\x00d\x00N\x00a\x00m\x00e\x00>\x00\n\x00\t\x00\t\x00\t\x00<\x00W\x00i\x00r\x00e\x00s\x00>\x00_\x00#\x00_\x00W\x00I\x00R\x00E\x00N\x00A\x00M\x00E\x00_\x00#\x00_\x00<\x00/\x00W\x00i\x00r\x00e\x00s\x00>\x00\n\x00\t\x00\t\x00\t\x00<\x00I\x00W\x00i\x00r\x00e\x00>\x00D\x00i\x00a\x00m\x00e\x00t\x00e\x00r\x00<\x00/\x00I\x00W\x00i\x00r\x00e\x00>\x00\n\x00\t\x00\t\x00<\x00/\x00U\x00s\x00e\x00d\x00N\x00a\x00m\x00e\x00>\x00\n\x00\t\x00\t\x00<\x00U\x00s\x00e\x00d\x00N\x00a\x00m\x00e\x00>\x00\n\x00\t\x00\t\x00\t\x00<\x00S\x00y\x00m\x00b\x00o\x00l\x00s\x00>\x00_\x00#\x00_\x00S\x00Y\x00M\x00B\x00O\x00L\x00N\x00A\x00M\x00E\x00_\x00#\x00_\x00<\x00/\x00S\x00y\x00m\x00b\x00o\x00l\x00s\x00>\x00\n\x00\t\x00\t\x00\t\x00<\x00I\x00S\x00y\x00m\x00b\x00o\x00l\x00>\x00D\x00e\x00s\x00c\x00r\x00i\x00p\x00t\x00i\x00o\x00n\x00_\x00c\x00a\x00s\x00t\x00e\x00l\x00l\x00a\x00n\x00o\x00<\x00/\x00I\x00S\x00y\x00m\x00b\x00o\x00l\x00>\x00\n\x00\t\x00\t\x00<\x00/\x00U\x00s\x00e\x00d\x00N\x00a\x00m\x00e\x00>\x00\n\x00\t\x00\t\x00<\x00U\x00s\x00e\x00d\x00N\x00a\x00m\x00e\x00>\x00\n\x00\t\x00\t\x00\t\x00<\x00M\x00o\x00d\x00e\x00l\x00s\x00>\x00_\x00#\x00_\x00M\x00O\x00D\x00E\x00L\x00N\x00A\x00M\x00E\x00_\x00#\x00_\x00<\x00/\x00M\x00o\x00d\x00e\x00l\x00s\x00>\x00\n\x00\t\x00\t\x00\t\x00<\x00I\x00M\x00o\x00d\x00e\x00l\x00>\x00D\x00e\x00s\x00c\x00r\x00i\x00p\x00t\x00i\x00o\x00n\x00<\x00/\x00I\x00M\x00o\x00d\x00e\x00l\x00>\x00\n\x00\t\x00\t\x00<\x00/\x00U\x00s\x00e\x00d\x00N\x00a\x00m\x00e\x00>\x00\n\x00\t\x00\t\x00<\x00U\x00s\x00e\x00d\x00N\x00a\x00m\x00e\x00>\x00\n\x00\t\x00\t\x00\t\x00<\x00I\x00C\x00o\x00r\x00e\x00>\x00_\x00#\x00_\x00N\x00O\x00E\x00N\x00T\x00R\x00Y\x00_\x00#\x00_\x00<\x00/\x00I\x00C\x00o\x00r\x00e\x00>\x00\n\x00\t\x00\t\x00<\x00/\x00U\x00s\x00e\x00d\x00N\x00a\x00m\x00e\x00>\x00\n\x00\t\x00<\x00/\x00D\x00a\x00t\x00a\x00>\x00\n\x00<\x00/\x00R\x00o\x00o\x00t\x00>\x00\n\x00\x00\x00',1,False
Schematictype+Class italiano,b'<\x00R\x00o\x00o\x00t\x00>\x00\n\x00\t\x00<\x00D\x00a\x00t\x00a\x00>\x00\n\x00\t\x00\t\x00<\x00S\x00t\x00r\x00u\x00c\x00t\x00u\x00r\x00e\x00>\x00\n\x00\t\x00\t\x00\t\x00<\x00A\x00t\x00t\x00r\x00i\x00b\x00u\x00t\x00e\x00>\x00.\x00S\x00C\x00H\x00E\x00M\x00A\x00T\x00I\x00C\x00_\x00T\x00Y\x00P\x00E\x00<\x00/\x00A\x00t\x00t\x00r\x00i\x00b\x00u\x00t\x00e\x00>\x00\n\x00\t\x00\t\x00\t\x00<\x00D\x00i\x00r\x00e\x00c\x00t\x00i\x00o\x00n\x00>\x000\x00<\x00/\x00D\x00i\x00r\x00e\x00c\x00t\x00i\x00o\x00n\x00>\x00\n\x00\t\x00\t\x00\t\x00<\x00I\x00n\x00f\x00o\x00>\x002\x00<\x00/\x00I\x00n\x00f\x00o\x00>\x00\n\x00\t\x00\t\x00\t\x00<\x00O\x00r\x00d\x00e\x00r\x00>\x001\x00<\x00/\x00O\x00r\x00d\x00e\x00r\x00>\x00\n\x00\t\x00\t\x00<\x00/\x00S\x00t\x00r\x00u\x00c\x00t\x00u\x00r\x00e\x00>\x00\n\x00\t\x00\t\x00<\x00S\x00t\x00r\x00u\x00c\x00t\x00u\x00r\x00e\x00>\x00\n\x00\t\x00\t\x00\t\x00<\x00A\x00t\x00t\x00r\x00i\x00b\x00u\x00t\x00e\x00>\x00C\x00l\x00a\x00s\x00s\x00_\x00i\x00t\x00a\x00l\x00i\x00a\x00n\x00o\x00<\x00/\x00A\x00t\x00t\x00r\x00i\x00b\x00u\x00t\x00e\x00>\x00\n\x00\t\x00\t\x00\t\x00<\x00D\x00i\x00r\x00e\x00c\x00t\x00i\x00o\x00n\x00>\x000\x00<\x00/\x00D\x00i\x00r\x00e\x00c\x00t\x00i\x00o\x00n\x00>\x00\n\x00\t\x00\t\x00\t\x00<\x00I\x00n\x00f\x00o\x00>\x002\x00<\x00/\x00I\x00n\x00f\x00o\x00>\x00\n\x00\t\x00\t\x00\t\x00<\x00O\x00r\x00d\x00e\x00r\x00>\x002\x00<\x00/\x00O\x00r\x00d\x00e\x00r\x00>\x00\n\x00\t\x00\t\x00<\x00/\x00S\x00t\x00r\x00u\x00c\x00t\x00u\x00r\x00e\x00>\x00\n\x00\t\x00\t\x00<\x00U\x00s\x00e\x00d\x00N\x00a\x00m\x00e\x00>\x00\n\x00\t\x00\t\x00\t\x00<\x00C\x00o\x00m\x00p\x00o\x00n\x00e\x00n\x00t\x00s\x00>\x00_\x00#\x00_\x00C\x00O\x00M\x00P\x00O\x00N\x00E\x00N\x00T\x00N\x00A\x00M\x00E\x00_\x00#\x00_\x00<\x00/\x00C\x00o\x00m\x00p\x00o\x00n\x00e\x00n\x00t\x00s\x00>\x00\n\x00\t\x00\t\x00\t\x00<\x00I\x00C\x00o\x00m\x00p\x00o\x00n\x00e\x00n\x00t\x00>\x00D\x00e\x00s\x00c\x00r\x00i\x00p\x00t\x00i\x00o\x00n\x00_\x00i\x00t\x00a\x00l\x00i\x00a\x00n\x00o\x00<\x00/\x00I\x00C\x00o\x00m\x00p\x00o\x00n\x00e\x00n\x00t\x00>\x00\n\x00\t\x00\t\x00<\x00/\x00U\x00s\x00e\x00d\x00N\x00a\x00m\x00e\x00>\x00\n\x00\t\x00\t\x00<\x00U\x00s\x00e\x00d\x00N\x00a\x00m\x00e\x00>\x00\n\x00\t\x00\t\x00\t\x00<\x00W\x00i\x00r\x00e\x00s\x00>\x00_\x00#\x00_\x00W\x00I\x00R\x00E\x00N\x00A\x00M\x00E\x00_\x00#\x00_\x00<\x00/\x00W\x00i\x00r\x00e\x00s\x00>\x00\n\x00\t\x00\t\x00\t\x00<\x00I\x00W\x00i\x00r\x00e\x00>\x00D\x00i\x00a\x00m\x00e\x00t\x00e\x00r\x00<\x00/\x00I\x00W\x00i\x00r\x00e\x00>\x00\n\x00\t\x00\t\x00<\x00/\x00U\x00s\x00e\x00d\x00N\x00a\x00m\x00e\x00>\x00\n\x00\t\x00\t\x00<\x00U\x00s\x00e\x00d\x00N\x00a\x00m\x00e\x00>\x00\n\x00\t\x00\t\x00\t\x00<\x00S\x00y\x00m\x00b\x00o\x00l\x00s\x00>\x00_\x00#\x00_\x00S\x00Y\x00M\x00B\x00O\x00L\x00N\x00A\x00M\x00E\x00_\x00#\x00_\x00<\x00/\x00S\x00y\x00m\x00b\x00o\x00l\x00s\x00>\x00\n\x00\t\x00\t\x00\t\x00<\x00I\x00S\x00y\x00m\x00b\x00o\x00l\x00>\x00D\x00e\x00s\x00c\x00r\x00i\x00p\x00t\x00i\x00o\x00n\x00_\x00i\x00t\x00a\x00l\x00i\x00a\x00n\x00o\x00<\x00/\x00I\x00S\x00y\x00m\x00b\x00o\x00l\x00>\x00\n\x00\t\x00\t\x00<\x00/\x00U\x00s\x00e\x00d\x00N\x00a\x00m\x00e\x00>\x00\n\x00\t\x00\t\x00<\x00U\x00s\x00e\x00d\x00N\x00a\x00m\x00e\x00>\x00\n\x00\t\x00\t\x00\t\x00<\x00M\x00o\x00d\x00e\x00l\x00s\x00>\x00_\x00#\x00_\x00M\x00O\x00D\x00E\x00L\x00N\x00A\x00M\x00E\x00_\x00#\x00_\x00<\x00/\x00M\x00o\x00d\x00e\x00l\x00s\x00>\x00\n\x00\t\x00\t\x00\t\x00<\x00I\x00M\x00o\x00d\x00e\x00l\x00>\x00D\x00e\x00s\x00c\x00r\x00i\x00p\x00t\x00i\x00o\x00n\x00<\x00/\x00I\x00M\x00o\x00d\x00e\x00l\x00>\x00\n\x00\t\x00\t\x00<\x00/\x00U\x00s\x00e\x00d\x00N\x00a\x00m\x00e\x00>\x00\n\x00\t\x00\t\x00<\x00U\x00s\x00e\x00d\x00N\x00a\x00m\x00e\x00>\x00\n\x00\t\x00\t\x00\t\x00<\x00I\x00C\x00o\x00r\x00e\x00>\x00_\x00#\x00_\x00N\x00O\x00E\x00N\x00T\x00R\x00Y\x00_\x00#\x00_\x00<\x00/\x00I\x00C\x00o\x00r\x00e\x00>\x00\n\x00\t\x00\t\x00<\x00/\x00U\x00s\x00e\x00d\x00N\x00a\x00m\x00e\x00>\x00\n\x00\t\x00<\x00/\x00D\x00a\x00t\x00a\x00>\x00\n\x00<\x00/\x00R\x00o\x00o\x00t\x00>\x00\n\x00\x00\x00',1,False
Schematictype+Class japanese,b'<\x00R\x00o\x00o\x00t\x00>\x00\n\x00\t\x00<\x00D\x00a\x00t\x00a\x00>\x00\n\x00\t\x00\t\x00<\x00S\x00t\x00r\x00u\x00c\x00t\x00u\x00r\x00e\x00>\x00\n\x00\t\x00\t\x00\t\x00<\x00A\x00t\x00t\x00r\x00i\x00b\x00u\x00t\x00e\x00>\x00.\x00S\x00C\x00H\x00E\x00M\x00A\x00T\x00I\x00C\x00_\x00T\x00Y\x00P\x00E\x00<\x00/\x00A\x00t\x00t\x00r\x00i\x00b\x00u\x00t\x00e\x00>\x00\n\x00\t\x00\t\x00\t\x00<\x00D\x00i\x00r\x00e\x00c\x00t\x00i\x00o\x00n\x00>\x000\x00<\x00/\x00D\x00i\x00r\x00e\x00c\x00t\x00i\x00o\x00n\x00>\x00\n\x00\t\x00\t\x00\t\x00<\x00I\x00n\x00f\x00o\x00>\x002\x00<\x00/\x00I\x00n\x00f\x00o\x00>\x00\n\x00\t\x00\t\x00\t\x00<\x00O\x00r\x00d\x00e\x00r\x00>\x001\x00<\x00/\x00O\x00r\x00d\x00e\x00r\x00>\x00\n\x00\t\x00\t\x00<\x00/\x00S\x00t\x00r\x00u\x00c\x00t\x00u\x00r\x00e\x00>\x00\n\x00\t\x00\t\x00<\x00S\x00t\x00r\x00u\x00c\x00t\x00u\x00r\x00e\x00>\x00\n\x00\t\x00\t\x00\t\x00<\x00A\x00t\x00t\x00r\x00i\x00b\x00u\x00t\x00e\x00>\x00C\x00l\x00a\x00s\x00s\x00_\x00j\x00a\x00p\x00a\x00n\x00e\x00s\x00e\x00<\x00/\x00A\x00t\x00t\x00r\x00i\x00b\x00u\x00t\x00e\x00>\x00\n\x00\t\x00\t\x00\t\x00<\x00D\x00i\x00r\x00e\x00c\x00t\x00i\x00o\x00n\x00>\x000\x00<\x00/\x00D\x00i\x00r\x00e\x00c\x00t\x00i\x00o\x00n\x00>\x00\n\x00\t\x00\t\x00\t\x00<\x00I\x00n\x00f\x00o\x00>\x002\x00<\x00/\x00I\x00n\x00f\x00o\x00>\x00\n\x00\t\x00\t\x00\t\x00<\x00O\x00r\x00d\x00e\x00r\x00>\x002\x00<\x00/\x00O\x00r\x00d\x00e\x00r\x00>\x00\n\x00\t\x00\t\x00<\x00/\x00S\x00t\x00r\x00u\x00c\x00t\x00u\x00r\x00e\x00>\x00\n\x00\t\x00\t\x00<\x00U\x00s\x00e\x00d\x00N\x00a\x00m\x00e\x00>\x00\n\x00\t\x00\t\x00\t\x00<\x00C\x00o\x00m\x00p\x00o\x00n\x00e\x00n\x00t\x00s\x00>\x00_\x00#\x00_\x00C\x00O\x00M\x00P\x00O\x00N\x00E\x00N\x00T\x00N\x00A\x00M\x00E\x00_\x00#\x00_\x00<\x00/\x00C\x00o\x00m\x00p\x00o\x00n\x00e\x00n\x00t\x00s\x00>\x00\n\x00\t\x00\t\x00\t\x00<\x00I\x00C\x00o\x00m\x00p\x00o\x00n\x00e\x00n\x00t\x00>\x00D\x00e\x00s\x00c\x00r\x00i\x00p\x00t\x00i\x00o\x00n\x00_\x00e\x00n\x00g\x00l\x00i\x00s\x00h\x00<\x00/\x00I\x00C\x00o\x00m\x00p\x00o\x00n\x00e\x00n\x00t\x00>\x00\n\x00\t\x00\t\x00<\x00/\x00U\x00s\x00e\x00d\x00N\x00a\x00m\x00e\x00>\x00\n\x00\t\x00\t\x00<\x00U\x00s\x00e\x00d\x00N\x00a\x00m\x00e\x00>\x00\n\x00\t\x00\t\x00\t\x00<\x00W\x00i\x00r\x00e\x00s\x00>\x00_\x00#\x00_\x00W\x00I\x00R\x00E\x00N\x00A\x00M\x00E\x00_\x00#\x00_\x00<\x00/\x00W\x00i\x00r\x00e\x00s\x00>\x00\n\x00\t\x00\t\x00\t\x00<\x00I\x00W\x00i\x00r\x00e\x00>\x00D\x00i\x00a\x00m\x00e\x00t\x00e\x00r\x00<\x00/\x00I\x00W\x00i\x00r\x00e\x00>\x00\n\x00\t\x00\t\x00<\x00/\x00U\x00s\x00e\x00d\x00N\x00a\x00m\x00e\x00>\x00\n\x00\t\x00\t\x00<\x00U\x00s\x00e\x00d\x00N\x00a\x00m\x00e\x00>\x00\n\x00\t\x00\t\x00\t\x00<\x00S\x00y\x00m\x00b\x00o\x00l\x00s\x00>\x00_\x00#\x00_\x00S\x00Y\x00M\x00B\x00O\x00L\x00N\x00A\x00M\x00E\x00_\x00#\x00_\x00<\x00/\x00S\x00y\x00m\x00b\x00o\x00l\x00s\x00>\x00\n\x00\t\x00\t\x00\t\x00<\x00I\x00S\x00y\x00m\x00b\x00o\x00l\x00>\x00D\x00e\x00s\x00c\x00r\x00i\x00p\x00t\x00i\x00o\x00n\x00_\x00j\x00a\x00p\x00a\x00n\x00e\x00s\x00e\x00<\x00/\x00I\x00S\x00y\x00m\x00b\x00o\x00l\x00>\x00\n\x00\t\x00\t\x00<\x00/\x00U\x00s\x00e\x00d\x00N\x00a\x00m\x00e\x00>\x00\n\x00\t\x00\t\x00<\x00U\x00s\x00e\x00d\x00N\x00a\x00m\x00e\x00>\x00\n\x00\t\x00\t\x00\t\x00<\x00M\x00o\x00d\x00e\x00l\x00s\x00>\x00_\x00#\x00_\x00M\x00O\x00D\x00E\x00L\x00N\x00A\x00M\x00E\x00_\x00#\x00_\x00<\x00/\x00M\x00o\x00d\x00e\x00l\x00s\x00>\x00\n\x00\t\x00\t\x00\t\x00<\x00I\x00M\x00o\x00d\x00e\x00l\x00>\x00D\x00e\x00s\x00c\x00r\x00i\x00p\x00t\x00i\x00o\x00n\x00<\x00/\x00I\x00M\x00o\x00d\x00e\x00l\x00>\x00\n\x00\t\x00\t\x00<\x00/\x00U\x00s\x00e\x00d\x00N\x00a\x00m\x00e\x00>\x00\n\x00\t\x00\t\x00<\x00U\x00s\x00e\x00d\x00N\x00a\x00m\x00e\x00>\x00\n\x00\t\x00\t\x00\t\x00<\x00I\x00C\x00o\x00r\x00e\x00>\x00_\x00#\x00_\x00N\x00O\x00E\x00N\x00T\x00R\x00Y\x00_\x00#\x00_\x00<\x00/\x00I\x00C\x00o\x00r\x00e\x00>\x00\n\x00\t\x00\t\x00<\x00/\x00U\x00s\x00e\x00d\x00N\x00a\x00m\x00e\x00>\x00\n\x00\t\x00<\x00/\x00D\x00a\x00t\x00a\x00>\x00\n\x00<\x00/\x00R\x00o\x00o\x00t\x00>\x00\n\x00\x00\x00',1,False
Schematictype+Classe français,b'<\x00R\x00o\x00o\x00t\x00>\x00\n\x00\t\x00<\x00D\x00a\x00t\x00a\x00>\x00\n\x00\t\x00\t\x00<\x00S\x00t\x00r\x00u\x00c\x00t\x00u\x00r\x00e\x00>\x00\n\x00\t\x00\t\x00\t\x00<\x00A\x00t\x00t\x00r\x00i\x00b\x00u\x00t\x00e\x00>\x00.\x00S\x00C\x00H\x00E\x00M\x00A\x00T\x00I\x00C\x00_\x00T\x00Y\x00P\x00E\x00<\x00/\x00A\x00t\x00t\x00r\x00i\x00b\x00u\x00t\x00e\x00>\x00\n\x00\t\x00\t\x00\t\x00<\x00D\x00i\x00r\x00e\x00c\x00t\x00i\x00o\x00n\x00>\x000\x00<\x00/\x00D\x00i\x00r\x00e\x00c\x00t\x00i\x00o\x00n\x00>\x00\n\x00\t\x00\t\x00\t\x00<\x00I\x00n\x00f\x00o\x00>\x002\x00<\x00/\x00I\x00n\x00f\x00o\x00>\x00\n\x00\t\x00\t\x00\t\x00<\x00O\x00r\x00d\x00e\x00r\x00>\x001\x00<\x00/\x00O\x00r\x00d\x00e\x00r\x00>\x00\n\x00\t\x00\t\x00<\x00/\x00S\x00t\x00r\x00u\x00c\x00t\x00u\x00r\x00e\x00>\x00\n\x00\t\x00\t\x00<\x00S\x00t\x00r\x00u\x00c\x00t\x00u\x00r\x00e\x00>\x00\n\x00\t\x00\t\x00\t\x00<\x00A\x00t\x00t\x00r\x00i\x00b\x00u\x00t\x00e\x00>\x00C\x00l\x00a\x00s\x00s\x00_\x00f\x00r\x00a\x00n\x00c\x00a\x00i\x00s\x00<\x00/\x00A\x00t\x00t\x00r\x00i\x00b\x00u\x00t\x00e\x00>\x00\n\x00\t\x00\t\x00\t\x00<\x00D\x00i\x00r\x00e\x00c\x00t\x00i\x00o\x00n\x00>\x000\x00<\x00/\x00D\x00i\x00r\x00e\x00c\x00t\x00i\x00o\x00n\x00>\x00\n\x00\t\x00\t\x00\t\x00<\x00I\x00n\x00f\x00o\x00>\x002\x00<\x00/\x00I\x00n\x00f\x00o\x00>\x00\n\x00\t\x00\t\x00\t\x00<\x00O\x00r\x00d\x00e\x00r\x00>\x002\x00<\x00/\x00O\x00r\x00d\x00e\x00r\x00>\x00\n\x00\t\x00\t\x00<\x00/\x00S\x00t\x00r\x00u\x00c\x00t\x00u\x00r\x00e\x00>\x00\n\x00\t\x00\t\x00<\x00U\x00s\x00e\x00d\x00N\x00a\x00m\x00e\x00>\x00\n\x00\t\x00\t\x00\t\x00<\x00C\x00o\x00m\x00p\x00o\x00n\x00e\x00n\x00t\x00s\x00>\x00_\x00#\x00_\x00C\x00O\x00M\x00P\x00O\x00N\x00E\x00N\x00T\x00N\x00A\x00M\x00E\x00_\x00#\x00_\x00<\x00/\x00C\x00o\x00m\x00p\x00o\x00n\x00e\x00n\x00t\x00s\x00>\x00\n\x00\t\x00\t\x00\t\x00<\x00I\x00C\x00o\x00m\x00p\x00o\x00n\x00e\x00n\x00t\x00>\x00D\x00e\x00s\x00c\x00r\x00i\x00p\x00t\x00i\x00o\x00n\x00_\x00f\x00r\x00a\x00n\x00c\x00a\x00i\x00s\x00<\x00/\x00I\x00C\x00o\x00m\x00p\x00o\x00n\x00e\x00n\x00t\x00>\x00\n\x00\t\x00\t\x00<\x00/\x00U\x00s\x00e\x00d\x00N\x00a\x00m\x00e\x00>\x00\n\x00\t\x00\t\x00<\x00U\x00s\x00e\x00d\x00N\x00a\x00m\x00e\x00>\x00\n\x00\t\x00\t\x00\t\x00<\x00W\x00i\x00r\x00e\x00s\x00>\x00_\x00#\x00_\x00W\x00I\x00R\x00E\x00N\x00A\x00M\x00E\x00_\x00#\x00_\x00<\x00/\x00W\x00i\x00r\x00e\x00s\x00>\x00\n\x00\t\x00\t\x00\t\x00<\x00I\x00W\x00i\x00r\x00e\x00>\x00D\x00i\x00a\x00m\x00e\x00t\x00e\x00r\x00<\x00/\x00I\x00W\x00i\x00r\x00e\x00>\x00\n\x00\t\x00\t\x00<\x00/\x00U\x00s\x00e\x00d\x00N\x00a\x00m\x00e\x00>\x00\n\x00\t\x00\t\x00<\x00U\x00s\x00e\x00d\x00N\x00a\x00m\x00e\x00>\x00\n\x00\t\x00\t\x00\t\x00<\x00S\x00y\x00m\x00b\x00o\x00l\x00s\x00>\x00_\x00#\x00_\x00S\x00Y\x00M\x00B\x00O\x00L\x00N\x00A\x00M\x00E\x00_\x00#\x00_\x00<\x00/\x00S\x00y\x00m\x00b\x00o\x00l\x00s\x00>\x00\n\x00\t\x00\t\x00\t\x00<\x00I\x00S\x00y\x00m\x00b\x00o\x00l\x00>\x00D\x00e\x00s\x00c\x00r\x00i\x00p\x00t\x00i\x00o\x00n\x00_\x00f\x00r\x00a\x00n\x00c\x00a\x00i\x00s\x00<\x00/\x00I\x00S\x00y\x00m\x00b\x00o\x00l\x00>\x00\n\x00\t\x00\t\x00<\x00/\x00U\x00s\x00e\x00d\x00N\x00a\x00m\x00e\x00>\x00\n\x00\t\x00\t\x00<\x00U\x00s\x00e\x00d\x00N\x00a\x00m\x00e\x00>\x00\n\x00\t\x00\t\x00\t\x00<\x00M\x00o\x00d\x00e\x00l\x00s\x00>\x00_\x00#\x00_\x00M\x00O\x00D\x00E\x00L\x00N\x00A\x00M\x00E\x00_\x00#\x00_\x00<\x00/\x00M\x00o\x00d\x00e\x00l\x00s\x00>\x00\n\x00\t\x00\t\x00\t\x00<\x00I\x00M\x00o\x00d\x00e\x00l\x00>\x00D\x00e\x00s\x00c\x00r\x00i\x00p\x00t\x00i\x00o\x00n\x00<\x00/\x00I\x00M\x00o\x00d\x00e\x00l\x00>\x00\n\x00\t\x00\t\x00<\x00/\x00U\x00s\x00e\x00d\x00N\x00a\x00m\x00e\x00>\x00\n\x00\t\x00\t\x00<\x00U\x00s\x00e\x00d\x00N\x00a\x00m\x00e\x00>\x00\n\x00\t\x00\t\x00\t\x00<\x00I\x00C\x00o\x00r\x00e\x00>\x00_\x00#\x00_\x00N\x00O\x00E\x00N\x00T\x00R\x00Y\x00_\x00#\x00_\x00<\x00/\x00I\x00C\x00o\x00r\x00e\x00>\x00\n\x00\t\x00\t\x00<\x00/\x00U\x00s\x00e\x00d\x00N\x00a\x00m\x00e\x00>\x00\n\x00\t\x00<\x00/\x00D\x00a\x00t\x00a\x00>\x00\n\x00<\x00/\x00R\x00o\x00o\x00t\x00>\x00\n\x00\x00\x00',1,False
Schematictype+Classe português,b'<\x00R\x00o\x00o\x00t\x00>\x00\n\x00\t\x00<\x00D\x00a\x00t\x00a\x00>\x00\n\x00\t\x00\t\x00<\x00S\x00t\x00r\x00u\x00c\x00t\x00u\x00r\x00e\x00>\x00\n\x00\t\x00\t\x00\t\x00<\x00A\x00t\x00t\x00r\x00i\x00b\x00u\x00t\x00e\x00>\x00.\x00S\x00C\x00H\x00E\x00M\x00A\x00T\x00I\x00C\x00_\x00T\x00Y\x00P\x00E\x00<\x00/\x00A\x00t\x00t\x00r\x00i\x00b\x00u\x00t\x00e\x00>\x00\n\x00\t\x00\t\x00\t\x00<\x00D\x00i\x00r\x00e\x00c\x00t\x00i\x00o\x00n\x00>\x000\x00<\x00/\x00D\x00i\x00r\x00e\x00c\x00t\x00i\x00o\x00n\x00>\x00\n\x00\t\x00\t\x00\t\x00<\x00I\x00n\x00f\x00o\x00>\x002\x00<\x00/\x00I\x00n\x00f\x00o\x00>\x00\n\x00\t\x00\t\x00\t\x00<\x00O\x00r\x00d\x00e\x00r\x00>\x001\x00<\x00/\x00O\x00r\x00d\x00e\x00r\x00>\x00\n\x00\t\x00\t\x00<\x00/\x00S\x00t\x00r\x00u\x00c\x00t\x00u\x00r\x00e\x00>\x00\n\x00\t\x00\t\x00<\x00S\x00t\x00r\x00u\x00c\x00t\x00u\x00r\x00e\x00>\x00\n\x00\t\x00\t\x00\t\x00<\x00A\x00t\x00t\x00r\x00i\x00b\x00u\x00t\x00e\x00>\x00C\x00l\x00a\x00s\x00s\x00_\x00p\x00o\x00r\x00t\x00u\x00g\x00u\x00e\x00s\x00<\x00/\x00A\x00t\x00t\x00r\x00i\x00b\x00u\x00t\x00e\x00>\x00\n\x00\t\x00\t\x00\t\x00<\x00D\x00i\x00r\x00e\x00c\x00t\x00i\x00o\x00n\x00>\x000\x00<\x00/\x00D\x00i\x00r\x00e\x00c\x00t\x00i\x00o\x00n\x00>\x00\n\x00\t\x00\t\x00\t\x00<\x00I\x00n\x00f\x00o\x00>\x002\x00<\x00/\x00I\x00n\x00f\x00o\x00>\x00\n\x00\t\x00\t\x00\t\x00<\x00O\x00r\x00d\x00e\x00r\x00>\x002\x00<\x00/\x00O\x00r\x00d\x00e\x00r\x00>\x00\n\x00\t\x00\t\x00<\x00/\x00S\x00t\x00r\x00u\x00c\x00t\x00u\x00r\x00e\x00>\x00\n\x00\t\x00\t\x00<\x00U\x00s\x00e\x00d\x00N\x00a\x00m\x00e\x00>\x00\n\x00\t\x00\t\x00\t\x00<\x00C\x00o\x00m\x00p\x00o\x00n\x00e\x00n\x00t\x00s\x00>\x00_\x00#\x00_\x00C\x00O\x00M\x00P\x00O\x00N\x00E\x00N\x00T\x00N\x00A\x00M\x00E\x00_\x00#\x00_\x00<\x00/\x00C\x00o\x00m\x00p\x00o\x00n\x00e\x00n\x00t\x00s\x00>\x00\n\x00\t\x00\t\x00\t\x00<\x00I\x00C\x00o\x00m\x00p\x00o\x00n\x00e\x00n\x00t\x00>\x00C\x00o\x00m\x00p\x00C\x00l\x00a\x00s\x00s\x00_\x00C\x00o\x00n\x00t\x00a\x00c\x00t\x00s\x00A\x00<\x00/\x00I\x00C\x00o\x00m\x00p\x00o\x00n\x00e\x00n\x00t\x00>\x00\n\x00\t\x00\t\x00<\x00/\x00U\x00s\x00e\x00d\x00N\x00a\x00m\x00e\x00>\x00\n\x00\t\x00\t\x00<\x00U\x00s\x00e\x00d\x00N\x00a\x00m\x00e\x00>\x00\n\x00\t\x00\t\x00\t\x00<\x00W\x00i\x00r\x00e\x00s\x00>\x00_\x00#\x00_\x00W\x00I\x00R\x00E\x00N\x00A\x00M\x00E\x00_\x00#\x00_\x00<\x00/\x00W\x00i\x00r\x00e\x00s\x00>\x00\n\x00\t\x00\t\x00\t\x00<\x00I\x00W\x00i\x00r\x00e\x00>\x00D\x00i\x00a\x00m\x00e\x00t\x00e\x00r\x00<\x00/\x00I\x00W\x00i\x00r\x00e\x00>\x00\n\x00\t\x00\t\x00<\x00/\x00U\x00s\x00e\x00d\x00N\x00a\x00m\x00e\x00>\x00\n\x00\t\x00\t\x00<\x00U\x00s\x00e\x00d\x00N\x00a\x00m\x00e\x00>\x00\n\x00\t\x00\t\x00\t\x00<\x00S\x00y\x00m\x00b\x00o\x00l\x00s\x00>\x00_\x00#\x00_\x00S\x00Y\x00M\x00B\x00O\x00L\x00N\x00A\x00M\x00E\x00_\x00#\x00_\x00<\x00/\x00S\x00y\x00m\x00b\x00o\x00l\x00s\x00>\x00\n\x00\t\x00\t\x00\t\x00<\x00I\x00S\x00y\x00m\x00b\x00o\x00l\x00>\x00.\x00A\x00T\x00T\x00A\x00C\x00H\x00E\x00D\x00_\x00S\x00Y\x00M\x00B\x00O\x00L\x00<\x00/\x00I\x00S\x00y\x00m\x00b\x00o\x00l\x00>\x00\n\x00\t\x00\t\x00<\x00/\x00U\x00s\x00e\x00d\x00N\x00a\x00m\x00e\x00>\x00\n\x00\t\x00\t\x00<\x00U\x00s\x00e\x00d\x00N\x00a\x00m\x00e\x00>\x00\n\x00\t\x00\t\x00\t\x00<\x00M\x00o\x00d\x00e\x00l\x00s\x00>\x00_\x00#\x00_\x00M\x00O\x00D\x00E\x00L\x00N\x00A\x00M\x00E\x00_\x00#\x00_\x00<\x00/\x00M\x00o\x00d\x00e\x00l\x00s\x00>\x00\n\x00\t\x00\t\x00\t\x00<\x00I\x00M\x00o\x00d\x00e\x00l\x00>\x00D\x00e\x00s\x00c\x00r\x00i\x00p\x00t\x00i\x00o\x00n\x00<\x00/\x00I\x00M\x00o\x00d\x00e\x00l\x00>\x00\n\x00\t\x00\t\x00<\x00/\x00U\x00s\x00e\x00d\x00N\x00a\x00m\x00e\x00>\x00\n\x00\t\x00\t\x00<\x00U\x00s\x00e\x00d\x00N\x00a\x00m\x00e\x00>\x00\n\x00\t\x00\t\x00\t\x00<\x00I\x00C\x00o\x00r\x00e\x00>\x00_\x00#\x00_\x00N\x00O\x00E\x00N\x00T\x00R\x00Y\x00_\x00#\x00_\x00<\x00/\x00I\x00C\x00o\x00r\x00e\x00>\x00\n\x00\t\x00\t\x00<\x00/\x00U\x00s\x00e\x00d\x00N\x00a\x00m\x00e\x00>\x00\n\x00\t\x00<\x00/\x00D\x00a\x00t\x00a\x00>\x00\n\x00<\x00/\x00R\x00o\x00o\x00t\x00>\x00\n\x00\x00\x00',1,False
Schematictype+Klasse nederlands,b'<\x00R\x00o\x00o\x00t\x00>\x00\n\x00\t\x00<\x00D\x00a\x00t\x00a\x00>\x00\n\x00\t\x00\t\x00<\x00S\x00t\x00r\x00u\x00c\x00t\x00u\x00r\x00e\x00>\x00\n\x00\t\x00\t\x00\t\x00<\x00A\x00t\x00t\x00r\x00i\x00b\x00u\x00t\x00e\x00>\x00.\x00S\x00C\x00H\x00E\x00M\x00A\x00T\x00I\x00C\x00_\x00T\x00Y\x00P\x00E\x00<\x00/\x00A\x00t\x00t\x00r\x00i\x00b\x00u\x00t\x00e\x00>\x00\n\x00\t\x00\t\x00\t\x00<\x00D\x00i\x00r\x00e\x00c\x00t\x00i\x00o\x00n\x00>\x000\x00<\x00/\x00D\x00i\x00r\x00e\x00c\x00t\x00i\x00o\x00n\x00>\x00\n\x00\t\x00\t\x00\t\x00<\x00I\x00n\x00f\x00o\x00>\x002\x00<\x00/\x00I\x00n\x00f\x00o\x00>\x00\n\x00\t\x00\t\x00\t\x00<\x00O\x00r\x00d\x00e\x00r\x00>\x001\x00<\x00/\x00O\x00r\x00d\x00e\x00r\x00>\x00\n\x00\t\x00\t\x00<\x00/\x00S\x00t\x00r\x00u\x00c\x00t\x00u\x00r\x00e\x00>\x00\n\x00\t\x00\t\x00<\x00S\x00t\x00r\x00u\x00c\x00t\x00u\x00r\x00e\x00>\x00\n\x00\t\x00\t\x00\t\x00<\x00A\x00t\x00t\x00r\x00i\x00b\x00u\x00t\x00e\x00>\x00C\x00l\x00a\x00s\x00s\x00_\x00n\x00e\x00d\x00e\x00r\x00l\x00a\x00n\x00d\x00s\x00<\x00/\x00A\x00t\x00t\x00r\x00i\x00b\x00u\x00t\x00e\x00>\x00\n\x00\t\x00\t\x00\t\x00<\x00D\x00i\x00r\x00e\x00c\x00t\x00i\x00o\x00n\x00>\x000\x00<\x00/\x00D\x00i\x00r\x00e\x00c\x00t\x00i\x00o\x00n\x00>\x00\n\x00\t\x00\t\x00\t\x00<\x00I\x00n\x00f\x00o\x00>\x002\x00<\x00/\x00I\x00n\x00f\x00o\x00>\x00\n\x00\t\x00\t\x00\t\x00<\x00O\x00r\x00d\x00e\x00r\x00>\x002\x00<\x00/\x00O\x00r\x00d\x00e\x00r\x00>\x00\n\x00\t\x00\t\x00<\x00/\x00S\x00t\x00r\x00u\x00c\x00t\x00u\x00r\x00e\x00>\x00\n\x00\t\x00\t\x00<\x00U\x00s\x00e\x00d\x00N\x00a\x00m\x00e\x00>\x00\n\x00\t\x00\t\x00\t\x00<\x00C\x00o\x00m\x00p\x00o\x00n\x00e\x00n\x00t\x00s\x00>\x00_\x00#\x00_\x00C\x00O\x00M\x00P\x00O\x00N\x00E\x00N\x00T\x00N\x00A\x00M\x00E\x00_\x00#\x00_\x00<\x00/\x00C\x00o\x00m\x00p\x00o\x00n\x00e\x00n\x00t\x00s\x00>\x00\n\x00\t\x00\t\x00\t\x00<\x00I\x00C\x00o\x00m\x00p\x00o\x00n\x00e\x00n\x00t\x00>\x00D\x00e\x00s\x00c\x00r\x00i\x00p\x00t\x00i\x00o\x00n\x00_\x00n\x00e\x00d\x00e\x00r\x00l\x00a\x00n\x00d\x00s\x00<\x00/\x00I\x00C\x00o\x00m\x00p\x00o\x00n\x00e\x00n\x00t\x00>\x00\n\x00\t\x00\t\x00<\x00/\x00U\x00s\x00e\x00d\x00N\x00a\x00m\x00e\x00>\x00\n\x00\t\x00\t\x00<\x00U\x00s\x00e\x00d\x00N\x00a\x00m\x00e\x00>\x00\n\x00\t\x00\t\x00\t\x00<\x00W\x00i\x00r\x00e\x00s\x00>\x00_\x00#\x00_\x00W\x00I\x00R\x00E\x00N\x00A\x00M\x00E\x00_\x00#\x00_\x00<\x00/\x00W\x00i\x00r\x00e\x00s\x00>\x00\n\x00\t\x00\t\x00\t\x00<\x00I\x00W\x00i\x00r\x00e\x00>\x00D\x00i\x00a\x00m\x00e\x00t\x00e\x00r\x00<\x00/\x00I\x00W\x00i\x00r\x00e\x00>\x00\n\x00\t\x00\t\x00<\x00/\x00U\x00s\x00e\x00d\x00N\x00a\x00m\x00e\x00>\x00\n\x00\t\x00\t\x00<\x00U\x00s\x00e\x00d\x00N\x00a\x00m\x00e\x00>\x00\n\x00\t\x00\t\x00\t\x00<\x00S\x00y\x00m\x00b\x00o\x00l\x00s\x00>\x00_\x00#\x00_\x00S\x00Y\x00M\x00B\x00O\x00L\x00N\x00A\x00M\x00E\x00_\x00#\x00_\x00<\x00/\x00S\x00y\x00m\x00b\x00o\x00l\x00s\x00>\x00\n\x00\t\x00\t\x00\t\x00<\x00I\x00S\x00y\x00m\x00b\x00o\x00l\x00>\x00D\x00e\x00s\x00c\x00r\x00i\x00p\x00t\x00i\x00o\x00n\x00_\x00n\x00e\x00d\x00e\x00r\x00l\x00a\x00n\x00d\x00s\x00<\x00/\x00I\x00S\x00y\x00m\x00b\x00o\x00l\x00>\x00\n\x00\t\x00\t\x00<\x00/\x00U\x00s\x00e\x00d\x00N\x00a\x00m\x00e\x00>\x00\n\x00\t\x00\t\x00<\x00U\x00s\x00e\x00d\x00N\x00a\x00m\x00e\x00>\x00\n\x00\t\x00\t\x00\t\x00<\x00M\x00o\x00d\x00e\x00l\x00s\x00>\x00_\x00#\x00_\x00M\x00O\x00D\x00E\x00L\x00N\x00A\x00M\x00E\x00_\x00#\x00_\x00<\x00/\x00M\x00o\x00d\x00e\x00l\x00s\x00>\x00\n\x00\t\x00\t\x00\t\x00<\x00I\x00M\x00o\x00d\x00e\x00l\x00>\x00D\x00e\x00s\x00c\x00r\x00i\x00p\x00t\x00i\x00o\x00n\x00<\x00/\x00I\x00M\x00o\x00d\x00e\x00l\x00>\x00\n\x00\t\x00\t\x00<\x00/\x00U\x00s\x00e\x00d\x00N\x00a\x00m\x00e\x00>\x00\n\x00\t\x00\t\x00<\x00U\x00s\x00e\x00d\x00N\x00a\x00m\x00e\x00>\x00\n\x00\t\x00\t\x00\t\x00<\x00I\x00C\x00o\x00r\x00e\x00>\x00_\x00#\x00_\x00N\x00O\x00E\x00N\x00T\x00R\x00Y\x00_\x00#\x00_\x00<\x00/\x00I\x00C\x00o\x00r\x00e\x00>\x00\n\x00\t\x00\t\x00<\x00/\x00U\x00s\x00e\x00d\x00N\x00a\x00m\x00e\x00>\x00\n\x00\t\x00<\x00/\x00D\x00a\x00t\x00a\x00>\x00\n\x00<\x00/\x00R\x00o\x00o\x00t\x00>\x00\n\x00\x00\x00',1,False
Schematictype+Класс (русский),b'<\x00R\x00o\x00o\x00t\x00>\x00\n\x00\t\x00<\x00D\x00a\x00t\x00a\x00>\x00\n\x00\t\x00\t\x00<\x00S\x00t\x00r\x00u\x00c\x00t\x00u\x00r\x00e\x00>\x00\n\x00\t\x00\t\x00\t\x00<\x00A\x00t\x00t\x00r\x00i\x00b\x00u\x00t\x00e\x00>\x00.\x00S\x00C\x00H\x00E\x00M\x00A\x00T\x00I\x00C\x00_\x00T\x00Y\x00P\x00E\x00<\x00/\x00A\x00t\x00t\x00r\x00i\x00b\x00u\x00t\x00e\x00>\x00\n\x00\t\x00\t\x00\t\x00<\x00D\x00i\x00r\x00e\x00c\x00t\x00i\x00o\x00n\x00>\x000\x00<\x00/\x00D\x00i\x00r\x00e\x00c\x00t\x00i\x00o\x00n\x00>\x00\n\x00\t\x00\t\x00\t\x00<\x00I\x00n\x00f\x00o\x00>\x002\x00<\x00/\x00I\x00n\x00f\x00o\x00>\x00\n\x00\t\x00\t\x00\t\x00<\x00O\x00r\x00d\x00e\x00r\x00>\x001\x00<\x00/\x00O\x00r\x00d\x00e\x00r\x00>\x00\n\x00\t\x00\t\x00<\x00/\x00S\x00t\x00r\x00u\x00c\x00t\x00u\x00r\x00e\x00>\x00\n\x00\t\x00\t\x00<\x00S\x00t\x00r\x00u\x00c\x00t\x00u\x00r\x00e\x00>\x00\n\x00\t\x00\t\x00\t\x00<\x00A\x00t\x00t\x00r\x00i\x00b\x00u\x00t\x00e\x00>\x00C\x00l\x00a\x00s\x00s\x00_\x00r\x00u\x00s\x00s\x00i\x00a\x00n\x00<\x00/\x00A\x00t\x00t\x00r\x00i\x00b\x00u\x00t\x00e\x00>\x00\n\x00\t\x00\t\x00\t\x00<\x00D\x00i\x00r\x00e\x00c\x00t\x00i\x00o\x00n\x00>\x000\x00<\x00/\x00D\x00i\x00r\x00e\x00c\x00t\x00i\x00o\x00n\x00>\x00\n\x00\t\x00\t\x00\t\x00<\x00I\x00n\x00f\x00o\x00>\x002\x00<\x00/\x00I\x00n\x00f\x00o\x00>\x00\n\x00\t\x00\t\x00\t\x00<\x00O\x00r\x00d\x00e\x00r\x00>\x002\x00<\x00/\x00O\x00r\x00d\x00e\x00r\x00>\x00\n\x00\t\x00\t\x00<\x00/\x00S\x00t\x00r\x00u\x00c\x00t\x00u\x00r\x00e\x00>\x00\n\x00\t\x00\t\x00<\x00U\x00s\x00e\x00d\x00N\x00a\x00m\x00e\x00>\x00\n\x00\t\x00\t\x00\t\x00<\x00C\x00o\x00m\x00p\x00o\x00n\x00e\x00n\x00t\x00s\x00>\x00_\x00#\x00_\x00C\x00O\x00M\x00P\x00O\x00N\x00E\x00N\x00T\x00N\x00A\x00M\x00E\x00_\x00#\x00_\x00<\x00/\x00C\x00o\x00m\x00p\x00o\x00n\x00e\x00n\x00t\x00s\x00>\x00\n\x00\t\x00\t\x00\t\x00<\x00I\x00C\x00o\x00m\x00p\x00o\x00n\x00e\x00n\x00t\x00>\x00D\x00e\x00s\x00c\x00r\x00i\x00p\x00t\x00i\x00o\x00n\x00_\x00d\x00e\x00u\x00t\x00s\x00c\x00h\x00<\x00/\x00I\x00C\x00o\x00m\x00p\x00o\x00n\x00e\x00n\x00t\x00>\x00\n\x00\t\x00\t\x00<\x00/\x00U\x00s\x00e\x00d\x00N\x00a\x00m\x00e\x00>\x00\n\x00\t\x00\t\x00<\x00U\x00s\x00e\x00d\x00N\x00a\x00m\x00e\x00>\x00\n\x00\t\x00\t\x00\t\x00<\x00W\x00i\x00r\x00e\x00s\x00>\x00_\x00#\x00_\x00W\x00I\x00R\x00E\x00N\x00A\x00M\x00E\x00_\x00#\x00_\x00<\x00/\x00W\x00i\x00r\x00e\x00s\x00>\x00\n\x00\t\x00\t\x00\t\x00<\x00I\x00W\x00i\x00r\x00e\x00>\x00D\x00i\x00a\x00m\x00e\x00t\x00e\x00r\x00<\x00/\x00I\x00W\x00i\x00r\x00e\x00>\x00\n\x00\t\x00\t\x00<\x00/\x00U\x00s\x00e\x00d\x00N\x00a\x00m\x00e\x00>\x00\n\x00\t\x00\t\x00<\x00U\x00s\x00e\x00d\x00N\x00a\x00m\x00e\x00>\x00\n\x00\t\x00\t\x00\t\x00<\x00S\x00y\x00m\x00b\x00o\x00l\x00s\x00>\x00_\x00#\x00_\x00S\x00Y\x00M\x00B\x00O\x00L\x00N\x00A\x00M\x00E\x00_\x00#\x00_\x00<\x00/\x00S\x00y\x00m\x00b\x00o\x00l\x00s\x00>\x00\n\x00\t\x00\t\x00\t\x00<\x00I\x00S\x00y\x00m\x00b\x00o\x00l\x00>\x00D\x00e\x00s\x00c\x00r\x00i\x00p\x00t\x00i\x00o\x00n\x00_\x00r\x00u\x00s\x00s\x00i\x00a\x00n\x00<\x00/\x00I\x00S\x00y\x00m\x00b\x00o\x00l\x00>\x00\n\x00\t\x00\t\x00<\x00/\x00U\x00s\x00e\x00d\x00N\x00a\x00m\x00e\x00>\x00\n\x00\t\x00\t\x00<\x00U\x00s\x00e\x00d\x00N\x00a\x00m\x00e\x00>\x00\n\x00\t\x00\t\x00\t\x00<\x00M\x00o\x00d\x00e\x00l\x00s\x00>\x00_\x00#\x00_\x00M\x00O\x00D\x00E\x00L\x00N\x00A\x00M\x00E\x00_\x00#\x00_\x00<\x00/\x00M\x00o\x00d\x00e\x00l\x00s\x00>\x00\n\x00\t\x00\t\x00\t\x00<\x00I\x00M\x00o\x00d\x00e\x00l\x00>\x00D\x00e\x00s\x00c\x00r\x00i\x00p\x00t\x00i\x00o\x00n\x00<\x00/\x00I\x00M\x00o\x00d\x00e\x00l\x00>\x00\n\x00\t\x00\t\x00<\x00/\x00U\x00s\x00e\x00d\x00N\x00a\x00m\x00e\x00>\x00\n\x00\t\x00\t\x00<\x00U\x00s\x00e\x00d\x00N\x00a\x00m\x00e\x00>\x00\n\x00\t\x00\t\x00\t\x00<\x00I\x00C\x00o\x00r\x00e\x00>\x00_\x00#\x00_\x00N\x00O\x00E\x00N\x00T\x00R\x00Y\x00_\x00#\x00_\x00<\x00/\x00I\x00C\x00o\x00r\x00e\x00>\x00\n\x00\t\x00\t\x00<\x00/\x00U\x00s\x00e\x00d\x00N\x00a\x00m\x00e\x00>\x00\n\x00\t\x00<\x00/\x00D\x00a\x00t\x00a\x00>\x00\n\x00<\x00/\x00R\x00o\x00o\x00t\x00>\x00\n\x00\x00\x00',1,False
Schematyp+Klasse Deutsch,b'<\x00R\x00o\x00o\x00t\x00>\x00\n\x00\t\x00<\x00D\x00a\x00t\x00a\x00>\x00\n\x00\t\x00\t\x00<\x00S\x00t\x00r\x00u\x00c\x00t\x00u\x00r\x00e\x00>\x00\n\x00\t\x00\t\x00\t\x00<\x00A\x00t\x00t\x00r\x00i\x00b\x00u\x00t\x00e\x00>\x00.\x00S\x00C\x00H\x00E\x00M\x00A\x00T\x00I\x00C\x00_\x00T\x00Y\x00P\x00E\x00<\x00/\x00A\x00t\x00t\x00r\x00i\x00b\x00u\x00t\x00e\x00>\x00\n\x00\t\x00\t\x00\t\x00<\x00D\x00i\x00r\x00e\x00c\x00t\x00i\x00o\x00n\x00>\x000\x00<\x00/\x00D\x00i\x00r\x00e\x00c\x00t\x00i\x00o\x00n\x00>\x00\n\x00\t\x00\t\x00\t\x00<\x00I\x00n\x00f\x00o\x00>\x002\x00<\x00/\x00I\x00n\x00f\x00o\x00>\x00\n\x00\t\x00\t\x00\t\x00<\x00O\x00r\x00d\x00e\x00r\x00>\x001\x00<\x00/\x00O\x00r\x00d\x00e\x00r\x00>\x00\n\x00\t\x00\t\x00<\x00/\x00S\x00t\x00r\x00u\x00c\x00t\x00u\x00r\x00e\x00>\x00\n\x00\t\x00\t\x00<\x00S\x00t\x00r\x00u\x00c\x00t\x00u\x00r\x00e\x00>\x00\n\x00\t\x00\t\x00\t\x00<\x00A\x00t\x00t\x00r\x00i\x00b\x00u\x00t\x00e\x00>\x00C\x00l\x00a\x00s\x00s\x00_\x00d\x00e\x00u\x00t\x00s\x00c\x00h\x00<\x00/\x00A\x00t\x00t\x00r\x00i\x00b\x00u\x00t\x00e\x00>\x00\n\x00\t\x00\t\x00\t\x00<\x00D\x00i\x00r\x00e\x00c\x00t\x00i\x00o\x00n\x00>\x000\x00<\x00/\x00D\x00i\x00r\x00e\x00c\x00t\x00i\x00o\x00n\x00>\x00\n\x00\t\x00\t\x00\t\x00<\x00I\x00n\x00f\x00o\x00>\x002\x00<\x00/\x00I\x00n\x00f\x00o\x00>\x00\n\x00\t\x00\t\x00\t\x00<\x00O\x00r\x00d\x00e\x00r\x00>\x002\x00<\x00/\x00O\x00r\x00d\x00e\x00r\x00>\x00\n\x00\t\x00\t\x00<\x00/\x00S\x00t\x00r\x00u\x00c\x00t\x00u\x00r\x00e\x00>\x00\n\x00\t\x00\t\x00<\x00U\x00s\x00e\x00d\x00N\x00a\x00m\x00e\x00>\x00\n\x00\t\x00\t\x00\t\x00<\x00C\x00o\x00m\x00p\x00o\x00n\x00e\x00n\x00t\x00s\x00>\x00_\x00#\x00_\x00C\x00O\x00M\x00P\x00O\x00N\x00E\x00N\x00T\x00N\x00A\x00M\x00E\x00_\x00#\x00_\x00<\x00/\x00C\x00o\x00m\x00p\x00o\x00n\x00e\x00n\x00t\x00s\x00>\x00\n\x00\t\x00\t\x00\t\x00<\x00I\x00C\x00o\x00m\x00p\x00o\x00n\x00e\x00n\x00t\x00>\x00D\x00e\x00s\x00c\x00r\x00i\x00p\x00t\x00i\x00o\x00n\x00_\x00d\x00e\x00u\x00t\x00s\x00c\x00h\x00<\x00/\x00I\x00C\x00o\x00m\x00p\x00o\x00n\x00e\x00n\x00t\x00>\x00\n\x00\t\x00\t\x00<\x00/\x00U\x00s\x00e\x00d\x00N\x00a\x00m\x00e\x00>\x00\n\x00\t\x00\t\x00<\x00U\x00s\x00e\x00d\x00N\x00a\x00m\x00e\x00>\x00\n\x00\t\x00\t\x00\t\x00<\x00W\x00i\x00r\x00e\x00s\x00>\x00_\x00#\x00_\x00W\x00I\x00R\x00E\x00N\x00A\x00M\x00E\x00_\x00#\x00_\x00<\x00/\x00W\x00i\x00r\x00e\x00s\x00>\x00\n\x00\t\x00\t\x00\t\x00<\x00I\x00W\x00i\x00r\x00e\x00>\x00D\x00i\x00a\x00m\x00e\x00t\x00e\x00r\x00<\x00/\x00I\x00W\x00i\x00r\x00e\x00>\x00\n\x00\t\x00\t\x00<\x00/\x00U\x00s\x00e\x00d\x00N\x00a\x00m\x00e\x00>\x00\n\x00\t\x00\t\x00<\x00U\x00s\x00e\x00d\x00N\x00a\x00m\x00e\x00>\x00\n\x00\t\x00\t\x00\t\x00<\x00S\x00y\x00m\x00b\x00o\x00l\x00s\x00>\x00_\x00#\x00_\x00S\x00Y\x00M\x00B\x00O\x00L\x00N\x00A\x00M\x00E\x00_\x00#\x00_\x00<\x00/\x00S\x00y\x00m\x00b\x00o\x00l\x00s\x00>\x00\n\x00\t\x00\t\x00\t\x00<\x00I\x00S\x00y\x00m\x00b\x00o\x00l\x00>\x00D\x00e\x00s\x00c\x00r\x00i\x00p\x00t\x00i\x00o\x00n\x00_\x00d\x00e\x00u\x00t\x00s\x00c\x00h\x00<\x00/\x00I\x00S\x00y\x00m\x00b\x00o\x00l\x00>\x00\n\x00\t\x00\t\x00<\x00/\x00U\x00s\x00e\x00d\x00N\x00a\x00m\x00e\x00>\x00\n\x00\t\x00\t\x00<\x00U\x00s\x00e\x00d\x00N\x00a\x00m\x00e\x00>\x00\n\x00\t\x00\t\x00\t\x00<\x00M\x00o\x00d\x00e\x00l\x00s\x00>\x00_\x00#\x00_\x00M\x00O\x00D\x00E\x00L\x00N\x00A\x00M\x00E\x00_\x00#\x00_\x00<\x00/\x00M\x00o\x00d\x00e\x00l\x00s\x00>\x00\n\x00\t\x00\t\x00\t\x00<\x00I\x00M\x00o\x00d\x00e\x00l\x00>\x00D\x00e\x00s\x00c\x00r\x00i\x00p\x00t\x00i\x00o\x00n\x00<\x00/\x00I\x00M\x00o\x00d\x00e\x00l\x00>\x00\n\x00\t\x00\t\x00<\x00/\x00U\x00s\x00e\x00d\x00N\x00a\x00m\x00e\x00>\x00\n\x00\t\x00\t\x00<\x00U\x00s\x00e\x00d\x00N\x00a\x00m\x00e\x00>\x00\n\x00\t\x00\t\x00\t\x00<\x00I\x00C\x00o\x00r\x00e\x00>\x00_\x00#\x00_\x00N\x00O\x00E\x00N\x00T\x00R\x00Y\x00_\x00#\x00_\x00<\x00/\x00I\x00C\x00o\x00r\x00e\x00>\x00\n\x00\t\x00\t\x00<\x00/\x00U\x00s\x00e\x00d\x00N\x00a\x00m\x00e\x00>\x00\n\x00\t\x00<\x00/\x00D\x00a\x00t\x00a\x00>\x00\n\x00<\x00/\x00R\x00o\x00o\x00t\x00>\x00\n\x00\x00\x00',1,False
Schematyp+Klasse Deutsch Symbolname-Norm,b'<\x00R\x00o\x00o\x00t\x00>\x00\n\x00\t\x00<\x00D\x00a\x00t\x00a\x00>\x00\n\x00\t\x00\t\x00<\x00S\x00t\x00r\x00u\x00c\x00t\x00u\x00r\x00e\x00>\x00\n\x00\t\x00\t\x00\t\x00<\x00A\x00t\x00t\x00r\x00i\x00b\x00u\x00t\x00e\x00>\x00.\x00S\x00C\x00H\x00E\x00M\x00A\x00T\x00I\x00C\x00_\x00T\x00Y\x00P\x00E\x00<\x00/\x00A\x00t\x00t\x00r\x00i\x00b\x00u\x00t\x00e\x00>\x00\n\x00\t\x00\t\x00\t\x00<\x00D\x00i\x00r\x00e\x00c\x00t\x00i\x00o\x00n\x00>\x000\x00<\x00/\x00D\x00i\x00r\x00e\x00c\x00t\x00i\x00o\x00n\x00>\x00\n\x00\t\x00\t\x00\t\x00<\x00I\x00n\x00f\x00o\x00>\x002\x00<\x00/\x00I\x00n\x00f\x00o\x00>\x00\n\x00\t\x00\t\x00\t\x00<\x00O\x00r\x00d\x00e\x00r\x00>\x001\x00<\x00/\x00O\x00r\x00d\x00e\x00r\x00>\x00\n\x00\t\x00\t\x00<\x00/\x00S\x00t\x00r\x00u\x00c\x00t\x00u\x00r\x00e\x00>\x00\n\x00\t\x00\t\x00<\x00S\x00t\x00r\x00u\x00c\x00t\x00u\x00r\x00e\x00>\x00\n\x00\t\x00\t\x00\t\x00<\x00A\x00t\x00t\x00r\x00i\x00b\x00u\x00t\x00e\x00>\x00C\x00l\x00a\x00s\x00s\x00_\x00d\x00e\x00u\x00t\x00s\x00c\x00h\x00<\x00/\x00A\x00t\x00t\x00r\x00i\x00b\x00u\x00t\x00e\x00>\x00\n\x00\t\x00\t\x00\t\x00<\x00D\x00i\x00r\x00e\x00c\x00t\x00i\x00o\x00n\x00>\x000\x00<\x00/\x00D\x00i\x00r\x00e\x00c\x00t\x00i\x00o\x00n\x00>\x00\n\x00\t\x00\t\x00\t\x00<\x00I\x00n\x00f\x00o\x00>\x002\x00<\x00/\x00I\x00n\x00f\x00o\x00>\x00\n\x00\t\x00\t\x00\t\x00<\x00O\x00r\x00d\x00e\x00r\x00>\x002\x00<\x00/\x00O\x00r\x00d\x00e\x00r\x00>\x00\n\x00\t\x00\t\x00<\x00/\x00S\x00t\x00r\x00u\x00c\x00t\x00u\x00r\x00e\x00>\x00\n\x00\t\x00\t\x00<\x00U\x00s\x00e\x00d\x00N\x00a\x00m\x00e\x00>\x00\n\x00\t\x00\t\x00\t\x00<\x00C\x00o\x00m\x00p\x00o\x00n\x00e\x00n\x00t\x00s\x00>\x00_\x00#\x00_\x00C\x00O\x00M\x00P\x00O\x00N\x00E\x00N\x00T\x00N\x00A\x00M\x00E\x00_\x00#\x00_\x00<\x00/\x00C\x00o\x00m\x00p\x00o\x00n\x00e\x00n\x00t\x00s\x00>\x00\n\x00\t\x00\t\x00\t\x00<\x00I\x00C\x00o\x00m\x00p\x00o\x00n\x00e\x00n\x00t\x00>\x00D\x00e\x00s\x00c\x00r\x00i\x00p\x00t\x00i\x00o\x00n\x00_\x00d\x00e\x00u\x00t\x00s\x00c\x00h\x00<\x00/\x00I\x00C\x00o\x00m\x00p\x00o\x00n\x00e\x00n\x00t\x00>\x00\n\x00\t\x00\t\x00<\x00/\x00U\x00s\x00e\x00d\x00N\x00a\x00m\x00e\x00>\x00\n\x00\t\x00\t\x00<\x00U\x00s\x00e\x00d\x00N\x00a\x00m\x00e\x00>\x00\n\x00\t\x00\t\x00\t\x00<\x00W\x00i\x00r\x00e\x00s\x00>\x00_\x00#\x00_\x00W\x00I\x00R\x00E\x00N\x00A\x00M\x00E\x00_\x00#\x00_\x00<\x00/\x00W\x00i\x00r\x00e\x00s\x00>\x00\n\x00\t\x00\t\x00\t\x00<\x00I\x00W\x00i\x00r\x00e\x00>\x00D\x00i\x00a\x00m\x00e\x00t\x00e\x00r\x00<\x00/\x00I\x00W\x00i\x00r\x00e\x00>\x00\n\x00\t\x00\t\x00<\x00/\x00U\x00s\x00e\x00d\x00N\x00a\x00m\x00e\x00>\x00\n\x00\t\x00\t\x00<\x00U\x00s\x00e\x00d\x00N\x00a\x00m\x00e\x00>\x00\n\x00\t\x00\t\x00\t\x00<\x00S\x00y\x00m\x00b\x00o\x00l\x00s\x00>\x00S\x00t\x00a\x00n\x00d\x00a\x00r\x00d\x00<\x00/\x00S\x00y\x00m\x00b\x00o\x00l\x00s\x00>\x00\n\x00\t\x00\t\x00\t\x00<\x00I\x00S\x00y\x00m\x00b\x00o\x00l\x00>\x00D\x00e\x00s\x00c\x00r\x00i\x00p\x00t\x00i\x00o\x00n\x00_\x00d\x00e\x00u\x00t\x00s\x00c\x00h\x00<\x00/\x00I\x00S\x00y\x00m\x00b\x00o\x00l\x00>\x00\n\x00\t\x00\t\x00<\x00/\x00U\x00s\x00e\x00d\x00N\x00a\x00m\x00e\x00>\x00\n\x00\t\x00\t\x00<\x00U\x00s\x00e\x00d\x00N\x00a\x00m\x00e\x00>\x00\n\x00\t\x00\t\x00\t\x00<\x00M\x00o\x00d\x00e\x00l\x00s\x00>\x00_\x00#\x00_\x00M\x00O\x00D\x00E\x00L\x00N\x00A\x00M\x00E\x00_\x00#\x00_\x00<\x00/\x00M\x00o\x00d\x00e\x00l\x00s\x00>\x00\n\x00\t\x00\t\x00\t\x00<\x00I\x00M\x00o\x00d\x00e\x00l\x00>\x00D\x00e\x00s\x00c\x00r\x00i\x00p\x00t\x00i\x00o\x00n\x00<\x00/\x00I\x00M\x00o\x00d\x00e\x00l\x00>\x00\n\x00\t\x00\t\x00<\x00/\x00U\x00s\x00e\x00d\x00N\x00a\x00m\x00e\x00>\x00\n\x00\t\x00\t\x00<\x00U\x00s\x00e\x00d\x00N\x00a\x00m\x00e\x00>\x00\n\x00\t\x00\t\x00\t\x00<\x00I\x00C\x00o\x00r\x00e\x00>\x00_\x00#\x00_\x00N\x00O\x00E\x00N\x00T\x00R\x00Y\x00_\x00#\x00_\x00<\x00/\x00I\x00C\x00o\x00r\x00e\x00>\x00\n\x00\t\x00\t\x00<\x00/\x00U\x00s\x00e\x00d\x00N\x00a\x00m\x00e\x00>\x00\n\x00\t\x00<\x00/\x00D\x00a\x00t\x00a\x00>\x00\n\x00<\x00/\x00R\x00o\x00o\x00t\x00>\x00\n\x00\x00\x00',1,False
Şematiktipi+Klas türkçe,b'<\x00R\x00o\x00o\x00t\x00>\x00\n\x00\t\x00<\x00D\x00a\x00t\x00a\x00>\x00\n\x00\t\x00\t\x00<\x00S\x00t\x00r\x00u\x00c\x00t\x00u\x00r\x00e\x00>\x00\n\x00\t\x00\t\x00\t\x00<\x00A\x00t\x00t\x00r\x00i\x00b\x00u\x00t\x00e\x00>\x00.\x00S\x00C\x00H\x00E\x00M\x00A\x00T\x00I\x00C\x00_\x00T\x00Y\x00P\x00E\x00<\x00/\x00A\x00t\x00t\x00r\x00i\x00b\x00u\x00t\x00e\x00>\x00\n\x00\t\x00\t\x00\t\x00<\x00D\x00i\x00r\x00e\x00c\x00t\x00i\x00o\x00n\x00>\x000\x00<\x00/\x00D\x00i\x00r\x00e\x00c\x00t\x00i\x00o\x00n\x00>\x00\n\x00\t\x00\t\x00\t\x00<\x00I\x00n\x00f\x00o\x00>\x002\x00<\x00/\x00I\x00n\x00f\x00o\x00>\x00\n\x00\t\x00\t\x00\t\x00<\x00O\x00r\x00d\x00e\x00r\x00>\x001\x00<\x00/\x00O\x00r\x00d\x00e\x00r\x00>\x00\n\x00\t\x00\t\x00<\x00/\x00S\x00t\x00r\x00u\x00c\x00t\x00u\x00r\x00e\x00>\x00\n\x00\t\x00\t\x00<\x00S\x00t\x00r\x00u\x00c\x00t\x00u\x00r\x00e\x00>\x00\n\x00\t\x00\t\x00\t\x00<\x00A\x00t\x00t\x00r\x00i\x00b\x00u\x00t\x00e\x00>\x00C\x00l\x00a\x00s\x00s\x00_\x00t\x00u\x00r\x00k\x00c\x00e\x00<\x00/\x00A\x00t\x00t\x00r\x00i\x00b\x00u\x00t\x00e\x00>\x00\n\x00\t\x00\t\x00\t\x00<\x00D\x00i\x00r\x00e\x00c\x00t\x00i\x00o\x00n\x00>\x000\x00<\x00/\x00D\x00i\x00r\x00e\x00c\x00t\x00i\x00o\x00n\x00>\x00\n\x00\t\x00\t\x00\t\x00<\x00I\x00n\x00f\x00o\x00>\x002\x00<\x00/\x00I\x00n\x00f\x00o\x00>\x00\n\x00\t\x00\t\x00\t\x00<\x00O\x00r\x00d\x00e\x00r\x00>\x002\x00<\x00/\x00O\x00r\x00d\x00e\x00r\x00>\x00\n\x00\t\x00\t\x00<\x00/\x00S\x00t\x00r\x00u\x00c\x00t\x00u\x00r\x00e\x00>\x00\n\x00\t\x00\t\x00<\x00U\x00s\x00e\x00d\x00N\x00a\x00m\x00e\x00>\x00\n\x00\t\x00\t\x00\t\x00<\x00C\x00o\x00m\x00p\x00o\x00n\x00e\x00n\x00t\x00s\x00>\x00_\x00#\x00_\x00C\x00O\x00M\x00P\x00O\x00N\x00E\x00N\x00T\x00N\x00A\x00M\x00E\x00_\x00#\x00_\x00<\x00/\x00C\x00o\x00m\x00p\x00o\x00n\x00e\x00n\x00t\x00s\x00>\x00\n\x00\t\x00\t\x00\t\x00<\x00I\x00C\x00o\x00m\x00p\x00o\x00n\x00e\x00n\x00t\x00>\x00D\x00e\x00s\x00c\x00r\x00i\x00p\x00t\x00i\x00o\x00n\x00_\x00e\x00n\x00g\x00l\x00i\x00s\x00h\x00<\x00/\x00I\x00C\x00o\x00m\x00p\x00o\x00n\x00e\x00n\x00t\x00>\x00\n\x00\t\x00\t\x00<\x00/\x00U\x00s\x00e\x00d\x00N\x00a\x00m\x00e\x00>\x00\n\x00\t\x00\t\x00<\x00U\x00s\x00e\x00d\x00N\x00a\x00m\x00e\x00>\x00\n\x00\t\x00\t\x00\t\x00<\x00W\x00i\x00r\x00e\x00s\x00>\x00_\x00#\x00_\x00W\x00I\x00R\x00E\x00N\x00A\x00M\x00E\x00_\x00#\x00_\x00<\x00/\x00W\x00i\x00r\x00e\x00s\x00>\x00\n\x00\t\x00\t\x00\t\x00<\x00I\x00W\x00i\x00r\x00e\x00>\x00D\x00i\x00a\x00m\x00e\x00t\x00e\x00r\x00<\x00/\x00I\x00W\x00i\x00r\x00e\x00>\x00\n\x00\t\x00\t\x00<\x00/\x00U\x00s\x00e\x00d\x00N\x00a\x00m\x00e\x00>\x00\n\x00\t\x00\t\x00<\x00U\x00s\x00e\x00d\x00N\x00a\x00m\x00e\x00>\x00\n\x00\t\x00\t\x00\t\x00<\x00S\x00y\x00m\x00b\x00o\x00l\x00s\x00>\x00_\x00#\x00_\x00S\x00Y\x00M\x00B\x00O\x00L\x00N\x00A\x00M\x00E\x00_\x00#\x00_\x00<\x00/\x00S\x00y\x00m\x00b\x00o\x00l\x00s\x00>\x00\n\x00\t\x00\t\x00\t\x00<\x00I\x00S\x00y\x00m\x00b\x00o\x00l\x00>\x00D\x00e\x00s\x00c\x00r\x00i\x00p\x00t\x00i\x00o\x00n\x00_\x00e\x00n\x00g\x00l\x00i\x00s\x00h\x00<\x00/\x00I\x00S\x00y\x00m\x00b\x00o\x00l\x00>\x00\n\x00\t\x00\t\x00<\x00/\x00U\x00s\x00e\x00d\x00N\x00a\x00m\x00e\x00>\x00\n\x00\t\x00\t\x00<\x00U\x00s\x00e\x00d\x00N\x00a\x00m\x00e\x00>\x00\n\x00\t\x00\t\x00\t\x00<\x00M\x00o\x00d\x00e\x00l\x00s\x00>\x00_\x00#\x00_\x00M\x00O\x00D\x00E\x00L\x00N\x00A\x00M\x00E\x00_\x00#\x00_\x00<\x00/\x00M\x00o\x00d\x00e\x00l\x00s\x00>\x00\n\x00\t\x00\t\x00\t\x00<\x00I\x00M\x00o\x00d\x00e\x00l\x00>\x00D\x00e\x00s\x00c\x00r\x00i\x00p\x00t\x00i\x00o\x00n\x00<\x00/\x00I\x00M\x00o\x00d\x00e\x00l\x00>\x00\n\x00\t\x00\t\x00<\x00/\x00U\x00s\x00e\x00d\x00N\x00a\x00m\x00e\x00>\x00\n\x00\t\x00\t\x00<\x00U\x00s\x00e\x00d\x00N\x00a\x00m\x00e\x00>\x00\n\x00\t\x00\t\x00\t\x00<\x00I\x00C\x00o\x00r\x00e\x00>\x00_\x00#\x00_\x00N\x00O\x00E\x00N\x00T\x00R\x00Y\x00_\x00#\x00_\x00<\x00/\x00I\x00C\x00o\x00r\x00e\x00>\x00\n\x00\t\x00\t\x00<\x00/\x00U\x00s\x00e\x00d\x00N\x00a\x00m\x00e\x00>\x00\n\x00\t\x00<\x00/\x00D\x00a\x00t\x00a\x00>\x00\n\x00<\x00/\x00R\x00o\x00o\x00t\x00>\x00\n\x00\x00\x00',1,False
Класс (русский),b'<\x00R\x00o\x00o\x00t\x00>\x00\n\x00\t\x00<\x00D\x00a\x00t\x00a\x00>\x00\n\x00\t\x00\t\x00<\x00S\x00t\x00r\x00u\x00c\x00t\x00u\x00r\x00e\x00>\x00\n\x00\t\x00\t\x00\t\x00<\x00A\x00t\x00t\x00r\x00i\x00b\x00u\x00t\x00e\x00>\x00C\x00l\x00a\x00s\x00s\x00_\x00r\x00u\x00s\x00s\x00i\x00a\x00n\x00<\x00/\x00A\x00t\x00t\x00r\x00i\x00b\x00u\x00t\x00e\x00>\x00\n\x00\t\x00\t\x00\t\x00<\x00D\x00i\x00r\x00e\x00c\x00t\x00i\x00o\x00n\x00>\x000\x00<\x00/\x00D\x00i\x00r\x00e\x00c\x00t\x00i\x00o\x00n\x00>\x00\n\x00\t\x00\t\x00\t\x00<\x00I\x00n\x00f\x00o\x00>\x002\x00<\x00/\x00I\x00n\x00f\x00o\x00>\x00\n\x00\t\x00\t\x00\t\x00<\x00O\x00r\x00d\x00e\x00r\x00>\x001\x00<\x00/\x00O\x00r\x00d\x00e\x00r\x00>\x00\n\x00\t\x00\t\x00<\x00/\x00S\x00t\x00r\x00u\x00c\x00t\x00u\x00r\x00e\x00>\x00\n\x00\t\x00\t\x00<\x00U\x00s\x00e\x00d\x00N\x00a\x00m\x00e\x00>\x00\n\x00\t\x00\t\x00\t\x00<\x00C\x00o\x00m\x00p\x00o\x00n\x00e\x00n\x00t\x00s\x00>\x00_\x00#\x00_\x00C\x00O\x00M\x00P\x00O\x00N\x00E\x00N\x00T\x00N\x00A\x00M\x00E\x00_\x00#\x00_\x00<\x00/\x00C\x00o\x00m\x00p\x00o\x00n\x00e\x00n\x00t\x00s\x00>\x00\n\x00\t\x00\t\x00\t\x00<\x00I\x00C\x00o\x00m\x00p\x00o\x00n\x00e\x00n\x00t\x00>\x00D\x00e\x00s\x00c\x00r\x00i\x00p\x00t\x00i\x00o\x00n\x00_\x00r\x00u\x00s\x00s\x00i\x00a\x00n\x00<\x00/\x00I\x00C\x00o\x00m\x00p\x00o\x00n\x00e\x00n\x00t\x00>\x00\n\x00\t\x00\t\x00<\x00/\x00U\x00s\x00e\x00d\x00N\x00a\x00m\x00e\x00>\x00\n\x00\t\x00\t\x00<\x00U\x00s\x00e\x00d\x00N\x00a\x00m\x00e\x00>\x00\n\x00\t\x00\t\x00\t\x00<\x00W\x00i\x00r\x00e\x00s\x00>\x00_\x00#\x00_\x00W\x00I\x00R\x00E\x00N\x00A\x00M\x00E\x00_\x00#\x00_\x00<\x00/\x00W\x00i\x00r\x00e\x00s\x00>\x00\n\x00\t\x00\t\x00\t\x00<\x00I\x00W\x00i\x00r\x00e\x00>\x00_\x00#\x00_\x00C\x00O\x00R\x00E\x00C\x00R\x00O\x00S\x00S\x00_\x00#\x00_\x00<\x00/\x00I\x00W\x00i\x00r\x00e\x00>\x00\n\x00\t\x00\t\x00<\x00/\x00U\x00s\x00e\x00d\x00N\x00a\x00m\x00e\x00>\x00\n\x00\t\x00\t\x00<\x00U\x00s\x00e\x00d\x00N\x00a\x00m\x00e\x00>\x00\n\x00\t\x00\t\x00\t\x00<\x00S\x00y\x00m\x00b\x00o\x00l\x00s\x00>\x00_\x00#\x00_\x00S\x00Y\x00M\x00B\x00O\x00L\x00N\x00A\x00M\x00E\x00_\x00#\x00_\x00<\x00/\x00S\x00y\x00m\x00b\x00o\x00l\x00s\x00>\x00\n\x00\t\x00\t\x00\t\x00<\x00I\x00S\x00y\x00m\x00b\x00o\x00l\x00>\x00D\x00e\x00s\x00c\x00r\x00i\x00p\x00t\x00i\x00o\x00n\x00_\x00r\x00u\x00s\x00s\x00i\x00a\x00n\x00<\x00/\x00I\x00S\x00y\x00m\x00b\x00o\x00l\x00>\x00\n\x00\t\x00\t\x00<\x00/\x00U\x00s\x00e\x00d\x00N\x00a\x00m\x00e\x00>\x00\n\x00\t\x00\t\x00<\x00U\x00s\x00e\x00d\x00N\x00a\x00m\x00e\x00>\x00\n\x00\t\x00\t\x00\t\x00<\x00M\x00o\x00d\x00e\x00l\x00s\x00>\x00_\x00#\x00_\x00M\x00O\x00D\x00E\x00L\x00N\x00A\x00M\x00E\x00_\x00#\x00_\x00<\x00/\x00M\x00o\x00d\x00e\x00l\x00s\x00>\x00\n\x00\t\x00\t\x00\t\x00<\x00I\x00M\x00o\x00d\x00e\x00l\x00>\x00D\x00e\x00s\x00c\x00r\x00i\x00p\x00t\x00i\x00o\x00n\x00<\x00/\x00I\x00M\x00o\x00d\x00e\x00l\x00>\x00\n\x00\t\x00\t\x00<\x00/\x00U\x00s\x00e\x00d\x00N\x00a\x00m\x00e\x00>\x00\n\x00\t\x00\t\x00<\x00U\x00s\x00e\x00d\x00N\x00a\x00m\x00e\x00>\x00\n\x00\t\x00\t\x00\t\x00<\x00I\x00C\x00o\x00r\x00e\x00>\x00_\x00#\x00_\x00C\x00O\x00R\x00E\x00C\x00R\x00O\x00S\x00S\x00_\x00#\x00_\x00<\x00/\x00I\x00C\x00o\x00r\x00e\x00>\x00\n\x00\t\x00\t\x00<\x00/\x00U\x00s\x00e\x00d\x00N\x00a\x00m\x00e\x00>\x00\n\x00\t\x00<\x00/\x00D\x00a\x00t\x00a\x00>\x00\n\x00<\x00/\x00R\x00o\x00o\x00t\x00>\x00\n\x00\x00\x00',0,False
Класс (русский),b'<\x00R\x00o\x00o\x00t\x00>\x00\n\x00\t\x00<\x00D\x00a\x00t\x00a\x00>\x00\n\x00\t\x00\t\x00<\x00S\x00t\x00r\x00u\x00c\x00t\x00u\x00r\x00e\x00>\x00\n\x00\t\x00\t\x00\t\x00<\x00A\x00t\x00t\x00r\x00i\x00b\x00u\x00t\x00e\x00>\x00C\x00l\x00a\x00s\x00s\x00_\x00r\x00u\x00s\x00s\x00i\x00a\x00n\x00<\x00/\x00A\x00t\x00t\x00r\x00i\x00b\x00u\x00t\x00e\x00>\x00\n\x00\t\x00\t\x00\t\x00<\x00D\x00i\x00r\x00e\x00c\x00t\x00i\x00o\x00n\x00>\x000\x00<\x00/\x00D\x00i\x00r\x00e\x00c\x00t\x00i\x00o\x00n\x00>\x00\n\x00\t\x00\t\x00\t\x00<\x00I\x00n\x00f\x00o\x00>\x002\x00<\x00/\x00I\x00n\x00f\x00o\x00>\x00\n\x00\t\x00\t\x00\t\x00<\x00O\x00r\x00d\x00e\x00r\x00>\x001\x00<\x00/\x00O\x00r\x00d\x00e\x00r\x00>\x00\n\x00\t\x00\t\x00<\x00/\x00S\x00t\x00r\x00u\x00c\x00t\x00u\x00r\x00e\x00>\x00\n\x00\t\x00\t\x00<\x00U\x00s\x00e\x00d\x00N\x00a\x00m\x00e\x00>\x00\n\x00\t\x00\t\x00\t\x00<\x00C\x00o\x00m\x00p\x00o\x00n\x00e\x00n\x00t\x00s\x00>\x00_\x00#\x00_\x00C\x00O\x00M\x00P\x00O\x00N\x00E\x00N\x00T\x00N\x00A\x00M\x00E\x00_\x00#\x00_\x00<\x00/\x00C\x00o\x00m\x00p\x00o\x00n\x00e\x00n\x00t\x00s\x00>\x00\n\x00\t\x00\t\x00\t\x00<\x00I\x00C\x00o\x00m\x00p\x00o\x00n\x00e\x00n\x00t\x00>\x00D\x00e\x00s\x00c\x00r\x00i\x00p\x00t\x00i\x00o\x00n\x00_\x00d\x00e\x00u\x00t\x00s\x00c\x00h\x00<\x00/\x00I\x00C\x00o\x00m\x00p\x00o\x00n\x00e\x00n\x00t\x00>\x00\n\x00\t\x00\t\x00<\x00/\x00U\x00s\x00e\x00d\x00N\x00a\x00m\x00e\x00>\x00\n\x00\t\x00\t\x00<\x00U\x00s\x00e\x00d\x00N\x00a\x00m\x00e\x00>\x00\n\x00\t\x00\t\x00\t\x00<\x00W\x00i\x00r\x00e\x00s\x00>\x00_\x00#\x00_\x00W\x00I\x00R\x00E\x00N\x00A\x00M\x00E\x00_\x00#\x00_\x00<\x00/\x00W\x00i\x00r\x00e\x00s\x00>\x00\n\x00\t\x00\t\x00\t\x00<\x00I\x00W\x00i\x00r\x00e\x00>\x00D\x00i\x00a\x00m\x00e\x00t\x00e\x00r\x00<\x00/\x00I\x00W\x00i\x00r\x00e\x00>\x00\n\x00\t\x00\t\x00<\x00/\x00U\x00s\x00e\x00d\x00N\x00a\x00m\x00e\x00>\x00\n\x00\t\x00\t\x00<\x00U\x00s\x00e\x00d\x00N\x00a\x00m\x00e\x00>\x00\n\x00\t\x00\t\x00\t\x00<\x00S\x00y\x00m\x00b\x00o\x00l\x00s\x00>\x00_\x00#\x00_\x00S\x00Y\x00M\x00B\x00O\x00L\x00N\x00A\x00M\x00E\x00_\x00#\x00_\x00<\x00/\x00S\x00y\x00m\x00b\x00o\x00l\x00s\x00>\x00\n\x00\t\x00\t\x00\t\x00<\x00I\x00S\x00y\x00m\x00b\x00o\x00l\x00>\x00D\x00e\x00s\x00c\x00r\x00i\x00p\x00t\x00i\x00o\x00n\x00_\x00r\x00u\x00s\x00s\x00i\x00a\x00n\x00<\x00/\x00I\x00S\x00y\x00m\x00b\x00o\x00l\x00>\x00\n\x00\t\x00\t\x00<\x00/\x00U\x00s\x00e\x00d\x00N\x00a\x00m\x00e\x00>\x00\n\x00\t\x00\t\x00<\x00U\x00s\x00e\x00d\x00N\x00a\x00m\x00e\x00>\x00\n\x00\t\x00\t\x00\t\x00<\x00M\x00o\x00d\x00e\x00l\x00s\x00>\x00_\x00#\x00_\x00M\x00O\x00D\x00E\x00L\x00N\x00A\x00M\x00E\x00_\x00#\x00_\x00<\x00/\x00M\x00o\x00d\x00e\x00l\x00s\x00>\x00\n\x00\t\x00\t\x00\t\x00<\x00I\x00M\x00o\x00d\x00e\x00l\x00>\x00D\x00e\x00s\x00c\x00r\x00i\x00p\x00t\x00i\x00o\x00n\x00<\x00/\x00I\x00M\x00o\x00d\x00e\x00l\x00>\x00\n\x00\t\x00\t\x00<\x00/\x00U\x00s\x00e\x00d\x00N\x00a\x00m\x00e\x00>\x00\n\x00\t\x00<\x00/\x00D\x00a\x00t\x00a\x00>\x00\n\x00<\x00/\x00R\x00o\x00o\x00t\x00>\x00\n\x00\x00\x00',1,False
Klasa polski,b'<\x00R\x00o\x00o\x00t\x00>\x00\n\x00\t\x00<\x00D\x00a\x00t\x00a\x00>\x00\n\x00\t\x00\t\x00<\x00S\x00t\x00r\x00u\x00c\x00t\x00u\x00r\x00e\x00>\x00\n\x00\t\x00\t\x00\t\x00<\x00A\x00t\x00t\x00r\x00i\x00b\x00u\x00t\x00e\x00>\x00C\x00l\x00a\x00s\x00s\x00_\x00p\x00o\x00l\x00i\x00s\x00h\x00<\x00/\x00A\x00t\x00t\x00r\x00i\x00b\x00u\x00t\x00e\x00>\x00\n\x00\t\x00\t\x00\t\x00<\x00D\x00i\x00r\x00e\x00c\x00t\x00i\x00o\x00n\x00>\x000\x00<\x00/\x00D\x00i\x00r\x00e\x00c\x00t\x00i\x00o\x00n\x00>\x00\n\x00\t\x00\t\x00\t\x00<\x00I\x00n\x00f\x00o\x00>\x002\x00<\x00/\x00I\x00n\x00f\x00o\x00>\x00\n\x00\t\x00\t\x00\t\x00<\x00O\x00r\x00d\x00e\x00r\x00>\x001\x00<\x00/\x00O\x00r\x00d\x00e\x00r\x00>\x00\n\x00\t\x00\t\x00<\x00/\x00S\x00t\x00r\x00u\x00c\x00t\x00u\x00r\x00e\x00>\x00\n\x00\t\x00\t\x00<\x00U\x00s\x00e\x00d\x00N\x00a\x00m\x00e\x00>\x00\n\x00\t\x00\t\x00\t\x00<\x00C\x00o\x00m\x00p\x00o\x00n\x00e\x00n\x00t\x00s\x00>\x00_\x00#\x00_\x00C\x00O\x00M\x00P\x00O\x00N\x00E\x00N\x00T\x00N\x00A\x00M\x00E\x00_\x00#\x00_\x00<\x00/\x00C\x00o\x00m\x00p\x00o\x00n\x00e\x00n\x00t\x00s\x00>\x00\n\x00\t\x00\t\x00\t\x00<\x00I\x00C\x00o\x00m\x00p\x00o\x00n\x00e\x00n\x00t\x00>\x00D\x00e\x00s\x00c\x00r\x00i\x00p\x00t\x00i\x00o\x00n\x00_\x00e\x00n\x00g\x00l\x00i\x00s\x00h\x00<\x00/\x00I\x00C\x00o\x00m\x00p\x00o\x00n\x00e\x00n\x00t\x00>\x00\n\x00\t\x00\t\x00<\x00/\x00U\x00s\x00e\x00d\x00N\x00a\x00m\x00e\x00>\x00\n\x00\t\x00\t\x00<\x00U\x00s\x00e\x00d\x00N\x00a\x00m\x00e\x00>\x00\n\x00\t\x00\t\x00\t\x00<\x00W\x00i\x00r\x00e\x00s\x00>\x00_\x00#\x00_\x00W\x00I\x00R\x00E\x00N\x00A\x00M\x00E\x00_\x00#\x00_\x00<\x00/\x00W\x00i\x00r\x00e\x00s\x00>\x00\n\x00\t\x00\t\x00\t\x00<\x00I\x00W\x00i\x00r\x00e\x00>\x00_\x00#\x00_\x00C\x00O\x00R\x00E\x00C\x00R\x00O\x00S\x00S\x00_\x00#\x00_\x00<\x00/\x00I\x00W\x00i\x00r\x00e\x00>\x00\n\x00\t\x00\t\x00<\x00/\x00U\x00s\x00e\x00d\x00N\x00a\x00m\x00e\x00>\x00\n\x00\t\x00\t\x00<\x00U\x00s\x00e\x00d\x00N\x00a\x00m\x00e\x00>\x00\n\x00\t\x00\t\x00\t\x00<\x00S\x00y\x00m\x00b\x00o\x00l\x00s\x00>\x00_\x00#\x00_\x00S\x00Y\x00M\x00B\x00O\x00L\x00N\x00A\x00M\x00E\x00_\x00#\x00_\x00<\x00/\x00S\x00y\x00m\x00b\x00o\x00l\x00s\x00>\x00\n\x00\t\x00\t\x00\t\x00<\x00I\x00S\x00y\x00m\x00b\x00o\x00l\x00>\x00D\x00e\x00s\x00c\x00r\x00i\x00p\x00t\x00i\x00o\x00n\x00_\x00e\x00n\x00g\x00l\x00i\x00s\x00h\x00<\x00/\x00I\x00S\x00y\x00m\x00b\x00o\x00l\x00>\x00\n\x00\t\x00\t\x00<\x00/\x00U\x00s\x00e\x00d\x00N\x00a\x00m\x00e\x00>\x00\n\x00\t\x00\t\x00<\x00U\x00s\x00e\x00d\x00N\x00a\x00m\x00e\x00>\x00\n\x00\t\x00\t\x00\t\x00<\x00M\x00o\x00d\x00e\x00l\x00s\x00>\x00_\x00#\x00_\x00M\x00O\x00D\x00E\x00L\x00N\x00A\x00M\x00E\x00_\x00#\x00_\x00<\x00/\x00M\x00o\x00d\x00e\x00l\x00s\x00>\x00\n\x00\t\x00\t\x00\t\x00<\x00I\x00M\x00o\x00d\x00e\x00l\x00>\x00D\x00e\x00s\x00c\x00r\x00i\x00p\x00t\x00i\x00o\x00n\x00<\x00/\x00I\x00M\x00o\x00d\x00e\x00l\x00>\x00\n\x00\t\x00\t\x00<\x00/\x00U\x00s\x00e\x00d\x00N\x00a\x00m\x00e\x00>\x00\n\x00\t\x00\t\x00<\x00U\x00s\x00e\x00d\x00N\x00a\x00m\x00e\x00>\x00\n\x00\t\x00\t\x00\t\x00<\x00I\x00C\x00o\x00r\x00e\x00>\x00_\x00#\x00_\x00C\x00O\x00R\x00E\x00C\x00R\x00O\x00S\x00S\x00_\x00#\x00_\x00<\x00/\x00I\x00C\x00o\x00r\x00e\x00>\x00\n\x00\t\x00\t\x00<\x00/\x00U\x00s\x00e\x00d\x00N\x00a\x00m\x00e\x00>\x00\n\x00\t\x00<\x00/\x00D\x00a\x00t\x00a\x00>\x00\n\x00<\x00/\x00R\x00o\x00o\x00t\x00>\x00\n\x00\x00\x00',0,False
Główna klasa+Klasa polski,b'<\x00R\x00o\x00o\x00t\x00>\x00\n\x00\t\x00<\x00D\x00a\x00t\x00a\x00>\x00\n\x00\t\x00\t\x00<\x00S\x00t\x00r\x00u\x00c\x00t\x00u\x00r\x00e\x00>\x00\n\x00\t\x00\t\x00\t\x00<\x00A\x00t\x00t\x00r\x00i\x00b\x00u\x00t\x00e\x00>\x00C\x00l\x00a\x00s\x00s\x00-\x00m\x00a\x00i\x00n\x00<\x00/\x00A\x00t\x00t\x00r\x00i\x00b\x00u\x00t\x00e\x00>\x00\n\x00\t\x00\t\x00\t\x00<\x00D\x00i\x00r\x00e\x00c\x00t\x00i\x00o\x00n\x00>\x000\x00<\x00/\x00D\x00i\x00r\x00e\x00c\x00t\x00i\x00o\x00n\x00>\x00\n\x00\t\x00\t\x00\t\x00<\x00I\x00n\x00f\x00o\x00>\x002\x00<\x00/\x00I\x00n\x00f\x00o\x00>\x00\n\x00\t\x00\t\x00\t\x00<\x00O\x00r\x00d\x00e\x00r\x00>\x001\x00<\x00/\x00O\x00r\x00d\x00e\x00r\x00>\x00\n\x00\t\x00\t\x00<\x00/\x00S\x00t\x00r\x00u\x00c\x00t\x00u\x00r\x00e\x00>\x00\n\x00\t\x00\t\x00<\x00S\x00t\x00r\x00u\x00c\x00t\x00u\x00r\x00e\x00>\x00\n\x00\t\x00\t\x00\t\x00<\x00A\x00t\x00t\x00r\x00i\x00b\x00u\x00t\x00e\x00>\x00C\x00l\x00a\x00s\x00s\x00_\x00p\x00o\x00l\x00i\x00s\x00h\x00<\x00/\x00A\x00t\x00t\x00r\x00i\x00b\x00u\x00t\x00e\x00>\x00\n\x00\t\x00\t\x00\t\x00<\x00D\x00i\x00r\x00e\x00c\x00t\x00i\x00o\x00n\x00>\x000\x00<\x00/\x00D\x00i\x00r\x00e\x00c\x00t\x00i\x00o\x00n\x00>\x00\n\x00\t\x00\t\x00\t\x00<\x00I\x00n\x00f\x00o\x00>\x002\x00<\x00/\x00I\x00n\x00f\x00o\x00>\x00\n\x00\t\x00\t\x00\t\x00<\x00O\x00r\x00d\x00e\x00r\x00>\x002\x00<\x00/\x00O\x00r\x00d\x00e\x00r\x00>\x00\n\x00\t\x00\t\x00<\x00/\x00S\x00t\x00r\x00u\x00c\x00t\x00u\x00r\x00e\x00>\x00\n\x00\t\x00\t\x00<\x00U\x00s\x00e\x00d\x00N\x00a\x00m\x00e\x00>\x00\n\x00\t\x00\t\x00\t\x00<\x00C\x00o\x00m\x00p\x00o\x00n\x00e\x00n\x00t\x00s\x00>\x00_\x00#\x00_\x00C\x00O\x00M\x00P\x00O\x00N\x00E\x00N\x00T\x00N\x00A\x00M\x00E\x00_\x00#\x00_\x00<\x00/\x00C\x00o\x00m\x00p\x00o\x00n\x00e\x00n\x00t\x00s\x00>\x00\n\x00\t\x00\t\x00\t\x00<\x00I\x00C\x00o\x00m\x00p\x00o\x00n\x00e\x00n\x00t\x00>\x00D\x00e\x00s\x00c\x00r\x00i\x00p\x00t\x00i\x00o\x00n\x00_\x00e\x00n\x00g\x00l\x00i\x00s\x00h\x00<\x00/\x00I\x00C\x00o\x00m\x00p\x00o\x00n\x00e\x00n\x00t\x00>\x00\n\x00\t\x00\t\x00<\x00/\x00U\x00s\x00e\x00d\x00N\x00a\x00m\x00e\x00>\x00\n\x00\t\x00\t\x00<\x00U\x00s\x00e\x00d\x00N\x00a\x00m\x00e\x00>\x00\n\x00\t\x00\t\x00\t\x00<\x00W\x00i\x00r\x00e\x00s\x00>\x00_\x00#\x00_\x00W\x00I\x00R\x00E\x00N\x00A\x00M\x00E\x00_\x00#\x00_\x00<\x00/\x00W\x00i\x00r\x00e\x00s\x00>\x00\n\x00\t\x00\t\x00\t\x00<\x00I\x00W\x00i\x00r\x00e\x00>\x00_\x00#\x00_\x00C\x00O\x00R\x00E\x00C\x00R\x00O\x00S\x00S\x00_\x00#\x00_\x00<\x00/\x00I\x00W\x00i\x00r\x00e\x00>\x00\n\x00\t\x00\t\x00<\x00/\x00U\x00s\x00e\x00d\x00N\x00a\x00m\x00e\x00>\x00\n\x00\t\x00\t\x00<\x00U\x00s\x00e\x00d\x00N\x00a\x00m\x00e\x00>\x00\n\x00\t\x00\t\x00\t\x00<\x00S\x00y\x00m\x00b\x00o\x00l\x00s\x00>\x00_\x00#\x00_\x00S\x00Y\x00M\x00B\x00O\x00L\x00N\x00A\x00M\x00E\x00_\x00#\x00_\x00<\x00/\x00S\x00y\x00m\x00b\x00o\x00l\x00s\x00>\x00\n\x00\t\x00\t\x00\t\x00<\x00I\x00S\x00y\x00m\x00b\x00o\x00l\x00>\x00D\x00e\x00s\x00c\x00r\x00i\x00p\x00t\x00i\x00o\x00n\x00_\x00e\x00n\x00g\x00l\x00i\x00s\x00h\x00<\x00/\x00I\x00S\x00y\x00m\x00b\x00o\x00l\x00>\x00\n\x00\t\x00\t\x00<\x00/\x00U\x00s\x00e\x00d\x00N\x00a\x00m\x00e\x00>\x00\n\x00\t\x00\t\x00<\x00U\x00s\x00e\x00d\x00N\x00a\x00m\x00e\x00>\x00\n\x00\t\x00\t\x00\t\x00<\x00M\x00o\x00d\x00e\x00l\x00s\x00>\x00_\x00#\x00_\x00M\x00O\x00D\x00E\x00L\x00N\x00A\x00M\x00E\x00_\x00#\x00_\x00<\x00/\x00M\x00o\x00d\x00e\x00l\x00s\x00>\x00\n\x00\t\x00\t\x00\t\x00<\x00I\x00M\x00o\x00d\x00e\x00l\x00>\x00D\x00e\x00s\x00c\x00r\x00i\x00p\x00t\x00i\x00o\x00n\x00<\x00/\x00I\x00M\x00o\x00d\x00e\x00l\x00>\x00\n\x00\t\x00\t\x00<\x00/\x00U\x00s\x00e\x00d\x00N\x00a\x00m\x00e\x00>\x00\n\x00\t\x00\t\x00<\x00U\x00s\x00e\x00d\x00N\x00a\x00m\x00e\x00>\x00\n\x00\t\x00\t\x00\t\x00<\x00I\x00C\x00o\x00r\x00e\x00>\x00_\x00#\x00_\x00C\x00O\x00R\x00E\x00C\x00R\x00O\x00S\x00S\x00_\x00#\x00_\x00<\x00/\x00I\x00C\x00o\x00r\x00e\x00>\x00\n\x00\t\x00\t\x00<\x00/\x00U\x00s\x00e\x00d\x00N\x00a\x00m\x00e\x00>\x00\n\x00\t\x00<\x00/\x00D\x00a\x00t\x00a\x00>\x00\n\x00<\x00/\x00R\x00o\x00o\x00t\x00>\x00\n\x00\x00\x00',0,False
Schematictype+Klasa polski,b'<\x00R\x00o\x00o\x00t\x00>\x00\n\x00\t\x00<\x00D\x00a\x00t\x00a\x00>\x00\n\x00\t\x00\t\x00<\x00S\x00t\x00r\x00u\x00c\x00t\x00u\x00r\x00e\x00>\x00\n\x00\t\x00\t\x00\t\x00<\x00A\x00t\x00t\x00r\x00i\x00b\x00u\x00t\x00e\x00>\x00.\x00S\x00C\x00H\x00E\x00M\x00A\x00T\x00I\x00C\x00_\x00T\x00Y\x00P\x00E\x00<\x00/\x00A\x00t\x00t\x00r\x00i\x00b\x00u\x00t\x00e\x00>\x00\n\x00\t\x00\t\x00\t\x00<\x00D\x00i\x00r\x00e\x00c\x00t\x00i\x00o\x00n\x00>\x000\x00<\x00/\x00D\x00i\x00r\x00e\x00c\x00t\x00i\x00o\x00n\x00>\x00\n\x00\t\x00\t\x00\t\x00<\x00I\x00n\x00f\x00o\x00>\x002\x00<\x00/\x00I\x00n\x00f\x00o\x00>\x00\n\x00\t\x00\t\x00\t\x00<\x00O\x00r\x00d\x00e\x00r\x00>\x001\x00<\x00/\x00O\x00r\x00d\x00e\x00r\x00>\x00\n\x00\t\x00\t\x00<\x00/\x00S\x00t\x00r\x00u\x00c\x00t\x00u\x00r\x00e\x00>\x00\n\x00\t\x00\t\x00<\x00S\x00t\x00r\x00u\x00c\x00t\x00u\x00r\x00e\x00>\x00\n\x00\t\x00\t\x00\t\x00<\x00A\x00t\x00t\x00r\x00i\x00b\x00u\x00t\x00e\x00>\x00C\x00l\x00a\x00s\x00s\x00_\x00p\x00o\x00l\x00i\x00s\x00h\x00<\x00/\x00A\x00t\x00t\x00r\x00i\x00b\x00u\x00t\x00e\x00>\x00\n\x00\t\x00\t\x00\t\x00<\x00D\x00i\x00r\x00e\x00c\x00t\x00i\x00o\x00n\x00>\x000\x00<\x00/\x00D\x00i\x00r\x00e\x00c\x00t\x00i\x00o\x00n\x00>\x00\n\x00\t\x00\t\x00\t\x00<\x00I\x00n\x00f\x00o\x00>\x002\x00<\x00/\x00I\x00n\x00f\x00o\x00>\x00\n\x00\t\x00\t\x00\t\x00<\x00O\x00r\x00d\x00e\x00r\x00>\x002\x00<\x00/\x00O\x00r\x00d\x00e\x00r\x00>\x00\n\x00\t\x00\t\x00<\x00/\x00S\x00t\x00r\x00u\x00c\x00t\x00u\x00r\x00e\x00>\x00\n\x00\t\x00\t\x00<\x00U\x00s\x00e\x00d\x00N\x00a\x00m\x00e\x00>\x00\n\x00\t\x00\t\x00\t\x00<\x00C\x00o\x00m\x00p\x00o\x00n\x00e\x00n\x00t\x00s\x00>\x00_\x00#\x00_\x00C\x00O\x00M\x00P\x00O\x00N\x00E\x00N\x00T\x00N\x00A\x00M\x00E\x00_\x00#\x00_\x00<\x00/\x00C\x00o\x00m\x00p\x00o\x00n\x00e\x00n\x00t\x00s\x00>\x00\n\x00\t\x00\t\x00\t\x00<\x00I\x00C\x00o\x00m\x00p\x00o\x00n\x00e\x00n\x00t\x00>\x00D\x00e\x00s\x00c\x00r\x00i\x00p\x00t\x00i\x00o\x00n\x00_\x00e\x00n\x00g\x00l\x00i\x00s\x00h\x00<\x00/\x00I\x00C\x00o\x00m\x00p\x00o\x00n\x00e\x00n\x00t\x00>\x00\n\x00\t\x00\t\x00<\x00/\x00U\x00s\x00e\x00d\x00N\x00a\x00m\x00e\x00>\x00\n\x00\t\x00\t\x00<\x00U\x00s\x00e\x00d\x00N\x00a\x00m\x00e\x00>\x00\n\x00\t\x00\t\x00\t\x00<\x00W\x00i\x00r\x00e\x00s\x00>\x00_\x00#\x00_\x00W\x00I\x00R\x00E\x00N\x00A\x00M\x00E\x00_\x00#\x00_\x00<\x00/\x00W\x00i\x00r\x00e\x00s\x00>\x00\n\x00\t\x00\t\x00\t\x00<\x00I\x00W\x00i\x00r\x00e\x00>\x00D\x00i\x00a\x00m\x00e\x00t\x00e\x00r\x00<\x00/\x00I\x00W\x00i\x00r\x00e\x00>\x00\n\x00\t\x00\t\x00<\x00/\x00U\x00s\x00e\x00d\x00N\x00a\x00m\x00e\x00>\x00\n\x00\t\x00\t\x00<\x00U\x00s\x00e\x00d\x00N\x00a\x00m\x00e\x00>\x00\n\x00\t\x00\t\x00\t\x00<\x00S\x00y\x00m\x00b\x00o\x00l\x00s\x00>\x00_\x00#\x00_\x00S\x00Y\x00M\x00B\x00O\x00L\x00N\x00A\x00M\x00E\x00_\x00#\x00_\x00<\x00/\x00S\x00y\x00m\x00b\x00o\x00l\x00s\x00>\x00\n\x00\t\x00\t\x00\t\x00<\x00I\x00S\x00y\x00m\x00b\x00o\x00l\x00>\x00D\x00e\x00s\x00c\x00r\x00i\x00p\x00t\x00i\x00o\x00n\x00_\x00e\x00n\x00g\x00l\x00i\x00s\x00h\x00<\x00/\x00I\x00S\x00y\x00m\x00b\x00o\x00l\x00>\x00\n\x00\t\x00\t\x00<\x00/\x00U\x00s\x00e\x00d\x00N\x00a\x00m\x00e\x00>\x00\n\x00\t\x00\t\x00<\x00U\x00s\x00e\x00d\x00N\x00a\x00m\x00e\x00>\x00\n\x00\t\x00\t\x00\t\x00<\x00M\x00o\x00d\x00e\x00l\x00s\x00>\x00_\x00#\x00_\x00M\x00O\x00D\x00E\x00L\x00N\x00A\x00M\x00E\x00_\x00#\x00_\x00<\x00/\x00M\x00o\x00d\x00e\x00l\x00s\x00>\x00\n\x00\t\x00\t\x00\t\x00<\x00I\x00M\x00o\x00d\x00e\x00l\x00>\x00D\x00e\x00s\x00c\x00r\x00i\x00p\x00t\x00i\x00o\x00n\x00<\x00/\x00I\x00M\x00o\x00d\x00e\x00l\x00>\x00\n\x00\t\x00\t\x00<\x00/\x00U\x00s\x00e\x00d\x00N\x00a\x00m\x00e\x00>\x00\n\x00\t\x00\t\x00<\x00U\x00s\x00e\x00d\x00N\x00a\x00m\x00e\x00>\x00\n\x00\t\x00\t\x00\t\x00<\x00I\x00C\x00o\x00r\x00e\x00>\x00_\x00#\x00_\x00N\x00O\x00E\x00N\x00T\x00R\x00Y\x00_\x00#\x00_\x00<\x00/\x00I\x00C\x00o\x00r\x00e\x00>\x00\n\x00\t\x00\t\x00<\x00/\x00U\x00s\x00e\x00d\x00N\x00a\x00m\x00e\x00>\x00\n\x00\t\x00<\x00/\x00D\x00a\x00t\x00a\x00>\x00\n\x00<\x00/\x00R\x00o\x00o\x00t\x00>\x00\n\x00\x00\x00',1,False
Schematictype + Class,b'<\x00R\x00o\x00o\x00t\x00>\x00\n\x00\t\x00<\x00D\x00a\x00t\x00a\x00>\x00\n\x00\t\x00\t\x00<\x00S\x00t\x00r\x00u\x00c\x00t\x00u\x00r\x00e\x00>\x00\n\x00\t\x00\t\x00\t\x00<\x00A\x00t\x00t\x00r\x00i\x00b\x00u\x00t\x00e\x00>\x00.\x00S\x00C\x00H\x00E\x00M\x00A\x00T\x00I\x00C\x00_\x00T\x00Y\x00P\x00E\x00<\x00/\x00A\x00t\x00t\x00r\x00i\x00b\x00u\x00t\x00e\x00>\x00\n\x00\t\x00\t\x00\t\x00<\x00D\x00i\x00r\x00e\x00c\x00t\x00i\x00o\x00n\x00>\x000\x00<\x00/\x00D\x00i\x00r\x00e\x00c\x00t\x00i\x00o\x00n\x00>\x00\n\x00\t\x00\t\x00\t\x00<\x00I\x00n\x00f\x00o\x00>\x002\x00<\x00/\x00I\x00n\x00f\x00o\x00>\x00\n\x00\t\x00\t\x00\t\x00<\x00O\x00r\x00d\x00e\x00r\x00>\x001\x00<\x00/\x00O\x00r\x00d\x00e\x00r\x00>\x00\n\x00\t\x00\t\x00<\x00/\x00S\x00t\x00r\x00u\x00c\x00t\x00u\x00r\x00e\x00>\x00\n\x00\t\x00\t\x00<\x00S\x00t\x00r\x00u\x00c\x00t\x00u\x00r\x00e\x00>\x00\n\x00\t\x00\t\x00\t\x00<\x00A\x00t\x00t\x00r\x00i\x00b\x00u\x00t\x00e\x00>\x00C\x00l\x00a\x00s\x00s\x00<\x00/\x00A\x00t\x00t\x00r\x00i\x00b\x00u\x00t\x00e\x00>\x00\n\x00\t\x00\t\x00\t\x00<\x00D\x00i\x00r\x00e\x00c\x00t\x00i\x00o\x00n\x00>\x000\x00<\x00/\x00D\x00i\x00r\x00e\x00c\x00t\x00i\x00o\x00n\x00>\x00\n\x00\t\x00\t\x00\t\x00<\x00I\x00n\x00f\x00o\x00>\x002\x00<\x00/\x00I\x00n\x00f\x00o\x00>\x00\n\x00\t\x00\t\x00\t\x00<\x00O\x00r\x00d\x00e\x00r\x00>\x002\x00<\x00/\x00O\x00r\x00d\x00e\x00r\x00>\x00\n\x00\t\x00\t\x00<\x00/\x00S\x00t\x00r\x00u\x00c\x00t\x00u\x00r\x00e\x00>\x00\n\x00\t\x00\t\x00<\x00U\x00s\x00e\x00d\x00N\x00a\x00m\x00e\x00>\x00\n\x00\t\x00\t\x00\t\x00<\x00C\x00o\x00m\x00p\x00o\x00n\x00e\x00n\x00t\x00s\x00>\x00_\x00#\x00_\x00C\x00O\x00M\x00P\x00O\x00N\x00E\x00N\x00T\x00N\x00A\x00M\x00E\x00_\x00#\x00_\x00<\x00/\x00C\x00o\x00m\x00p\x00o\x00n\x00e\x00n\x00t\x00s\x00>\x00\n\x00\t\x00\t\x00\t\x00<\x00I\x00C\x00o\x00m\x00p\x00o\x00n\x00e\x00n\x00t\x00>\x00D\x00e\x00s\x00c\x00r\x00i\x00p\x00t\x00i\x00o\x00n\x00_\x00e\x00n\x00g\x00l\x00i\x00s\x00h\x00<\x00/\x00I\x00C\x00o\x00m\x00p\x00o\x00n\x00e\x00n\x00t\x00>\x00\n\x00\t\x00\t\x00<\x00/\x00U\x00s\x00e\x00d\x00N\x00a\x00m\x00e\x00>\x00\n\x00\t\x00\t\x00<\x00U\x00s\x00e\x00d\x00N\x00a\x00m\x00e\x00>\x00\n\x00\t\x00\t\x00\t\x00<\x00W\x00i\x00r\x00e\x00s\x00>\x00_\x00#\x00_\x00W\x00I\x00R\x00E\x00N\x00A\x00M\x00E\x00_\x00#\x00_\x00<\x00/\x00W\x00i\x00r\x00e\x00s\x00>\x00\n\x00\t\x00\t\x00\t\x00<\x00I\x00W\x00i\x00r\x00e\x00>\x00D\x00i\x00a\x00m\x00e\x00t\x00e\x00r\x00<\x00/\x00I\x00W\x00i\x00r\x00e\x00>\x00\n\x00\t\x00\t\x00<\x00/\x00U\x00s\x00e\x00d\x00N\x00a\x00m\x00e\x00>\x00\n\x00\t\x00\t\x00<\x00U\x00s\x00e\x00d\x00N\x00a\x00m\x00e\x00>\x00\n\x00\t\x00\t\x00\t\x00<\x00S\x00y\x00m\x00b\x00o\x00l\x00s\x00>\x00_\x00#\x00_\x00S\x00Y\x00M\x00B\x00O\x00L\x00N\x00A\x00M\x00E\x00_\x00#\x00_\x00<\x00/\x00S\x00y\x00m\x00b\x00o\x00l\x00s\x00>\x00\n\x00\t\x00\t\x00\t\x00<\x00I\x00S\x00y\x00m\x00b\x00o\x00l\x00>\x00D\x00e\x00s\x00c\x00r\x00i\x00p\x00t\x00i\x00o\x00n\x00_\x00e\x00n\x00g\x00l\x00i\x00s\x00h\x00<\x00/\x00I\x00S\x00y\x00m\x00b\x00o\x00l\x00>\x00\n\x00\t\x00\t\x00<\x00/\x00U\x00s\x00e\x00d\x00N\x00a\x00m\x00e\x00>\x00\n\x00\t\x00\t\x00<\x00U\x00s\x00e\x00d\x00N\x00a\x00m\x00e\x00>\x00\n\x00\t\x00\t\x00\t\x00<\x00M\x00o\x00d\x00e\x00l\x00s\x00>\x00_\x00#\x00_\x00M\x00O\x00D\x00E\x00L\x00N\x00A\x00M\x00E\x00_\x00#\x00_\x00<\x00/\x00M\x00o\x00d\x00e\x00l\x00s\x00>\x00\n\x00\t\x00\t\x00\t\x00<\x00I\x00M\x00o\x00d\x00e\x00l\x00>\x00D\x00e\x00s\x00c\x00r\x00i\x00p\x00t\x00i\x00o\x00n\x00<\x00/\x00I\x00M\x00o\x00d\x00e\x00l\x00>\x00\n\x00\t\x00\t\x00<\x00/\x00U\x00s\x00e\x00d\x00N\x00a\x00m\x00e\x00>\x00\n\x00\t\x00\t\x00<\x00U\x00s\x00e\x00d\x00N\x00a\x00m\x00e\x00>\x00\n\x00\t\x00\t\x00\t\x00<\x00I\x00C\x00o\x00r\x00e\x00>\x00_\x00#\x00_\x00N\x00O\x00E\x00N\x00T\x00R\x00Y\x00_\x00#\x00_\x00<\x00/\x00I\x00C\x00o\x00r\x00e\x00>\x00\n\x00\t\x00\t\x00<\x00/\x00U\x00s\x00e\x00d\x00N\x00a\x00m\x00e\x00>\x00\n\x00\t\x00<\x00/\x00D\x00a\x00t\x00a\x00>\x00\n\x00<\x00/\x00R\x00o\x00o\x00t\x00>\x00\n\x00\x00\x00',1,False
Class-main + Class,b'<\x00R\x00o\x00o\x00t\x00>\x00\n\x00\t\x00<\x00D\x00a\x00t\x00a\x00>\x00\n\x00\t\x00\t\x00<\x00S\x00t\x00r\x00u\x00c\x00t\x00u\x00r\x00e\x00>\x00\n\x00\t\x00\t\x00\t\x00<\x00A\x00t\x00t\x00r\x00i\x00b\x00u\x00t\x00e\x00>\x00C\x00l\x00a\x00s\x00s\x00-\x00m\x00a\x00i\x00n\x00<\x00/\x00A\x00t\x00t\x00r\x00i\x00b\x00u\x00t\x00e\x00>\x00\n\x00\t\x00\t\x00\t\x00<\x00D\x00i\x00r\x00e\x00c\x00t\x00i\x00o\x00n\x00>\x000\x00<\x00/\x00D\x00i\x00r\x00e\x00c\x00t\x00i\x00o\x00n\x00>\x00\n\x00\t\x00\t\x00\t\x00<\x00I\x00n\x00f\x00o\x00>\x002\x00<\x00/\x00I\x00n\x00f\x00o\x00>\x00\n\x00\t\x00\t\x00\t\x00<\x00O\x00r\x00d\x00e\x00r\x00>\x001\x00<\x00/\x00O\x00r\x00d\x00e\x00r\x00>\x00\n\x00\t\x00\t\x00<\x00/\x00S\x00t\x00r\x00u\x00c\x00t\x00u\x00r\x00e\x00>\x00\n\x00\t\x00\t\x00<\x00S\x00t\x00r\x00u\x00c\x00t\x00u\x00r\x00e\x00>\x00\n\x00\t\x00\t\x00\t\x00<\x00A\x00t\x00t\x00r\x00i\x00b\x00u\x00t\x00e\x00>\x00C\x00l\x00a\x00s\x00s\x00<\x00/\x00A\x00t\x00t\x00r\x00i\x00b\x00u\x00t\x00e\x00>\x00\n\x00\t\x00\t\x00\t\x00<\x00D\x00i\x00r\x00e\x00c\x00t\x00i\x00o\x00n\x00>\x000\x00<\x00/\x00D\x00i\x00r\x00e\x00c\x00t\x00i\x00o\x00n\x00>\x00\n\x00\t\x00\t\x00\t\x00<\x00I\x00n\x00f\x00o\x00>\x002\x00<\x00/\x00I\x00n\x00f\x00o\x00>\x00\n\x00\t\x00\t\x00\t\x00<\x00O\x00r\x00d\x00e\x00r\x00>\x002\x00<\x00/\x00O\x00r\x00d\x00e\x00r\x00>\x00\n\x00\t\x00\t\x00<\x00/\x00S\x00t\x00r\x00u\x00c\x00t\x00u\x00r\x00e\x00>\x00\n\x00\t\x00\t\x00<\x00U\x00s\x00e\x00d\x00N\x00a\x00m\x00e\x00>\x00\n\x00\t\x00\t\x00\t\x00<\x00C\x00o\x00m\x00p\x00o\x00n\x00e\x00n\x00t\x00s\x00>\x00_\x00#\x00_\x00C\x00O\x00M\x00P\x00O\x00N\x00E\x00N\x00T\x00N\x00A\x00M\x00E\x00_\x00#\x00_\x00<\x00/\x00C\x00o\x00m\x00p\x00o\x00n\x00e\x00n\x00t\x00s\x00>\x00\n\x00\t\x00\t\x00\t\x00<\x00I\x00C\x00o\x00m\x00p\x00o\x00n\x00e\x00n\x00t\x00>\x00D\x00e\x00s\x00c\x00r\x00i\x00p\x00t\x00i\x00o\x00n\x00_\x00e\x00n\x00g\x00l\x00i\x00s\x00h\x00<\x00/\x00I\x00C\x00o\x00m\x00p\x00o\x00n\x00e\x00n\x00t\x00>\x00\n\x00\t\x00\t\x00<\x00/\x00U\x00s\x00e\x00d\x00N\x00a\x00m\x00e\x00>\x00\n\x00\t\x00\t\x00<\x00U\x00s\x00e\x00d\x00N\x00a\x00m\x00e\x00>\x00\n\x00\t\x00\t\x00\t\x00<\x00W\x00i\x00r\x00e\x00s\x00>\x00_\x00#\x00_\x00W\x00I\x00R\x00E\x00N\x00A\x00M\x00E\x00_\x00#\x00_\x00<\x00/\x00W\x00i\x00r\x00e\x00s\x00>\x00\n\x00\t\x00\t\x00\t\x00<\x00I\x00W\x00i\x00r\x00e\x00>\x00_\x00#\x00_\x00C\x00O\x00R\x00E\x00C\x00R\x00O\x00S\x00S\x00_\x00#\x00_\x00<\x00/\x00I\x00W\x00i\x00r\x00e\x00>\x00\n\x00\t\x00\t\x00<\x00/\x00U\x00s\x00e\x00d\x00N\x00a\x00m\x00e\x00>\x00\n\x00\t\x00\t\x00<\x00U\x00s\x00e\x00d\x00N\x00a\x00m\x00e\x00>\x00\n\x00\t\x00\t\x00\t\x00<\x00S\x00y\x00m\x00b\x00o\x00l\x00s\x00>\x00_\x00#\x00_\x00S\x00Y\x00M\x00B\x00O\x00L\x00N\x00A\x00M\x00E\x00_\x00#\x00_\x00<\x00/\x00S\x00y\x00m\x00b\x00o\x00l\x00s\x00>\x00\n\x00\t\x00\t\x00\t\x00<\x00I\x00S\x00y\x00m\x00b\x00o\x00l\x00>\x00D\x00e\x00s\x00c\x00r\x00i\x00p\x00t\x00i\x00o\x00n\x00_\x00e\x00n\x00g\x00l\x00i\x00s\x00h\x00<\x00/\x00I\x00S\x00y\x00m\x00b\x00o\x00l\x00>\x00\n\x00\t\x00\t\x00<\x00/\x00U\x00s\x00e\x00d\x00N\x00a\x00m\x00e\x00>\x00\n\x00\t\x00\t\x00<\x00U\x00s\x00e\x00d\x00N\x00a\x00m\x00e\x00>\x00\n\x00\t\x00\t\x00\t\x00<\x00M\x00o\x00d\x00e\x00l\x00s\x00>\x00_\x00#\x00_\x00M\x00O\x00D\x00E\x00L\x00N\x00A\x00M\x00E\x00_\x00#\x00_\x00<\x00/\x00M\x00o\x00d\x00e\x00l\x00s\x00>\x00\n\x00\t\x00\t\x00\t\x00<\x00I\x00M\x00o\x00d\x00e\x00l\x00>\x00D\x00e\x00s\x00c\x00r\x00i\x00p\x00t\x00i\x00o\x00n\x00<\x00/\x00I\x00M\x00o\x00d\x00e\x00l\x00>\x00\n\x00\t\x00\t\x00<\x00/\x00U\x00s\x00e\x00d\x00N\x00a\x00m\x00e\x00>\x00\n\x00\t\x00\t\x00<\x00U\x00s\x00e\x00d\x00N\x00a\x00m\x00e\x00>\x00\n\x00\t\x00\t\x00\t\x00<\x00I\x00C\x00o\x00r\x00e\x00>\x00_\x00#\x00_\x00C\x00O\x00R\x00E\x00C\x00R\x00O\x00S\x00S\x00_\x00#\x00_\x00<\x00/\x00I\x00C\x00o\x00r\x00e\x00>\x00\n\x00\t\x00\t\x00<\x00/\x00U\x00s\x00e\x00d\x00N\x00a\x00m\x00e\x00>\x00\n\x00\t\x00<\x00/\x00D\x00a\x00t\x00a\x00>\x00\n\x00<\x00/\x00R\x00o\x00o\x00t\x00>\x00\n\x00\x00\x00',0,False
