AttributeID,AttributeName,Typ,Owner,Owner2,SingleInstance,MustExist,Hidden,Format,PositionX,PositionY,Visible,Color,Ratio,Size,Direction,Level,DefaultValue,ASSIGNED_LIST,UNIQUE_VALUE,Flags2,DESCRIPTION_86,DESCRIPTION_31,DESCRIPTION_44,DESCRIPTION_33,DESCRIPTION_49,DESCRIPTION_39,DESCRIPTION_81,DESCRIPTION_351,DESCRIPTION_07,DESCRIPTION_34,DESCRIPTION_90,DESCRIPTION_48,USAGE_DESCRIPTION
2,.ACTIVE_COMPOSITE,4,8160,0,-1,0,0,VALUE,0.0,-40.0,1,0,1,20.0,1,1,,,,0,当前匹配连接器,tegenstuk,Active mating connector,Contre-pièce,Aktives Gegenstück,Controparte attiva,アクティブな嵌合コネクタ,Contra-peça,Ответная часть,Pieza complementaria,Aktif eş konnektör,,
4,.ACTIVE_CONNPART,4,8160,0,-1,0,0,VALUE,0.0,-40.0,1,0,1,20.0,1,1,,,,0,当前匹配的针脚插件,aktief cavity part,Active cavity part,Pièce de cavité active,Aktives Kammermaterial,Parte per cavità attiva,アクティブなキャビティパート,,Текущий наконечник/уплотнитель,Pieza de cavidad activa,Aktif boşluk parçası,Aktywna grupa pinów i uszczelek,
6,.ALT_COMPCODE,4,16416,,-1,0,0,DEFAULT,0.0,-40.0,0,0,1,25.0,1,1,,,,,可选元件代码,alternative toestelnaam,Alternative component code,Nom de composant alternatif,Alternativer Bauteilname,Codice componente alternativo,代替コンポーネントコード,Código alternativo de componente,Альтернативный код изделия,Código de componente alternativo,Alternatif bileşen kodu,Alternatywny kod komponentu,
0,.ARRANGEMENT_SYMBOL,4,4194304,0,-1,0,0,VALUE,0.0,-40.0,0,1,1,25.0,1,1,,,1,0,触点布置符号,kontakt arrangement symbool,Contact arrangement symbol,Symbole de disposition des contacts,Kontaktspiegel Symbol,Simbolo tabella contatti,コンタクトアレンジシンボル,Símbolo de arranjo de contatos,Символ упорядочения контактов,Símbolo de organización de contactos,İletişim düzenleme sembolü,Symbol aranżacji styków,
0,.ASSIGNED_END_BRACKET,4,32,0,-1,0,0,VALUE,0.0,-40.0,0,1,1,25.0,1,1,,,,0,指定的终端固定件,Toegewezen eindklem,Assigned end bracket,Attache d'extrémité assignée,Zugewiesene Endklammer,Blocchetto terminale assegnato,割り当てられたエンドブラケット,,Назначенный концевой стопор,Soporte final asignado,Atanmış uç dirseği,Przypisana blokada końcowa,
0,.ASSIGNED_END_COVER,4,32,0,-1,0,0,VALUE,0.0,-40.0,0,1,1,25.0,1,1,,,,0,指定的端盖,Toegewezen eindafsluiting,Assigned end cover,Plaque d'extrémité assignée,Zugewiesene Endplatte,Piastra terminale assegnata,割り当てられた終端カバー,,Назначенная концевая пластина,Cubierta final asignada,Atanmış uç kapağı,Przypisana ścianka końcowa,
0,.ASSIGNED_SEPARATION_PLATE,4,32,0,-1,0,0,VALUE,0.0,-40.0,0,1,1,25.0,1,1,,,,0,指定的隔片,Toegewezen tussenplaat,Assigned separating plate,Plaque de séparation assignée,Zugewiesene Trennplatte,Piastra di separazione assegnata,割り当てられた分離プレート,,Назначенная разделительная пластина,Placa de separación asignada,Atanmış ayırma plakası,Przepisana płytka separacyjna,
,.ATTACHED_SYMBOL,4,4194305,,0,0,0,,,,0,0,,,,,,,,,附属符号,bijgevoegd symbool,Attached symbol,Symbol assigné,Zugeordnetes Symbol,Simbolo assegnato,添付シンボル,Símbolo anexado,Присоединенный символ,Símbolo adjunto,Ekli sembol,Przylączony symbol,
0,.BACKPLANE_WIRE,3,134217728,0,-1,0,0,VALUE,0.0,-40.0,1,1,1,25.0,1,1,,,,0,背板布线 (网格),backplane bedrading,Backplane wiring (grid),Câblage de fond de panier (grille),Rückwandverdrahtung (Raster),Connessione backplane (griglia),バックプレーン配線(グリッド),Fiação Backplane (grade),Монтаж соединительной платой,Cableado de la Pletina (reijlla),Arkaplan kablo (ızgara),Okablowanie za płytą montażową (siatka),
0,.BLOCK_PIN_SYMBOL,4,1088,0,-1,0,0,VALUE,0.0,-40.0,0,1,1,25.0,1,1,,,,0,背板布线 (网格) (1),symbool voor blok stekker,Symbol for block connector,Symbole pour connecteur-bloc,Symbol für Blockstecker,Simbolo per connettore di blocco,ブロックコネクタ用シンボル,Símbolo para Conector de Bloco,Символ для соединителя блока,Símbolo para conector de bloque,Sembol için blok konnektör,Symbol dla złącza bloku,
,.BRIDGE,1,1971542,0,-1,0,0,VALUE,0.0,-40.0,1,0,1,20.0,1,1,,,,0,模块连接器符号,klemmenbrug,Jumper for terminal,Pont pour borne,Klemmenbrücke,Ponte per morsetto,ターミナル用ジャンパー,Ponte para borne,Перемычка для клеммы,Puente para borne,Terminal için jumper,Mostek dla złączek,
80,.CABLE_DUCT_LENGTH,3,2080,0,-1,0,0,DEFAULT,0.0,-40.0,1,0,1,125.0,1,1,,,,0,电缆通道长度,lengte van de kabelgoot,Length of cable duct,Longueur du caniveau de câble,Länge des Kabelkanals,Lunghezza canalina cavi,ケーブルダクト長,Comprimento da eletrocalha,Длина кабель-канала,Longitud conducto de manguera,Kablo kanalı uzunluğu,Długość korytka kablowego,
11,.CABLENAME,4,2,0,-1,0,0,VALUE,0.0,-40.0,1,0,1,20.0,1,12,,,,0,电缆设备代号,kabelnaam,Cable Device designation,Nom de câble,Kabelname,Designazione cavo,ケーブルデバイス識別名,Designação de Dispositivo do Cabo,Кабель - Позиционное обозначение,Nombre dispositivo de manguera,Kablo aygıtı atama,Oznaczenie kabla,
0,.CABLESHAPE,4,393222,340,-1,0,0,VALUE,0.0,-40.0,1,1,1,25.0,1,1,,,,0,Cable Shape,Kabelvorm,Cable Shape,Forme de câble,Kabelform,Forma cavo,Cable Shape,Forma do cabo,Форма кабеля,Contorno de manguera,Kablo Şekli,Kształt kabla,
12,.CABLETYPE,4,2,0,-1,0,0,VALUE,0.0,-40.0,1,0,1,20.0,1,5,,,,0,电缆元件代码,kabeltype,Cable Component code,Type de câble,Kabeltyp,Componente cavo,ケーブルコンポーネントコード,Código de Componente do Cabo,Кабель - Условное обозначение,Código de componente de manguera,Kablo bileşen kodu,Kod komponentu kabla,
0,.CALC_PARAM_AMBIENT_TEMP,2,6,0,-1,0,0,## °C,0.0,-40.0,1,1,1,25.0,1,1,,,,0,环境温度(摄氏度),buitentemperatuur [graden Celsius],Ambient temperature [degrees C],Température extérieure [degrés C],Umgebungstemperatur [Grad C],Temperatura ambiente [C°],周辺温度 [℃],Temperatura Ambiente [Graus Celsius],Наружная температура [градусы Цельсия],Temperatura ambiente [grados C],Ortam sıcaklığı [derece C],Temperatura otoczenia [stopnie C],
0,.CALC_PARAM_CURRENT,2,32,0,-1,0,0,#.### A,0.0,-40.0,1,1,1,25.0,1,1,,,,0,电流[A],stroom [A],Current [A],Courant [A],Stromwert [A],Corrente [A],電流 [A],Corrente [A],Ток [A],Corriente [A],Akım [A],Prąd [A],
0,.CALC_PARAM_CURRENT_SWITCH_EXPRESSION,4,1140850688,0,-1,0,0,VALUE,0.0,-40.0,1,1,1,25.0,1,1,,,,0,Current switch expression（当前开关标记）,actueel wisselstand,Current switch expression,État actuel du commutateur ,Aktuelle Schalterstellung,Posizione interruttore,現在のスイッチ表記,Expressão de troca atual,Текущее выражение переключателя,Expresión de cambio de corriente,Güncel anahtar ifadesi,Przełączanie prądu,
0,.CALC_PARAM_FUSE_SIZE,2,2080,0,-1,0,0,# A,0.0,-40.0,1,1,1,25.0,1,1,,,,0,熔线额定(电流)值[A],zekeringswaarde [A],Fuse rating [A],calibre de fusible [A],Leitungsschutzeinrichtungsgröße  [A],Portata fusibile [A],フューズ定格 [A],Categoria do Fusível [A],Номинал плавкого предохранителя [A],Clasificación de fusible [A],Sigorta Değeri [A],Obciążalność bezpiecznika [A],
0,.CALC_PARAM_LOAD_FACTOR,2,2080,0,-1,0,0,VALUE,0.0,-40.0,1,1,1,25.0,1,1,,,,0,负载系数,belastingsfaktor,Load factor,Facteur de charge,Belastungsfaktor,Fattore di carico,負荷要因,Fator de carga [A],Коэффициент нагрузки,Factor de carga,Yük Faktörü,Współczynnik obciążenia,
0,.CALC_PARAM_NOMINAL_TEMP,2,16384,2,-1,0,0,## °C,0.0,-40.0,1,1,1,25.0,1,1,,,,0,额定温度(摄氏度),nominale temperatuur [Grad Celsius],Nominal temperature [degrees C],Température prescrite [degrés C],Referenztemperatur [Grad C],Temperatura nominale [Gradi centigradi],公称温度 [℃],Temperatura Nominal [Graus Celsius],Номинальная температура [градусы Цельсия],Temperatura nominal [grados C],Nominal sıcaklık [derece C],Nominalna temperatura [stopnie C],
0,.CALC_PARAM_OVER_CURRENT_RATIO,2,2080,0,-1,0,0,VALUE,0.0,-40.0,1,1,1,25.0,1,1,,,,0,过载电流率,stroompiek,Over current ratio,Rapport surintensité,Überstromfaktor,rapporto di sovvracorrente,過電流率,Relação de sobre-corrente,Кратность перегрузки,Ratio de sobrecarga,Geçerli oranın üzerinde,Współczynnik prądu przetężeniowego,
0,.CALC_PARAM_PERMISSION_CURRENT,2,5440,0,-1,0,0,#.### A,0.0,-40.0,1,1,1,25.0,1,1,,,,0,Permission current（容许电流） [A],toegelaten stroom [A],Permission current [A],calculé : courant autorisé,Strombelastung [A],Corrente di carico [A],許容電流[A],Corrente Permitida [A],Допустимый ток [А],Corriente permitida [A],İzin verilen akım [A],Pobór prądu [A],
0,.CALC_PARAM_PIN_PROTECTION,5,5440,0,-1,0,0,VALUE,0.0,-40.0,1,1,1,25.0,1,1,,,,0,针脚保护,pin protectie,Pin protection,Protection de broche,Anschlusspunktschutz,Protezione pin,保護端子,Proteção do Pino,Защита вывода,Protección de pin,Pin koruması,Ochrona pinu,
0,.CALC_PARAM_POWER_GROUND,5,5440,0,-1,0,0,VALUE,0.0,-40.0,1,1,1,25.0,1,1,,,,0,Ground,Ground,Ground,Ground,Masse,Massa,Ground,Ground,Ground,Ground,Ground,Uziemienie,
0,.CALC_PARAM_RESISTANCE,2,1140855104,0,-1,0,0,VALUE,0.0,-40.0,1,1,1,25.0,1,1,,,,0,Resistance （电阻） [Ohm],Weerstand (C) [Ohm],Resistance (for Calculation) [Ohm],Résistance (C) [Ohm],Widerstand (C) [Ohm],Resistenza (C) [Ohm],抵抗(C) [Ω],Resistência (C) [Ohm],Сопротивление (C) [Ом],Resistencia (C) [Ohm],Direnç (C) [Ohm],Rezystancja (dla obliczeń) [Ohm],
0,.CALC_PARAM_VALID_SWITCH_EXPRESSION,4,1140850688,0,0,0,0,VALUE,0.0,-40.0,1,1,1,25.0,1,1,,,1,0,Valid switch expression（有效开关标记）,geldig wisselstand,Valid switch expression,Position valide de l'interrupteur,Gültige Schalterstellung,Posizione valida interruttore,有効なスイッチ表記,Expressão de troca válida,Действующее выражение переключателя,Expresión de cambio válida,Geçerli anahtar ifadesi,Poprawne przedstawienie styków,
0,.CALC_PARAM_VOLTAGE,2,5440,0,-1,0,0,#.### V,0.0,-40.0,1,1,1,25.0,1,1,,,,0,电源电压[V],voedingsspanning,Voltage supply [V],Tension d'alimentation,Spannungsversorgung [V],Tensione di alimentazione [V],供給電圧 [V],Voltagem da Fonte [V],Напряжение питания [V],Suministro de voltaje [V],Kaynak Gerilimi [V],Napięcie zasilania [V],
0,.CALC_PARAM_VOLTAGE_MAX,2,5440,0,-1,0,0,#.### V,0.0,-40.0,1,1,1,25.0,1,1,,,,0,最大电压值 [V],max. voedingsspanning [V],Maximum voltage value [V],Valeur maximale de tension [V],Max. Spannungswert [V],Valore massimo tensione [V],最高電圧値 [V],Valor Máximo de voltagem [V],Максимальное напряжение [V],Valor máximo de voltaje [V],Maksimum voltaj değeri [V],Maksymalna wartość napięcia [V],
0,.CALC_PARAM_VOLTAGE_MIN,2,5440,0,-1,0,0,#.### V,0.0,-40.0,1,1,1,25.0,1,1,,,,0,最小电压值 [V],min. voedingsspanning [V],Minimum voltage value [V],Valeur minimale de tension [V],Min. Spannungswert [V],Valore minimo tensione [V],最低電圧値 [V],Valor Mínimo de voltagem [V],Минимальное напряжение [V],Valor mínimo de voltaje [V],Minimum voltaj değeri [V],Minimalna wartość napięcia [V],
0,.CALC_PARAM_WIRE_KIND_ID,1,262148,0,-1,0,0,VALUE,0.0,-40.0,1,1,1,25.0,1,1,,,,0,导线类别,draad type,Wire kind,Type de fil,Drahtmaterial,Materiale filo,ワイヤ種別,Tipo de Fio,Марка провода,Tipo de hilo,Tel türü,Rodzaj przewodu,
0,.CALC_RESULT_ACTUAL_RESISTANCE,2,4,0,-1,0,0,#.##### Ω,0.0,-40.0,1,1,1,25.0,1,1,,,,0,Actual resistance（实效电阻 [Ohm]）,actueel weerstand [Ohm],Actual resistance [Ohm],Résistance  actuel [Ohm],Aktueller Widerstand [Ohm],Resistenza attuale [Ohm],実抵抗[Ω],Resistência atual [Ohm],Фактическое сопротивление [Ом],Resistencia actual [Ohm],Gerçek direnç [Ohm],Aktualna rezystancja [Ohm],
0,.CALC_RESULT_CONDUCTOR_TEMP,2,4,0,-1,0,0,## °C,0.0,-40.0,1,1,1,25.0,1,1,,,,0,计算：导线,berekend: ader,Calculated: Conductor temperature [degrees C],Calculé : température de brin [degrés C],Berechnet: Adertemperatur [Grad C],Calcolato: Conduttore,算出: 導体温度 [℃],Calculado: Temperatura do condutor [Graus Celsius],Рассчитано: Температура проводника [градусы Цельсия],Calculado: Vena [grados C],Hesaplandı: İletken sıcaklığı [degree C],Wyliczony/a: Temperatura żyły [stopnie C],
0,.CALC_RESULT_CURRENT,2,5440,0,-1,0,0,#.### A,0.0,-40.0,1,1,1,25.0,1,1,,,,0,计算：电流[A],berekend: stroom [A],Calculated: Current [A],Calculé : courant [A],Berechnet: Stromwert [A],Calcolato: Corrente [A],算出: 電流 [A],Calculado: Corrente [A],Рассчитано: Ток [A],Calculado: Corriente [A],Hesaplandı: Akım [A],Wyliczony/a: Prąd [A],
0,.CALC_RESULT_FUSE_SIZE,2,5440,0,-1,0,0,#.### A,0.0,-40.0,1,1,1,25.0,1,1,,,,0,计算：熔线额定(电流)值[A],berekend: zekeringswaarde [A],Calculated: Fuse rating [A],Calculé : valeur du fusible [A],Berechnet: Sicherungsgröße [A],Calcolato: Portata fusibile [A],算出: フューズ定格 [A],Calculado: Categoria do Fusível [A],Рассчитано: Номинальная характеристика плавления [A],Calculado: Clasificación de fusible [A],Hesaplandı: Sigorta değeri [A],Wyliczony/a: Obciążalność bezpieczenika [A],
0,.CALC_RESULT_LOAD_FACTOR,2,4,0,-1,0,0,VALUE,0.0,-40.0,1,1,1,25.0,1,1,,,,0,计算：负载系数,berekend: belastingsfaktor,Calculated: Load factor,Calculé : facteur de charge,Berechnet: Belastungsfaktor,Calcolato: fattore di carico,算出: 負荷要因,Calculado: Fator de Carga,Рассчитано: Коэффициент нагрузки,Calculado: Factor de carga,Hesaplandı: Yük faktörü,Wyliczony/a: Wspołczynnik obciążenia,
0,.CALC_RESULT_OPTIMUM_CURRENT,2,4,0,-1,0,0,#.### A,0.0,-40.0,1,1,1,25.0,1,1,,,,0,计算：最佳电流[A],berekend: optimaal stroom [A],Calculated: Optimum current [A],Calculé : courant optimal [A],Berechnet: Optimaler Stromwert der Sicherungseinrichtung [A],Calcolato: Portata fusibile ottimale [A],算出: 最適電流 [A],Calculado: Corrente ideal [A],Рассчитано: Оптимальный ток [A],Calculado: Corriente óptima [A],Hesaplandı: İdeal akım [A],Wyliczony/a: Optymalny prąd [A],
0,.CALC_RESULT_PERMISSION_CURRENT,2,4,0,-1,0,0,#.### A,0.0,-40.0,1,1,1,25.0,1,1,,,,0,计算：允许电流,berekend: toegelaaten stroom,Calculated: Permission current [A],calculé : courant autorisé [A],Berechnet: Strombelastung [A],Calcolato: corrente ammessa [A],算出: 許容電流 [A],Calculado: Corrente permitida [A],Рассчитано: Допустимый ток [A],Calculado: Permiso corriente [A],Hesaplandı: İzin verilen akım [A],Wyliczony/a: Dopuszczalny prąd [A],
0,.CALC_RESULT_VOLTAGE,2,5440,0,-1,0,0,#.### V,0.0,-40.0,1,1,1,25.0,1,1,,,,0,计算：电源电压[V],berekend: werkspanning [V],Calculated: Supply voltage [V],Calculé : tension d'alimentation,Berechnet: Spannungsversorgung [V],Calcolato: tensione di alimentazione [V],算出: 供給電圧 [V],Calculado: Voltagem da Fonte [V],Рассчитано: Напряжение питания [V],Calculado: Voltaje de suministro [V],Hesaplandı: Kaynak voltajı [V],Wyliczony/a: Napięcie zasilania [V],
0,.CALC_RESULT_VOLTAGE_DROP,2,5440,0,-1,0,0,#.### V,0.0,-40.0,1,1,1,25.0,1,1,,,,0,Voltage drop（压降） [V],spanningsval [V],Voltage drop [V],Chute de tension  [V],Spannungsabfall [V],Caduta di tensione [V],電圧降下[V],Queda de Tensão [V],Падение напряжения [В],Grupo de voltaje [V],Gerilim düşümü [V],Spadek napięcia [V],
0,.CALC_RESULT_WIRE_IGNITION_POINT_TIME,2,4,0,-1,0,0,# s,0.0,-40.0,1,1,1,25.0,1,1,,,,0,Calculated: Wire Ignition point time （计算：线缆燃点时间 ）[sec],berekend: zekerings smelt tijd [sec],Calculated: Wire Ignition point time [sec],Calculé :  temps de déclenchement de protection de puissance [sec],Berechnet: Auslösezeit Sicherung [sek],Calcolato: Tempo di intervento fusibile [sec],算出: ワイヤ発火時間[秒],Calculado: Tempo do ponto de ignição do fio [sec],Рассчитано: Время возгорания провода [сек],Calculado: tiempo de ignición del hilo [seg],Hesaplandı: Tel kontak noktası zamanı [sec],Wyliczony/a: Punkt zapłonu przewodu [sec],
0,.cmChangeInformation,4,-1275101185,8191,-1,0,0,VALUE,0.0,-40.0,1,0,1,25.0,1,1,,,1,0,cm修改信息,cmModificatie informatie,rmChangeInformation,cmInformationModification,cmÄnderungsInformation,cmInformazioniModifiche,変更情報(CM),cmÍndicedeAlteração,cmChangeInformation,cmInformaciónModificación,cmDeğişiklikBilgisi,rmZmianaInformacji,
0,.cmData,4,-1275101185,8191,0,0,0,VALUE,0.0,-40.0,1,0,1,25.0,1,1,,,1,0,cm数据,cmData,rmData_1,cmDonnées,cmDaten,cmData,変更データ(CM),cmAlteração-Versão,cmData,cmDatos,cmVeri,rmData_1,
73,.CONNECTOR_NAME,4,7488,0,-1,0,0,VALUE,0.0,-40.0,1,1,1,25.0,1,1,,,,0,内部设备代号,interne toestelbenaming,Internal device designation,Désignation d'appareil interne,Internes Betriebsmittelkennzeichen,Designazione interna dispositivo,内部デバイス識別名,Designação Interna de Dispositivo,Внутреннее позиционное обозначение,Designación de dispositivo interna,İç Aygıt Adı,Wewnętrzne oznaczenie urządzenia,
0,.CORE_MANUFACTURING_LENGTH,3,4,0,-1,0,0,VALUE,0.0,-40.0,0,1,1,25.0,1,1,,,,0,Core manufacturing length（芯线制造长度）,Core manufacturing length,Core (conductor) manufacturing length,Longueur de production du brin,Aderfertigungslänge,Lunghezza produzione conduttore,コア製造長さ,Core manufacturing length,Производственная длина жилы,Longitud de fabricación de vena,Damar Üretim Uzunluğu,Długość produkcyjna żyły,
0,.COST,4,393222,324,-1,0,0,VALUE,0.0,-40.0,0,1,1,25.0,1,1,,,,0,Cost factor（成本要素）,Kostenfactor,Cost factor,Facteur coût,Kostenfaktor,Fattore di costo,コストファクタ,Fator de custo,сто́имость,Factor de coste,Maliyet etkeni,Czynnik kosztu,
0,.DEVICE_MAPPING_CODE,4,2048,0,-1,0,0,VALUE,0.0,-40.0,0,1,1,25.0,1,1,,,,0,设备映射,bijvoegsel aan toestel,Device Mapping,Mappage d'appareils,Zuordnung an Betriebsmittel,Assegnazione al dispositivo,デバイスマッピング,Mapeamento de dispositivos,Согласование изделий,Asignación al dispositivo,Aygıt Eşleme,Mapowanie urządzenia,
0,.DOCUMENT_TYPE,4,301989888,0,-1,0,0,DEFAULT,0.0,-40.0,1,0,1,25.0,1,1,,,,0,文档类型,documenttype,Document Type,Type de document,Dokumententyp,Tipo documento,ドキュメントタイプ,Tipo de Documento,Вид документа,Tipo de documento,Belge Türü,Typ dokumentu,
0,.DRILL_HOLE_GRID,4,2080,0,0,0,0,VALUE,0.0,-40.0,0,1,1,25.0,1,1,,,,0,钻孔网格,Boorgat raster,Drill Hole Grid,Grille de perçage,Bohrloch Raster,Griglia forature,ドリル穴グリッド,,Сетка отверстий сверловки,Rejilla de taladro,Delme noktası aralığı,Siatka otworów,
87,.E3.ePLM_ActionField,4,-2147483648,0,0,0,0,VALUE,0.0,0.0,1,0,1,25.0,1,1,,,,0,E3.ePLM Action Field,E3.ePLM actie veld,E3.ePLM Action Field,ChampAction E3.ePLM,E3.ePLM Aktionsfeld,E3.ePLM ActionField,E3.ePLMアクションフィールド,Campo de Ação E3.ePLM,E3.ePLM ActionField,E3.ePLM Campo de acción,E3.ePLM AksiyonAlanı,E3.ePLM Pole Akcji,
86,.E3.ePLM_ID,4,-2113929216,0,-1,0,0,VALUE,0.0,0.0,1,0,1,25.0,1,1,,,,0,E3.ePLM ID,E3.ePLM ID,E3.ePLM ID,ID E3.ePLM,E3.ePLM ID,E3.ePLM ID,E3.ePLM ID,E3.ePLM ID,E3.ePLM ID,E3.ePLM ID,E3.ePLM ID,E3.ePLM ID,
0,.ECHECK_ACTUAL_CURRENT,2,34048,131072,-1,0,0,#.## A,0.0,-40.0,1,1,1,25.0,1,1,,,,0,実電流 (結果) [A],ActualCurrent (resultaat) [A],Actual current (result) [A],Courant réel (résultat) [A],Ist-Strom (Ergebnis),Corrente attuale (risultato) [A],実電流 (結果) [A],Corrente atual (resultado) [A],Фактический ток (результат) [А],Corriente actual (resultado) [A],Aktif akım (sonuç) [A],Aktualny prąd (wynik) [A],
0,.ECHECK_ACTUAL_TEMPERATURE,2,16777220,0,-1,0,0,VALUE,0.0,-40.0,1,1,1,25.0,1,1,,,,0,実温度 (結果) [°C],Werkelijke temperatuur (resultaat) [° C],Actual temperature (result) [°C],Température réelle (résultat) [°C],Ist-Temperatur (Ergebnis) [°C],Temperatura attuale (risultato) [°C],実温度 (結果) [°C],Temperatura atual (resultado) [°C],Фактическая температура (результат) [°C],Temperatura actual (resultado) [°C],Aktif sıcaklık (sonuç) [°C],Aktualna temperatura (wynik) [°C],
0,.ECHECK_ACTUAL_VOLTAGE,2,34048,131072,-1,0,0,#.## V,0.0,-40.0,1,1,1,25.0,1,1,,,,0,実電圧 (結果) [V],Actuele spanning (resultaat) [V],Actual voltage (result) [V],Tension réelle (résultat) [V],Ist-Spannung (Ergebnis) [V],Tensione attuale (risultato) [V],実電圧 (結果) [V],Tensão actual (resultado) [V],Фактическое напряжение (результат) [В],Voltaje actual (resultado) [V],Aktif volt (sonuç) [V],Aktualne napięcie (wynik) [V],
0,.ECHECK_AMBIENT_TEMPERATURE,2,16777220,0,-1,0,0,VALUE,0.0,-40.0,1,1,1,25.0,1,1,,,,0,周辺温度  [°C],Omgevingstemperatuur [° C],Ambient temperature [°C],Température ambiante [°C],Umgebungstemperatur [°C],Temperatura ambiente [°C],周辺温度  [°C],Temperatura ambiente [°C],Наружная температура [°C],Temperatura ambiente [°C],Ortam sıcaklığı [°C],Temperatura otoczenia [°C],
0,.ECHECK_COLOUR,1,16777216,0,-1,0,0,VALUE,0.0,-40.0,1,1,1,25.0,1,1,,,,0,导线颜色,draadkleur,Wire colour,Couleur de fil,Drahtfarbe,Colore filo,ワイヤカラー,Cor do fio,Цвет провода,Color de hilo,Tel rengi,Kolor przewodu,
0,.ECHECK_CROSSEC,2,16777216,0,-1,0,0,VALUE,0.0,-40.0,1,1,1,25.0,1,1,,,,0,线径,Dwarsdoorsnede van de kabel,Wire cross-section,Section transversale de fil,Drahtquerschnitt,Sezione filo,ワイヤ断面積,Seção transversal do fio,Сечение провода,Sección cruzada de hilo,Tel enine kesiti,Przekrój przewodu,
0,.ECHECK_INTERNAL_PIN_RESISTANCE,2,5440,262144,-1,0,0,#.##### Ω,0.0,-40.0,1,1,1,25.0,1,1,,,,0,内部针脚电阻 [Ohm],Interne pin weerstand [Ohm],Internal pin resistance [Ohm],Résistance interne de broche [Ohm],Interner Widerstand am Anschlusspunkt [Ohm],Resistenza interna pin [Ohm],内部ピン抵抗 [Ohm],Resistência interna do pino [Ohm],Внутреннее сопротивление вывода [Ом],Resistencia de pin interno [Ohm],Pin iç direnci [Ohm],Wewnętrzna rezystancja pinu [Ohm],
0,.ECHECK_INTERNAL_RESISTANCE,2,0,2048,-1,0,0,VALUE,0.0,-40.0,1,1,1,25.0,1,1,,,,0,内部电阻 [Ohm],interne weerstand [Ohm],Internal resistance [Ohm],Résistance interne [Ohm],Interner Widerstand [Ohm],Resistenza interna [Ohm],内部抵抗 [Ohm],Resistência interna [Ohm],Внутреннее сопротивление [Ом],Resistencia interna [Ohm],iç direnç [Ohm],Wewnętrzna rezystancja [Ohm],
0,.ECHECK_IS_ACTIVE,5,1,0,-1,0,0,VALUE,0.0,-40.0,1,1,1,25.0,1,1,,,,0,eCheck已启动,eCheck is actief,eCheck is active,eCheck est actif,Elektrische Prüfungen sind aktiviert,Verifiche elettriche attive,電気検証 がアクティブです,Verificações eléctricas são ativadas,eCheck активизирован,Verificaciones eléctricas activas,Elektriksel Kontrol aktif,eCheck jest aktywny,
0,.ECHECK_MAXIMUM_CURRENT,2,0,2048,-1,0,0,VALUE,0.0,-40.0,1,1,1,25.0,1,1,,,,0,最大電流 [A],Maximale stroom [A],Maximum current [A],Courant maximal  [A],Maximalstrom [A],Corrente massima [A],最大電流 [A],Corrente máxima [A],Максимальный ток [А],Corriente máxima [A],Maximum akım [A],Maksymalny prąd [A],
0,.ECHECK_MAXIMUM_TEMPERATURE,2,17039364,0,-1,0,0,VALUE,0.0,-40.0,1,1,1,25.0,1,1,,,,0,最高温度 [°C],Maximum temperatuur [° C],Maximum temperature [°C],Température maximale [°C],Maximaltemperatur [°C],Temperatura massima [°C],最高温度 [°C],Temperatura máxima [°C],Максимальная температура [°C],Temperatura máxima [°C],Maximum sıcaklık [°C],Maksymalna temperatura [°C],
0,.ECHECK_MAXIMUM_VOLTAGE,2,0,2048,-1,0,0,VALUE,0.0,-40.0,1,1,1,25.0,1,1,,,,0,最大電圧 [V],Maximale spanning [V],Maximum voltage [V],Tension maximale [V],Maximalspannung [V],Tensione massima [V],最大電圧 [V],Tensão máxima [V],Максимальное напряжение [В],Voltaje máximo [V],Maximum volt [V],Maksymalne napięcie [V],
0,.ECHECK_MINIMUM_CURRENT,2,0,2048,-1,0,0,VALUE,0.0,-40.0,1,1,1,25.0,1,1,,,,0,最小電流 [A],Minimale stroom [A],Minimum current [A],Courant minimal [A],Minimalstrom [A],Corrente minima [A],最小電流 [A],Corrente mínima [A],Минимальный ток [А],Corriente mínima [A],Minimum akım [A],Minimalny prąd [A],
0,.ECHECK_MINIMUM_VOLTAGE,2,0,2048,-1,0,0,VALUE,0.0,-40.0,1,1,1,25.0,1,1,,,,0,最小電圧 [V],Minimale spanning [V],Minimum voltage [V],Tension minimal [V],Minimalspannung [V],Tensione minima [V],最小電圧 [V],Tensão mínima [V],Минимальное напряжениеe [В],Voltaje mínimo [V],Minimum volt [V],Miminalne napięcie [V],
0,.ECHECK_NOMINAL_CURRENT,2,0,2048,-1,0,0,VALUE,0.0,-40.0,1,1,1,25.0,1,1,,,,0,公称電流 [A],Nominale stroom [A],Nominal current [A],Courant nominal [A],Nennstrom [A],Corrente nominale [A],公称電流 [A],Corrente nominal [A],Номинальный ток [А],Corriente nominal [A],Nominal akım [A],Nominalny prąd [A],
0,.ECHECK_NOMINAL_VOLTAGE,2,0,2048,-1,0,0,VALUE,0.0,-40.0,1,1,1,25.0,1,1,,,,0,公称電圧 [V],Nominale spanning [V],Nominal voltage [V],Tension nominale [V],Nennspannung [V],Tensione nominale [V],公称電圧 [V],Tensão nominal [V],Номинальное напряжение [В],Voltaje nominal [V],Nominal volt [V],Nominalne napięcie [V],
0,.ECHECK_POWER,2,0,2048,-1,0,0,VALUE,0.0,-40.0,1,1,1,25.0,1,1,,,,0,電力 [Watt],Vermogen [Watt],Power [Watt],Puissance [Watt],Leistung [Watt],Potenza [Watt],電力 [Watt],Potência [W],Мощность [Вт],Potencia [Watt],Güç [Watt],Moc [W],
0,.ECHECK_RATING,2,0,2048,-1,0,0,VALUE,0.0,-40.0,1,1,1,25.0,1,1,,,,0,额定值(保险丝最大电流),Nominale (maximale stroom zekering),Rating (max. current fuse),Valeur nominale (courant max. fusible),Nennwert (Maximalstrom Sicherung),Taratura (corrente massima del fusibile),定格 (最大電流フューズ),Classificação (corrente máx. fusível),Номинал предохранителя (макс. ток),Índice (corriente max. fusible),Değerlendirme (max. sigorta akımı),Obciązalność (max. prąd bezpiecznika),
0,.ECHECK_RESISTANCE,2,0,2048,-1,0,0,#.##### Ω,0.0,-40.0,1,1,1,25.0,1,1,,,,0,抵抗 [Ohm],Weerstand [Ohm],Resistance [Ohm],Résistance [Ohm],Widerstand [Ohm],Resistenza [Ohm],抵抗 [Ohm],Resistência [Ohm],Сопротивление [Ом],Resistencia [Ohm],Direnç [Ohm],Rezystancja [Ohm],
0,.ECHECK_SPECIFIC_RESISTANCE,2,17039364,0,-1,0,0,#.###### Ω mm² / m,0.0,-40.0,1,1,1,25.0,1,1,,,,0,比抵抗 [Ohm x mm²/m],Specifieke weerstand [Ohm-mm ² / m],Specific resistance [Ohm x mm²/m],Résistance spécifique [Ohm x mm²/m],Spezifischer Widerstand [Ohm x mm²/m],Resistenza specifica [Ohm x mm²/m],比抵抗 [Ohm x mm²/m],Resistência específica [Ohm x mm²/m],Удельное сопротивление [Ом x мм2/м],Resistencia específica [Ohm x mm²/m],Özgül direnç [Ohm x mm²/m],Oporność [Ohm x mm²/m],
0,.ECHECK_TEST,5,16777221,0,-1,0,0,VALUE,0.0,-40.0,1,1,1,25.0,1,1,,,,0,检测通过,Test doorstaan,Check passed,Contrôle réussi,Prüfung bestanden,Verifica superata,パスした検証,Verificação efetuada,Проверка завершена,Verificación pasada,Geçmişi kontrol et,Poprawne wartości,
0,.ECHECK_VOLTAGE_DROP,2,16777220,2048,-1,0,0,VALUE,0.0,-40.0,1,1,1,25.0,1,1,,,,0,电压降 (二极管) [V],Spanningsverlies (diode) [V],Voltage drop (Diode) [V],Chute de tension (diode) [V],Spannungsabfall (Diode) [V],Caduta di tensione (Diodo) [V],電圧降下(ダイオード) [V],Queda de tensão (diodo) [V],Падение напряжения (Диод) [В],Caída de voltaje (Diodo) [V],Gerilim düşümü (Diyot) [V],Spadek napięcia (Dioda) [V],
0,.ECHECK_WEIGHT,2,17039364,0,-1,0,0,VALUE,0.0,-40.0,1,1,1,25.0,1,1,,,,0,单位线重[kg/km],Draad Gewicht [kg / km],Wire weight [kg/km],Poids de fil [kg/km],Drahtgewicht [kg/km],Peso filo [kg/km]:,ワイヤ重量 [kg/km],Peso do fio [kg/km],Погонная масса провода [кг/км],Peso de hilo [kg/km],Tel ağırlığı [kg/km],Waga przewodu [kg/km],
0,.ENTRY_CABLEDUCT_FOR_AUTOCONNECT,4,5376,0,-1,0,0,VALUE,0.0,-40.0,0,1,1,25.0,1,1,,,,0,自动连接用线槽输入,cable duct entry for autoconnect,Cable duct entry for autoconnect,Entrée de caniveau de câbles pour la connexion automatique,Kabelkanaleintrag für automatisches Verbinden,Sigla canalina per connessioni automatiche,自動接続用にエントリしているケーブルダクト,Canaleta para autoconexão,Вход короба для трассировки,Entrada de conducto de manguera para autoconectar,Kablo kanalı girdisi otomatik bağlantı için,Wejście korytka kablowego dla automatycznego połączenia,
0,.ENTRY_PORT,4,64,0,-1,0,0,VALUE,0.0,-40.0,0,1,1,25.0,1,1,,,,0,端子输入端,terminal port entry,Terminal port entry,Entrée point de raccordement,Klemmstelleneintrag,Sigla porta morsettiere,エントリしているターミナルポート, Dados da porta do Borne,Вход порта клеммы,Entrada de puerto de borne,Terminal port girdisi,Wejście portu złączki,
,.EXTERN,4,2101336,0,-1,0,0,VALUE,0.0,-40.0,1,0,1,20.0,1,1,,,,0,外部连接,externe verbinding,External connection,Connexion externe,Externe Verbindung,Connessione esterna,外部接続,Conexão externa,Внешнее соединение,Conexión externa,Dış bağlantı,Zewnętrzne połączenie,
0,.FILEINFO_CATEGORY,4,16384,0,-1,0,0,VALUE,0.0,-40.0,0,1,1,25.0,1,1,,,,0,文件信息类别,bestandsinformatie Categorie,File information category,Info de fichier Catégorie,Datei-Information Kategorie,Proprietà file: Categoria,ファイル情報(カテゴリ),Informação de arquivo - Categoria,Категория информационного файла,Categoría de información de archivo,Dosya bilgi kategorisi,Kategoria pliku informacji,
0,.FILEINFO_COMMENTS,4,16384,0,-1,0,0,VALUE,0.0,-40.0,0,1,1,25.0,1,1,,,,0,文件信息注释,bestandsinformatie Kommentaar,File information comments,Info de fichier Commentaire,Datei-Information Kommentare,Proprietà file: Commenti,ファイル情報(注釈),Informação de arquivo - Comentário,Комментарий информационного файла,Comentario de información de archivo,Dosya bilgisi yorum,Komentarze pliku informacji,
0,.FILEINFO_KEYWORDS,4,16384,0,-1,0,0,VALUE,0.0,-40.0,0,1,1,25.0,1,1,,,,0,文件信息关键词,bestandsinformatie Trefwoord,File information keywords,Info de fichier Mots clé,Datei-Information Stichwörter,Proprietà file: Parole chiave,ファイル情報(キーワード),Informação de arquivo - Palavras-chave,Ключевые слова информационного файла,Palabras clave de información de archivo,Dosya bilgisi anahtar kelimeler,Słowo kluczowe pliku informacji,
0,.FILEINFO_SUBJECT,4,16384,0,-1,0,0,VALUE,0.0,-40.0,0,1,1,25.0,1,1,,,,0,文件信息主题,bestandsinformatie Thema,File information subject,Info de fichier Sujet,Datei-Information Thema,Proprietà file: Oggetto,ファイル情報(主題),Informação de arquivo - Assunto,Предмет информационного файла,Tema de información de archivo,Dosya bilgisi konu,Temat pliku informacji,
0,.FILEINFO_TITLE,4,16384,0,-1,0,0,VALUE,0.0,-40.0,0,1,1,25.0,1,1,,,,0,文件信息标题,bestandsinformatie Titel,File information title,Info de fichier Titre,Datei-Information Titel,Proprietà file: Titolo,ファイル情報(タイトル),Informação de arquivo - Título,Заголовок информационного файла,Título de información de archivo,Dosya bilgisi başlık,Tytuł pliku informacji,
0,.FORMBOARD_VIEW_NUMBER,1,33554432,0,-1,0,0,VALUE,0.0,-40.0,0,1,1,25.0,1,1,,,1,0,模板视图编号,formboard nummer,Formboard view number,Numéro de vue Formboard,Formboardansichtennummer,Numero vista Formboard,フォームボードビュー番号,Número de vista Formboard,Номер изображения для чертежа жгута,Número de vista Formboard,Kablaj tahtası görüntüleme numarası,Numer widoku formboard,
0,.FUNIT_SYMBOL,4,0,2048,-1,0,0,VALUE,0.0,-40.0,0,1,1,25.0,1,1,,,,0,Functional unit symbol（功能单元符号）,Functional unit symbool,Functional unit symbol,Symbole d'unité fonctionnelle,Symbol für Funktionseinheit,Simbolo unità funzionale,ファンクショナルユニットシンボル,Símbolo da unidade funciona,Символ объекта функциональной схемы,Símbolo de unidad funcional,Fonksiyonel birim sembolü,Symbol jednostki funkcjonalnej,
0,.HISTORY_DBVERS,4,16384,0,0,0,0,VALUE,0.0,-40.0,0,1,1,25.0,1,1,,,1,0,历史数据版本,tijdstip databank versie,History - database version,Historique versions de BdD,Historie - Datenbankversion,"Storico, versione database",履歴 - データベースバージョン,Histórico de versão de banco de dados,БД версий,Historial versión de base de datos,Geçmiş MU  veritabanı versiyonu,Historia - wersja bazy danych,
0,.HISTORY_LICENSE,4,16384,0,0,0,0,VALUE,0.0,-40.0,0,1,1,25.0,1,1,,,1,0,历史许可,tijdstip licentie,History - licence,Historique licences,Historie - Lizenz,"Storico, licenza",ライセンス履歴,Histórico de licença,История лицензий,Historial de licencia,Tarih lisans,Historia - licencja,
0,.HISTORY_MU_DBVERS,4,16384,0,0,0,0,VALUE,0.0,-40.0,0,1,1,25.0,1,1,,,1,0,历史 - MU 数据库版本,Geschiedenis MU databaseversie,History - MU database version,Historique Version BdD MU,Historie - MU Datenbankversion,History - Versione database MU,履歴 - MUデータベースバージョン,,Версия БД из файла Истории,Historia de versiones de base de datos multi-usuario,MU tarih veritabanı versiyonu,Historia -wersja bazy danych MU,
0,.HISTORY_MU_PRJGUID,4,16384,0,0,0,0,VALUE,0.0,-40.0,0,1,1,25.0,1,1,,,1,0,历史 - MU 项目 GUID,Historie - MU project GUID,History - MU project GUID,Historique - GUID du projet MU,Historie - MU Projekt GUID,History - GUID progetto MU,履歴 - MUプロジェクトGUID,,История - MU проект GUID,Historia - Guia proyecto MU,Geçmiş - MU proje GUID,Historia - projekt MU GUID,
0,.HISTORY_NLF,4,16384,0,0,0,0,VALUE,0.0,-40.0,0,1,1,25.0,1,1,,,1,0,历史 - NLF,Historie - NLF,History - NLF,Historique - NLF,Historie - NLF,History - NLF,履歴 - NLF,,История - NLF,Historia - NLF,Geçmiş - NLF,Historia - NLF,
0,.HISTORY_NO_LICENSE_FOUND,4,16384,0,0,0,0,VALUE,0.0,-40.0,0,1,1,25.0,1,1,,,1,0,历史-找不到授权,Historie - geen licentie gevonden,History - no licence found,Historique - aucune licence n'a pu être trouvée,Historie - keine Lizenz gefunden,Storia - nessuna licenza trovata,履歴 - ライセンスが見つかりません,História - nenhuma licença encontrada,История - лицензия не найдена,Historia - ninguna licencia encontrada,Geçmiş - Lisans bulunamadı,Historia - nie odnaleziono licencji,
0,.HISTORY_PRJGUID,4,16384,0,0,0,0,VALUE,0.0,-40.0,0,1,1,25.0,1,1,,,1,0,历史 - 项目 GUID,Historie - project GUID,History - project GUID,Historique - GUID du project,Historie - Projekt GUID,History - GUID progetto,履歴 - プロジェクトGUID,,История - GUID проекта,Historia - Guia proyecto,Geçmiş - proje GUID,Historia - projekt GUID,
0,.HISTORY_PROJECT_FIXED,4,16384,0,0,0,0,VALUE,0.0,-40.0,0,1,1,25.0,1,1,,,1,0,历史 - 项目确认,Historie - projekt gefixed,History - project fixed,Historique- projet fixé,Historie - Projekt fixiert,History - Progetto riparato,履歴 - プロジェクト確定,,История - проект фиксирован,Historia - Proyecto fijo,Geçmiş - Proje sabit,Historia - projekt naprawiony,
0,.HISTORY_PURGEVARIANTS,4,16384,0,0,0,0,VALUE,0.0,-40.0,0,1,1,25.0,1,1,,,1,0,历史 - 清除变量,Historie - varianten verwijderen,History - purge variants,Historique - purger variantes,Historie - Varianten löschen,History - Elimina Varianti,履歴 - 仕向け消去,,История - удалить варианты,Historia - Purgar variantes,Geçmiş - Varyantları temizle,Historia - usuń warianty,
0,.HISTORY_SUBCIRCUIT_IMPORT,4,16384,0,0,0,0,VALUE,0.0,-40.0,0,1,1,25.0,1,1,,,1,0,历史 - 导入子电路,Historie - deel schakeling,History - subcircuit import,Historique - importation sous-circuit,Historie - Teilschaltung Import,History - Importazione sottocircuito,履歴 - サブ回路のインポート,,История - импорт фрагмента схемы,Historia - importar subcircuito,Geçmiş - Altdevre alma,Historia - import części schematu,
0,.HISTORY_SUBCIRCUIT_UPDATE,4,16384,0,0,0,0,VALUE,0.0,-40.0,0,1,1,25.0,1,1,,,1,0,历史 - 更新子电路,Historie - update deel schakeling,History - subcircuit update,Historique - actualisation sous-circuit,Historie - Teilschaltung Update,History - Aggiornamento sottocircuito,履歴 - サブ回路の更新,,История - обновление фрагмента схемы,Historia - actualizar subcircuito,Geçmiş - Altdevre güncelleme,Historia - zauktualizuj część schematu,
0,.HISTORY_TSFETCH,4,16384,0,0,0,0,VALUE,0.0,-40.0,0,1,1,25.0,1,1,,,1,0,DF读出记录,tijdstip van DF import,History - date of reading design file,Historique date de lecture DF,Historie - Zeitpunkt DF lesen,"Storico, Data lettura DF",DF読込みの履歴日付,Histórico de data de leitura DF,Даты чтения DF,Historial fecha de lectura de DF,Tarih DF okunma tarihi,Historia - data odczytu pliku projektu,
0,.HISTORY_TSGENERATE,4,16384,0,0,0,0,VALUE,0.0,-40.0,0,1,1,25.0,1,1,,,1,0,DF写入记录,tijdstip van DF export,History - date of writing design file,Historique date d'écriture DF,Historie - Zeitpunkt DF schreiben,"Storico, Data scrittura DF",DF書込みの履歴日付,Histórico de data de escrita DF,Даты записи DF,Historial fecha de escritura de DF,Tarih DF yazma tarihi,Historia - data zapisu pliku projektu,
0,.HISTORY_TSIMPORT,4,16384,0,0,0,0,VALUE,0.0,-40.0,0,1,1,25.0,1,1,,,1,0,导入记录,tijdstip van import,History - date of importing,Historique date d'importation,Historie - Zeitpunkt importieren,"Storico, Data di importazione",インポートの履歴日付,Histórico de data de importação,Даты импорта,Historial fecha de importación,Tarih alma tarihi,Historia - data importu,
0,.HISTORY_TSMUCREATE,4,16384,0,0,0,0,VALUE,0.0,-40.0,0,1,1,25.0,1,1,,,1,0,MU创建记录,tijdstip van nieuw MU,History - date of creating MU,Historique date de création MU,Historie - Zeitpunkt MU erzeugen,"Storico, Data creazione MU",MU作成の履歴日付,Histórico de data de criação MU,Дата создания многопользовательского режима,Historial fecha de creación de MU,Tarih MU oluşturulma tarihi,Historia - data stworzenia MU,
0,.HISTORY_TSMUSAVE,4,16384,0,0,0,0,VALUE,0.0,-40.0,0,1,1,25.0,1,1,,,1,0,MU保存记录,tijdstip van MU opslag,History - date of saving MU,Historique date d'enregistrement MU,Historie - Zeitpunkt MU speichern,"Storico, Data salvataggio MU",MU保存の履歴日付,Histórico de data em que foi salvo MU,Дата сохранения многопользовательского режима,Historial fecha de guardado de MU,Tarih MU kayıt tarihi,Historia - data zapisu MU,
0,.HISTORY_TSMUSHEETS,4,16384,0,0,0,0,VALUE,0.0,-40.0,0,1,1,25.0,1,1,,,1,0,历史 - MU项目保存为单人用户项目时间,Historie datum  opslaan MU als single-user,	Hiostry - date of saving MU as single-user,Date d'historique  d'enregistrement MU comme mono-utilisateur,Historie - Zeitpunkt MU speichern als Single-user,History - data salvataggio MU come single-user,履歴 - シングルユーザとしてのMU保存日時,,Дата сохранения MU в однопользовательский проект из файла Истории,Historia de instante de guardar multi-usuario como solo-usuario,MU geçmiş tarihini tek kullanıcı olarak sakla,History - data zapisu MU dla pojedynczego użytkownika,
0,.HISTORY_TSREPAIR,4,16384,0,0,0,0,VALUE,0.0,-40.0,0,1,1,25.0,1,1,,,1,0,修复记录,tijdstip van reparatie,History - date of repairing,Historique date de réparation,Historie - Zeitpunkt reparieren,"Storico, Data riparazione",修復の履歴日付,Histórico de data de reparo,Даты восстановления,Historial fecha de reparación,Tarih tamir tarihi,Historia - data naprawy,
0,.HISTORY_TSSAVE,4,16384,0,0,0,0,VALUE,0.0,-40.0,0,1,1,25.0,1,1,,,1,0,保存记录,tijdstip van opslag,History - date of saving,Historique date d'enregistrement,Historie - Zeitpunkt speichern,"Storico, Data salvataggio",保存の履歴日付,Histórico de data em que foi salvo,Даты сохранения,Historial fecha de guardado,Tarih kayıt tarihi,Historia - data zapisu,
0,.HYPERLINK,4,-1837146113,1020,0,0,0,VALUE,0.0,-40.0,1,1,1,25.0,1,1,,,1,0,超链接,hyperlink,Hyperlink,Lien hypertexte,Hyperlink,Hyperlink,ハイパーリンク,Hyperlink,Гиперссылка,Hipervínculo,Köprü,Hyperlink,
,.INTERN,4,2101336,0,-1,0,0,VALUE,0.0,-40.0,1,0,1,20.0,1,1,,,,0,内部连接,interne verbinding,Internal connection,Connexion interne,Interne Verbindung,Connessione interna,内部接続,Conexão interna,Внутреннее соединение,Conexión interna,İç bağlantı,Wewnętrzne połączenie,
0,.INTERNAL_SYMDES,4,67108864,0,-1,0,0,VALUE,0.0,-40.0,0,1,1,25.0,1,1,,,,0,内部符号代号,interne symboolbenaming,Internal Symbol designation,Désignation interne de symbole,Interne Symbolbezeichnung,Designazione interna simbolo,内部シンボル識別名,Designação interna de Símbolo,Внутреннее обозначение символа,Designación de símbolo interna,İç Sembol atama,Wewnętrzne oznaczenie symbolu,
0,.IS_FORMBOARD_SYMBOL,1,4194304,0,-1,0,0,VALUE,0.0,-40.0,0,1,1,25.0,1,1,,,1,0,作为模板符号使用,bruikbaar voor formboard symbool,Used for formboard symbol,Utilisable en tant que symbole Formboard,als Formboardsymbol verwendbar,utilizzabile come simbolo Formboard,フォームボードシンボルとして使用可能,utilizável como símbolo formboard,применяется как символ жгута,Utilizable como símbolo de placa de producción,Kablaj tahtası sembolü olarak kullanılabilir,Używany jako symbol formboard,
5,.ISOLATE,4,1056752,0,-1,0,0,VALUE,0.0,-40.0,1,0,1,20.0,1,1,,,,0,绝缘,isolatie,Insulation,Isolation,Abisolierung,Spelatura,絶縁体,Isolamento,Изоляция,Aislamiento,İzolasyon,Izolacja,
29,.LENGTH,3,16809984,0,-1,0,0,DEFAULT,0.0,-40.0,1,0,1,20.0,1,1,,,,0,网络段长度,netsegmentlengte,Net segment length,Longueur net,Netzsegmentlänge,Lunghezza segmento di rete,ネットセグメント長,Comprimento do segmento de rede,Длина участка цепи,Longitud segmento de red,Net parça uzunluğu,Długość segmentu sieci,
48,.MasterOf,4,0,,0,0,0,,0.0,0.0,0,0,0,0.0,0,0,,,,,主,master van,Master of,Maître de,Master von,Master di,マスター,Mestre de,Мастер,Master of,Usta,Główny,
0,.MU_PROJPERM,4,16384,0,0,0,0,VALUE,0.0,-40.0,0,1,1,25.0,1,1,,,1,0,Multi-user permission（多用户权限）,Multi-user permissie,Multi-user permission,Autorisation multi-utilisateur,Multi-user-Berechtigung,Permesso multi-utente,マルチユーザ権限,Premissão de Multi-usuário,Права в в многопользовательском проекте,Permiso de usuario múltiple,Çoklu-kullanıcı izni,Zezwolenia Multi-user,
0,.NET_CLASS,4,8192,0,-1,0,0,VALUE,0.0,-40.0,0,1,1,25.0,1,1,,,,0,网络类,net klasse,Net class,Classe de réseaux,Netz Klasse,Net class,ネットクラス,Classe de rede,Категория цепи,Clase de red,Net klas,Klasa sieci,
0,.NET_NUMBER,4,8393988,0,-1,0,0,VALUE,0.0,-40.0,1,1,1,25.0,1,1,,,,0,Net number（网络号码）,net nummer,Net number,Numéro de réseau,Netznummer,Numero Net,ネット番号,Número de Rede,Номер цепи,Número de red ,Net Numarası,Numer sieci,
0,.NET_ROUTE_CODE,4,8192,0,-1,0,0,VALUE,0.0,-40.0,0,1,1,25.0,1,1,,,,0,网络路径代码,net route code,Net route code,Net route code,Netz Weg Kennzahl,Codice route della Net,ネット配線コード,Código de roteamento de rede,Код цепи,Codigo de ruta de red,Net rota kodu,Kod trasy sieci,
0,.NET_SEGMENT_NAME,4,16777216,0,-1,0,0,VALUE,0.0,-40.0,1,1,1,25.0,1,1,,,,0,Net segment name（网络线段名称）,Net segment naam,Net segment name,Nom du segment de réseau,Netzsegmentname,Nome segmento rete,ネットセグメント名,Nome do segmento de rede,Имя участка цепи,Nombre de segmento de red,Net segment adı,Nazwa segmentu sieci,
0,.NET_SPACING,4,8192,0,-1,0,0,VALUE,0.0,-40.0,0,1,1,25.0,1,1,,,,0,网络间距,net afstand,Net spacing,Distances de réseaux,Netzabstände,Distanza Net,ネット距離,Distâncias de rede,Расстояние между цепями,Distancias de red,Net mesafe,Odstępy sieci,
0,.NUMBER_OF_WINDINGS_FOR_CORES,1,2097152,0,-1,0,0,VALUE,0.0,-40.0,0,1,1,25.0,1,1,,,,0,Number of windings per meter for cores(芯线单位长度线圈数量),Number of windings per meter for,Number of windings per meter for cores (conductors),Nombre de spires par mètre pour brins,Number of windSchlagzahl pro Meter für Aderings per meter for cores,Number of windings per meter for cores,コア1メートル当たり撚り数,Número de voltas por metro do condutor,Число витков на метр для жил,Número de devanados por metro,Damarlar için hıer metredeki büküm sayısı,Ilość skręceń na jeden metr żyły,
0,.OFFSET_X,3,4194305,0,-1,0,0,VALUE,0.0,-40.0,0,1,1,25.0,1,1,,,1,0,X偏移,X offset,X-offset,Décalage X,Verschiebung X,X Offset,Xオフセット,Offset X,Смещение по X,Desplazamiento X,X Denkleştirme,X-offset,
0,.OFFSET_Y,3,4194305,0,-1,0,0,VALUE,0.0,-40.0,0,1,1,25.0,1,1,,,1,0,Y偏移,Y offset,Y-offset,Décalage Y,Verschiebung Y,Y Offset,Yオフセット,Offset Y,Смещение по Y,Desplazamiento Y,Y Denkleştirme,Y-offset,
0,.PADDRILL,3,4194304,0,-1,0,0,VALUE,0.0,-40.0,0,1,1,25.0,1,1,,,,0,焊孔直径(PCB),boordiameter van het pad (PCB),Pad Drill diameter (PCB),Diamètre de perçage Oeillet,Bohrdurchmesser am Pad (PCB),Diametro foratura pad (PCB),パッドドリル直径(PCB),Diâmetro da furação do Pad (PCB),Диаметр отверстия контактной площадки (PCB),Diámetro de perforación placa (PCB),Yatak delme çapı (PCB),Średnica otworu płytki (PCB),
0,.PIN_SYMBOL,4,320,0,-1,0,0,VALUE,0.0,-40.0,0,1,1,25.0,1,1,,,,0,连接器针脚符号,symbool voor connector pen,Symbol for Connector Pin,Symbole pour broche de connecteur,Symbol für Steckeranschlusspunkt,Simbolo per pin connettore,コネクタピン用シンボル,Símbolo para Pino de Conector,Символ вывода соединителя,Símbolo para conector de pin,Konnektör pini için sembol,Symbol dla pinu złącza,
0,.PINVIEW_SYMBOL,4,64,0,-1,0,0,VALUE,0.0,-40.0,0,1,1,25.0,1,1,,,,0,针脚视图符号,symbool voor pen aanzicht,Symbol for pin view,Symbole pour vue de broche,Symbol für Anschlusspunkt-Ansicht,Simbolo per vista pin,ピンビュー用シンボル,Símbolo para vista de pino,Символ для изображения вывода,Símbolo para vista del pin,Pin görünümü için sembol,Symbol dla widoku pinu,
85,.PLCADDR,4,4160,0,-1,0,0,VALUE,0.0,-40.0,0,1,1,25.0,1,1,,,,0,PLC 起始地址,PLC startadres,PLC starting address,Adresse de démarrage API,SPS Startadresse,PLC indirizzo iniziale,PLC開始アドレス,Endereço Inicial PLC,ПК (PLC) - Начальный адрес,Dirección de inicio PLC,PLC Başlatma adresi,Adres startu PLC,
,.PLCPHYSADDR,4,4416,0,-1,0,0,VALUE,0.0,-40.0,1,0,1,20.0,1,70,,,4,0,PLC 物理地址,PLC fysieksadres,PLC Physical address,API - Adresse physique,SPS physikalische Adresse,PLC indirizzo fisico,PLC物理アドレス,Endereço Físico PLC,ПК (PLC) - Физический адрес,Dirección físico PLC,PLC Fiziksel adresi,Fizyczny adres PLC,
79,.PREFERRED_VIEW,1,306184193,0,-1,0,0,DEFAULT,0.0,-40.0,1,0,1,25.0,1,1,,,,0,默认视图号,standaard zichtnummer,Default View Number,Numéro de vue par défaut,Standard Nummer der Ansicht,Numero vista di default,デフォルトビュー番号,Número Padrão da Vista,Номер изображения по умолчанию,Número de vista por defecto,Varsayılan Görünüm Numarası,Domyślny numer widoku,
0,.PREVIEW_SYMBOL,4,131104,16,-1,0,0,VALUE,0.0,-40.0,0,1,1,25.0,1,1,,,,0,Preview Symbol（预览符号）,preview symbool,Preview Symbol,Symbole d'aperçu,Vorschausymbol,Simbolo anteprima,プレビューシンボル,Visualização do Símbolo,Символ предв.просмотра,Vista previa de símbolo,Sembol Görünümü,Symbol podglądu,
0,.REFERENCED_PIN,4,0,65536,0,0,0,VALUE,0.0,-40.0,0,1,1,25.0,1,1,,,1,0,,Gerefereerd aansluitpunt,Referenced Pin,Broche référencée,Referenzierter Anschlusspunkt,Pin referenziato,参照されたピン,Pino referenciado,Вывод по ссылке,Pin referenciado,Refererans alınmış pin,Pin odniesienia,
0,.SAPSTATUSTEXT,4,16384,2,-1,0,0,VALUE,0.0,-40.0,1,1,1,25.0,1,1,,,,0,SAP状态,SAP status,Status SAP,État SAP,SAP Status,Stato SAP,SAPステータス,Status do SAP,Статус SAP,Estado SAP,SAP Durumu,Status SAP,
0,.SCHEMATIC_TYPE,1,306315264,16,0,0,0,VALUE,0.0,-40.0,0,1,1,25.0,1,1,,,1,0,原理图类型,schematype,Schematic Type,Type de schéma,Schematyp,Tipo schematico,配線図タイプ,Tipo de Esquemático,Тип схемы,Tipo esquemático,Şematik Tipi,Typ schematu,
0,.SORT_FORMAT_FILE,4,18432,0,-1,0,0,VALUE,0.0,-40.0,0,1,1,25.0,1,1,,,,0,排列格式文件,Sorteer bestand,sort format file,Format de tri du fichier,Sortierungsdatei,file ordinamento,フォーマットファイルの並べ替え,,сортировать файл формата,ordenar archivo de formato,Biçim dosyasını sırala,Plik formatu sortowania,
0,.STRUCTURE_NODE_EXT_NAME,4,8192,2,-1,0,0,VALUE,0.0,-40.0,1,1,1,25.0,1,1,,,,0,结构节点EXT名称,Ext. Naam van het struktuurknooppunt,Structure Node ext name,Nom ext. du noeud de structure,Ext. Name des Strukturknotens,Nodo struttura - sigla esterna,構造ノードのEXT名,Nome externo do nó de estrutura,Внешнее имя раздела структурного дерева,Nombre externo de nodo de estructura,Yapı düğümünün ext adı,Węzeł struktury nazwa zew.,
0,.STRUCTURE_NODE_ID,4,8192,2,-1,0,0,VALUE,0.0,-40.0,1,1,1,25.0,1,1,,,,0,结构节点ID,ID van het struktuurknooppunt,Structure Node ID,ID noeud de structure,ID des Strukturknotens,Nodo struttura - ID,構造ノードＩＤ,ID do nó de estrutura,Идентификатор (ID) раздела структурного дерева,ID ne nodo de estructura,Yapı düğümü ID,ID węzła struktury,
0,.STRUCTURE_NODE_VALUE,4,8192,2,-1,0,0,VALUE,0.0,-40.0,1,1,1,25.0,1,1,,,,0,结构节点值,Waarde van het struktuurknooppunt,Structure Node value,Valeur noeud de structure,Wert des Strukturknotens,Nodo struttura - valore,構造ノード値,Valor de nó de estrutura,Значение раздела структурного дерева,Valor de nodo de estructura,Yapı düğümü değeri,Wartość węzła struktury,
0,.STRUCTURE_TEMPLATE_FILE,4,16384,0,-1,0,0,VALUE,0.0,-40.0,0,1,1,25.0,1,1,,,,0,结构模板文件,structuur sjabloon map,Structure template file,Fichier de modèles structure,Vorlagendatei für Strukturierung,File Template di Struttura,構成テンプレートファイル,Arquivo de padrão de estrutura,Файл шаблона структуры,Archivo Plantilla de Estructura,Yapı şablon doayası,Plik szablonu struktury,
0,.TOPOLOGY_SYMBOL,4,32,0,-1,0,0,VALUE,0.0,-40.0,0,1,1,25.0,1,1,,,,0,Topology symbol（拓扑符号）,Topologie symbool,Topology symbol,Symbole de topologie,Topologie-Symbol,Simbolo topologico,トポロジシンボル,Topologia do Símbolo,Символ топологии,Símbolo de topología,Topoloji sembolü,Symbol topologii,
1,.VALID_COMPOSITE,4,96,0,0,0,0,VALUE,0.0,-40.0,0,0,1,20.0,1,1,,,1,0,有效匹配连接器,geldig tegenstuk,Valid mating connector,Contre-pièce valable,Gültiges Gegenstück,Controparte valida,有効な嵌合コネクタ,Contra-peça válida,Допустимая ответная часть,Pieza complementaria válida,Geçerli Eş konnektör,Pasujące kontr-złącze,
3,.VALID_CONNPART,4,96,0,0,0,0,VALUE,0.0,-40.0,0,0,1,20.0,1,1,,,1,0,有效针脚端子,geldig cavity part,Valid cavity part,Pièce de cavité valide,Gültiges Kammermaterial,Parte di cavità valida,有効なキャビティパート,,Допустимое посадочное место,Pieza de cavidad válida,Geçerli boşluk parçası,Pasujące piny i uszczelki,
0,.VARIANT_ID,4,0,8192,-1,0,0,VALUE,0.0,-40.0,1,1,1,25.0,1,1,,,,0,变量ID,variant ID,Variant ID,ID variante,ID der Variante,ID variante,仕向けID,ID da variante,Идентификатор (ID) варианта,ID de variante,Varyant ID,ID wariantu,
0,.WIRETYPE_DEFAULT,4,12352,0,0,0,0,VALUE,0.0,-40.0,0,1,1,25.0,1,1,,,1,0,默认电线类型,standaard draad type,Default Wire Type,Type de fil par défaut,Standarddrahttyp,Tipo filo di default,デフォルトワイヤタイプ,Tipo de Fio Padrão,Default Wire Type,Tipo de hilo por defecto,Varsayılan Tel Tipi,Domyślny typ przewodu,
0,.XVL_PROJECT_NAME,4,16384,0,-1,0,0,VALUE,0.0,-40.0,0,1,1,25.0,1,1,,,,0,XVL 项目名称,XVL projectnaam,XVL ProjectName,Nom de projet XVL,XVL Projektname,XVL - ProjectName,XVLプロジェクト名,,XVL ProjectName,Nombre de proyecto XVL,XVL ProjeAdı,XVL NazwaProjektu,
0,.XVL_STRUCTURE_CABINET,4,68224,0,-1,0,0,VALUE,0.0,-40.0,1,1,1,25.0,1,1,,,,0,XVL 盘柜名称,XVL schakelkastnaam,XVL CabinetName,Nom d'armoire XVL,XVL Schaltschrankstruktur,XVL - CabinetName,XVLパネル構造,,XVL CabinetName,Nombre de armario XVL,XVL PanoAdı,XVL NazwaSzafy,
0,.XVL_STRUCTURE_MAIN,4,68224,0,-1,0,0,VALUE,0.0,-40.0,1,1,1,25.0,1,1,,,,0,XVL 主结构,XVL hoofd structuur,XVL StructureMain,Structure principale XVL,XVL Hauptstruktur,XVL - StructureMain,XVLメイン構造,,XVL StructureMain,Estructura principal XVL,XVL AnaYapı,XVL GłównaStruktura,
0,.XVL_WIRING_ORDER_NUMBER,1,6,0,-1,0,0,VALUE,0.0,-40.0,0,1,1,25.0,1,1,,,,0,XVL 配线编码,XVL draad volgorde nummer,XVL WiringOrderNumber,Numéro de séquence de cablâge XVL,XVL Verdrahtngsreihenfolge,XVL - WiringOrderNumber,XVL配線順序,,XVL WiringOrderNumber,Número de secuencia de hijo XVL,XVL TelSiparişNo,XVL KolejnosćNumerowaniaPrzewodów,
56,AdditionalPart,4,2238,4,0,0,0,VALUE,0.0,-40.0,1,0,1,20.0,1,1,,,,0,附件,bijvoegsel,Additional Part,Pièce supplémentaire,Zusatzteil 20,Parte addizionale,追加部品,Peça Adicional,Дополнительная часть,Pieza adicional,Ek Bölüm,Dodatkowy element (BOM),
58,AddLength,3,336,0,-1,0,0,VALUE,0.0,-40.0,1,0,1,20.0,1,1,,,,0,剩余长度 (mm),restlengte (mm),Rest Length (mm),Longueur résiduelle (mm),Restlänge (mm),Lunghezza residua (mm),余剰長さ(mm),Comprimento Restante (mm),Длина остатка (мм),Longitud restante (mm),Kalan Uzunluk (mm),Dodatkowa długość (mm),
0,Approval,4,162,0,-1,0,0,VALUE,0.0,-40.0,1,0,1,25.0,1,1,,,1,0,批准,toestemming,Approval,Approbation,Zulassung,Approvazione,承認,Aprovação,Апробация,Aprobación,Onaylama,Zatwierdził,
0,ArticleType,4,199330,16,-1,0,0,VALUE,0.0,-40.0,1,0,1,25.0,1,1,,,1,0,型式,Artikeltype,Article Type,Type d'article,Artikel Typ,Tipo articolo,型式,,Тип по каталогу,Tipo de artículo,Ürün Tipi,Typ artykułu,
0,AttachedDocument,4,843204771,0,0,0,0,VALUE,0.0,-40.0,1,0,1,25.0,1,1,,,1,0,数据手册,datablad,Data sheet,Fiche de données,Datenblatt,Scheda tecnica,データシート,Folha de Dados,Данные листа,Hoja de datos,Veri sayfası,Arkusz danych,
0,Attr4UseFromACPT,4,2208,0,-1,0,0,VALUE,0.0,-40.0,1,0,1,25.0,1,1,,,1,0,有效针脚端子的使用属性,Attribuut voor gebruik van aktieve fitting,Attribute for use from active pin terminal,Attribut à utiliser par la pièce de fixation active,Attribut das vom aktiven Anschlagteil benutzt wird,Attributo da usare dal terminale attivo,アクティブなピンターミナルからの使用属性,,Атрибут для использования из текущего наконечника,Atributo para usar desde borne pin activo,Aktif pin terminali için nitelik,Atrybut z aktywnego pinu złącza,
0,Attribute_Dimension,4,0,16384,-1,0,0,VALUE,0.0,-40.0,1,0,1,25.0,1,1,,,1,0,例子:属性宿主尺寸,Voorbeeld attribuut drager dimensionering eigenschappen,Example attribute owner Dimension,Exemple propriétaire d'attribut de cotation,Beispiel Attribut Träger Bemaßungseigenschaften,Attributo d'esempio - proprietrio: quota,属性オーナー寸法の例,,Пример атрибута носителя Размер,Ejemplo: Propietario de atributo Propiedades de Cota,Örnek nitelik sahibi boyutu,Przykład właściciela atrybutu Wymiarowanie,
0,Attribute_Graphic,4,0,32768,-1,0,0,VALUE,0.0,-40.0,1,0,1,25.0,1,1,,,1,0,例子:属性宿主图形,Voorbeeld attribuut drager grafische eigenschappen,Example attribute owner Graphic,Exemple propriétaire d'attribut de graphique,Beispiel Attribut Träger Grafikeigenschaften,Attributo d'esempio - proprietrio: grafica,属性オーナー図形の例,,Пример атрибута носителя Графика,"Ejemplo: Propietario de atributo Propiedades de Gráfico
Propiedades de Gráfico",Örnek nitelik sahibi grafiği,Przykład właściciela atrybutu Grafika,
0,Attribute_Text,4,0,65536,-1,0,0,VALUE,0.0,-40.0,1,0,1,25.0,1,1,,,1,0,例子:属性宿主文本,Voorbeeld attribuut drager teksteigenschappen,Example attribute owner Text,Exemple propriétaire d'attribut de texte,Beispiel Attribut Träger Texteigenschaften,Attributo d'esempio - proprietrio: testo,属性オーナーテキストの例,,Пример атрибута носителя Надпись,Ejemplo: Propietario de atributo Propiedades de Texto,Örnek nitelik sahibi metini,Przykład właściciela atrybutu Tekst,
0,BendRadius,4,393222,0,-1,0,0,VALUE,0.0,-40.0,1,0,1,25.0,1,1,,,1,0,弯曲半径,gebogen radius,Bend radius,Rayon de courbure,Biegeradius,Raggio di piegatura,屈曲半径,Raio de dobra,Радиус изгиба,Radio de curva,Eğil yarıçapı,Promień gięcia,
0,BOMpos,1,2178,0,-1,0,0,VALUE,0.0,-40.0,1,0,1,25.0,1,1,,,,0,材料清单位置,stuklijstpositie,BOM Position,Position nomenclature,Stücklistenposition,Posizione nella BOM,部品表位置,Posição LdM,Позиция спецификации,Posición de LdM,BOM Pozisyonu,Pozycja BOM,
0,BundleType,4,2097152,0,-1,0,0,VALUE,0.0,-40.0,1,0,1,25.0,1,1,,,,0,线束类型,bundeltype,Bundle Type,Type de faisceau,Bündeltyp,Tipo fascio,バンドルタイプ,Tipo de Agrupamento,Тип изоляции жил,Tipo de bundle,Paket Türü,Typ wiązki,
0,Car_body,4,1966110,0,-1,0,0,VALUE,0.0,-40.0,1,0,1,25.0,1,1,,,1,0,Car_body,carrosserie,Car_body,Carrosserie ,Karosserie,Carrozzeria,カーボディ,Carroceria,Car_body,Car_body,Araba_gövde,Karoseria,
0,Car_code,4,1966110,0,-1,0,0,VALUE,0.0,-40.0,1,0,1,25.0,1,1,,,1,0,Car_code,auto_code,Car_code,Code de conception,Entwicklungsbezeichnung,Codice sviluppo,カーコード,Código_carro,Car_code,Car_code,Araba_kod,Kod_pojazdu,
0,ChangeDate,4,16384,1024,-1,0,0,VALUE,0.0,-40.0,1,0,1,25.0,1,1,,,1,0,修改日期,modificatiedatum,Modification date,Date de modification,Änderungsdatum,Data di modifica,変更日付,Data de Alteração,Дата изменения,Fecha de modificación,Tadilat tarihi,Data modyfikacji,
0,ChangeHistory,4,33554432,1024,0,0,0,VALUE,0.0,-40.0,1,0,1,25.0,1,1,,,,0,修改记录,modificatiehistorie,Modification history,Historique des modifications,Änderungshistorie,Elenco modifiche,変更履歴,Histórico de Alteração,История изменения,Historial de modificaciones,Tadilat tarih,Historia modyfikacji,
0,ChangeReleased,5,16384,1024,-1,0,0,VALUE,0.0,-40.0,1,0,1,25.0,1,1,,,1,0,修改释放,modificatie vrijgegeven,Modification released,Modifications autorisées,Änderung freigegeben,Rilascia modifica,変更リリース,Alteração - Lançamento,Версия изменения,Modificación lanzada,Tadilat yayımlandı,Modyfikacja zwolniona,
0,ChangeShortText,4,16384,1024,-1,0,0,VALUE,0.0,-40.0,1,0,1,25.0,1,1,,,1,0,修改简要文本,modificatie - korte tekst,Modification short text,Courte description des modifications,Änderungskurztext,Sigla di modifica,変更ショートテキスト,Alteração - Texto Curto,Заголовок изменения,Texto corto de modificación,Tadilat kısa metin,Krótki tekst modyfikacji,
0,ChangeText,4,33570816,1024,0,0,0,VALUE,0.0,-40.0,1,0,1,25.0,1,1,,,,0,修改文本,modificatietekst,Modification text,Description des modifications,Änderungstext,"Modifica, descrizione",変更テキスト,Alteração - Texto,Текст изменения,Texto de modificación,Tadilat metni,Tekst modyfikacji,
0,ChangeUser,4,16384,1024,-1,0,0,VALUE,0.0,-40.0,1,0,1,25.0,1,1,,,1,0,修改用户,modificatiebewerker,Modification user,Modifications faites par,Änderungsbearbeiter,Modificato da,変更ユーザ,Alteração - Usuário,Выполнил изменение,Usuario de modificación,Tadilat kullanıcı,Użytkownik modyfikujący,
0,ChangeVersion,4,16384,1024,-1,0,0,VALUE,0.0,-40.0,1,0,1,25.0,1,1,,,2,0,修改索引,modificatiebenaming,Modification index,Index des modifications,Änderungskennzeichen,Indice di modifica,変更インデックス,Alteração - Versão,Индекс изменения,Índice de modificación,Tadilat kütüğü,Indeks modyfikacji,
,Class_castellano,4,809631776,16,-1,0,0,VALUE,0.0,-40.0,1,0,1,20.0,1,1,,,1,0,数据库类  西班牙语,databankklasse Spaans,Database Class Spanish,Classe de base de données espagnole,Datenbankklasse spanisch,Classe database spagnolo,データベースクラス(スペイン語),Classe do Banco de Dados em Espanhol,Класс в Базе Данных (исп.),Clase de Base de datos castellano,Veritabanı klas İspanyolca,Klasa bazy danych hiszpański,
,Class_chinese,4,809631776,16,-1,0,0,VALUE,0.0,-40.0,1,0,1,20.0,1,1,,,,0,数据库类  汉语,databankklasse Chinees,Database Class Chinese,Classe de base de données chinoise,Datenbankklasse chinesisch,Classe database cinese,データベースクラス(中国語),Classe do Banco de Dados em Chinês,Класс в Базе Данных (…...),Clase de Base de datos china,Veritabanı klas Çince,Klasa bazy danych chiński,
,Class_deutsch,4,809631776,16,-1,0,0,VALUE,0.0,-40.0,1,0,1,20.0,1,1,,,1,0,数据库类  德语,databankklasse Duits,Database Class German,Classe de base de données allemande,Datenbankklasse deutsch,Classe database tedesco,データベースクラス(ドイツ語),Classe do Banco de Dados em Alemão,Класс в Базе Данных (нем.),Clase de Base de datos alemán,Veritabanı klas Almanca,Klasa bazy danych niemiecki,
,Class_english,4,809631776,16,-1,0,0,VALUE,0.0,-40.0,1,0,1,20.0,1,1,,,1,0,数据库类  英语,databankklasse Engels,Database Class English,Classe de base de données anglaise,Datenbankklasse englisch,Classe database inglese,データベースクラス(英語),Classe do Banco de Dados em Inglês,Класс в Базе Данных (англ.),Clase de Base de datos inglés,Veritabanı klas İngilizce,Klasa bazy danych angielski,
,Class_francais,4,809631776,16,-1,0,0,VALUE,0.0,-40.0,1,0,1,20.0,1,1,,,1,0,数据库类  法语,databankklasse Frans,Database Class French,Classe de base de données française,Datenbankklasse französisch,Classe database francese,データベースクラス(フランス語,Classe do Banco de Dados em Francês,Класс в Базе Данных (фр.),Clase de Base de datos francés,Veritabanı klas Fransızca,Klasa bazy danych francuski,
,Class_italiano,4,809631776,16,-1,0,0,VALUE,0.0,-40.0,1,0,1,20.0,1,1,,,,0,数据库类  意大利语,databankklasse Italiaans,Database Class Italian,Classe de base de données italienne,Datenbankklasse italienisch,Classe database italiano,データベースクラス(イタリア語）,Classe do Banco de Dados em Italiano,Класс в Базе Данных (ит.),Clase de Base de datos italiana, Veritabanı klas İtalyanca,Klasa bazy danych włoski,
0,Class_japanese,4,809631776,16,-1,0,0,VALUE,0.0,-40.0,1,0,1,20.0,1,1,,,,0,数据库类  日语,databankklasse Japans,Database Class Japanese,Classe de base de données Japonaise,Datenbankklasse japanisch,Classe database giapponese,データベースクラス(日本語),Classe de Banco de Dados em Japonês,Класс в базе данных (япон.),Clase de Base de datos japonés,Veritabanı klas Japonca,Klasa bazy danych japoński,
,Class_nederlands,4,809631776,16,-1,0,0,VALUE,0.0,-40.0,1,0,1,20.0,1,1,,,,0,数据库类  荷兰语,databankklasse Nederlands,Database Class Dutch,Classe de base de données hollandais,Datenbankklasse niederländisch,Classe database olandese,データベースクラス(オランダ語),Classe do Banco de Dados em Holandês,Класс в Базе Данных (голл.),Clase de Base de datos neerlandés,Veritabanı klas Flemenkçe,Klasa bazy danych holenderski,
,Class_portugues,4,809631776,16,-1,0,0,VALUE,0.0,-40.0,1,0,1,20.0,1,1,,,,0,数据库类  葡萄牙语,databankklasse Portugees,Database Class Portuguese,Classe de base de données portuguese,Datenbankklasse portugiesisch,Classe database portoghese,データベースクラス(ポルトガル語),Classe do Banco de Dados em Português,Класс в Базе Данных (порт.),Clase de Base de datos portugués,Veritabanı klas Portekizce,Klasa bazy danych portugalski,
,Class_russian,4,809631776,16,-1,0,0,VALUE,0.0,-40.0,1,0,1,20.0,1,1,,,,0,数据库类  俄语,databankklasse Russisch,Database Class Russian,Classe de base de données russe,Datenbankklasse russisch,Classe database russo,データベースクラス(ロシア語),Classe do Banco de Dados em Russo,Класс в Базе Данных (рус.),Clase de Base de datos rusa,Veritabanı klas Rusca,Klasa bazy danych rosyjski,
,Class_turkce,4,809631776,16,-1,0,0,VALUE,0.0,-40.0,1,0,1,20.0,1,1,,,,0,数据库类  土耳其语,databankklasse Turkisch,Database Class Turkish,Classe de base de données turque,Datenbankklasse türkisch,Classe database turco,データベースクラス(トルコ語),Classe do Banco de Dados em Turco,Класс в Базе Данных (турецк.),Clase de Base de datos turca,Veritabanı klas Türkçe,Klasa bazy danych turecki,
0,cmNoComparison,5,851786727,22,-1,0,0,VALUE,0.0,-40.0,1,0,1,25.0,1,1,,,1,0,rmNoComparison,rmGeenVergelijk,rmNoComparison,rmAucuneComparaison,rmKeinVergleich,rmNoComparison,cmNoComparison,rmNenhumaComparação,rmNoComparison,rmNingunaComparación,rmKarşılaştırmaYok,rmBrakPorównania,
0,CompClass_Characteristic,4,32,0,-1,0,0,VALUE,0.0,-40.0,1,0,1,25.0,1,1,,,1,0,(Class) Characteristic（特性）,(Class) karakteristiek,(Class) Characteristic,(Class) Caractéristique,(Class) Charakteristik,(Class) Rappresentazione,(Class) 特性,(Classe) Característica,(Класс) Характеристика,(Class) Característica,(CC) Karekteristik,(Klasa) Charakterystyka,
0,CompClass_ContactsA,4,32,0,-1,0,0,VALUE,0.0,-40.0,1,0,1,25.0,1,1,,,1,0,(Class) Auxiliary Contacts（辅助触点）,(Class) hulpkontakt,(Class) Auxiliary Contacts,(Class) Contacts auxiliaires,(Class) Hilfskontakte,(Class) Contatti ausiliari,(Class) 補助コンタクト,(Classe) Contatos Auxiliares,(Класс) Контакты дополнительные,(Class) Contactos auxiliares,(CC) Yardımcı Kontak,(Klasa) Styki pomocnicze,
0,CompClass_ContactsM,4,32,0,-1,0,0,VALUE,0.0,-40.0,1,0,1,25.0,1,1,,,1,0,(Class) Main Contacts（主触点）,(Class) hoofdkontakt,(Class) Main Contacts,(Class) Contacts principaux,(Class) Hauptkontakte,(Class) Contatti di potenza,(Class) メインコンタクト,(Classe) Contatos Principais,(Класс) Контакты главные,(Class) Contactos principales,(CC) Ana Kontak,(Klasa) Główne styki,
0,CompClass_CoreIdent,4,131104,0,-1,0,0,VALUE,0.0,-40.0,1,0,1,25.0,1,1,,,1,0,(Class) Core Identification（芯线识别）,(Class) ader indentifikatie,(Class) Core Identification,(Class) Identification de brin,(Class) Aderkennzeichnung,(Class) Sigla conduttore,(Class) コア識別,(Classe) Identificação do contutor,(Класс) Идентификатор жилы,(Class) Identificación de vena,(CC) Damar  tanıma,(Klasa) Identykacja żył,
0,CompClass_Current,4,32,0,-1,0,0,VALUE,0.0,-40.0,1,0,1,25.0,1,1,,,1,0,(Class) Current（电流）,(Class) stroom,(Class) Current,(Class) Alimentation,(Class) Strom,(Class) Corrente,(Class) 電流,(Classe) Corrente,(Класс) Ток,(Class) Actual,(CC)  Akım,(Klasa) Prąd,
0,CompClass_Diameter,4,131104,16,-1,0,0,VALUE,0.0,-40.0,1,0,1,25.0,1,1,,,1,0,(Class) Diameter（直径）,(Class) drawsdoorsnede,(Class) Diameter,(Class) Diamètre,(Class) Durchmesser,(Class) Sezione,(Class) 直径,(Classe) Diametro,(Класс) Диаметр,(Class) Diámetro,(CC)  Çap,(Klasa) Średnica,
0,CompClass_NumOfCores,4,131104,0,-1,0,0,VALUE,0.0,-40.0,1,0,1,25.0,1,1,,,1,0,(Class) Number of cores（芯线数量）,(Class) aantal ader,(Class) Number of cores,(Class) Nombre de brins,(Class) Aderanzahl,(Class) Numero di conduttori,(Class) コア数,(Classe) Número de condutores,(Класс) Число жил,(Class) Número de venas,(CC)  Damar numarası,(Klasa) Ilość żył,
0,CompClass_NumOfPoles,4,32,0,-1,0,0,VALUE,0.0,-40.0,1,0,1,25.0,1,1,,,1,0,(Class) Number of poles（极点数量）,(Class) aantal pools,(Class) Number of poles,(Class) Nombre de pôles,(Class) Polanzahl,(Class) Numero di poli,(Class) 極数,(Classe) Número de Pólos,(Класс) Число контактов,(Class) Número de polos,(CC) Kutup numarası,(Klasa) Ilość biegunów,
0,CompClass_RPM,4,32,0,-1,0,0,VALUE,0.0,-40.0,1,0,1,25.0,1,1,,,1,0,(Class) rpm,(Class) toerental,(Class) rpm,(Class) tr/min,(Class) Drehzahl,(Class) Numero giri,(Class) RPM,(Classe) rpm,(Класс) об/мин,(Class) rpm,(CC)  rpm,(Klasa) Obr./min,
0,CompClass_Shield,4,131104,0,-1,0,0,VALUE,0.0,-40.0,1,0,1,25.0,1,1,,,1,0,(Class) Shield（屏蔽）,(Class) scherm,(Class) Shield,(Class) Blindage,(Class) Schirm,(Class) Schermo,(Class) シールド,(Classe) Blindagem,(Класс) Экран,(Class) Blindaje,(CC) Ekranlı,(Klasa) Ekran,
0,CompClass_Ub,4,32,0,-1,0,0,VALUE,0.0,-40.0,1,0,1,25.0,1,1,,,1,0,(Class) Operating voltage（操作电压）,(Class) werkspanning,(Class) Operating voltage,(Class) Tension Ub,(Class) Betriebsspannung,(Class) Tensione di alimentazione,(Class) 電圧 Ub,(Classe) Tensão de Operação,(Класс) Напряжение Ub,(Class) Voltaje Ub,(CC)  Volt,(Klasa) Napięcie robocze,
0,ComponentGroup,4,2210,0,0,0,0,VALUE,0.0,-40.0,1,0,1,25.0,1,1,,,1,0,元件编组,toestel groep,Component Group,Groupe de composants,Bauteilgruppe,Gruppo componenti,コンポーネントグループ,Grupo de Compoentes,Группа изделий в БД,Grupo de componente,Bileşen Grubu,Grupa komponentu,
0,ConfigSubtractDescription,4,-2147483648,0,-1,0,0,VALUE,0.0,-40.0,1,0,1,25.0,1,1,,,1,0,配置描述,beschrijving van konfigurator,Configurator description,Description configurateur,Beschreibung Konfigurator,Descrizione configuratore,コンフィギュレータ表記,Descrição do configurador,Описание конфигуратора,Descripción de configurador,Yapılandırıcı açıklaması,Opis konfiguratora,
0,Copper,4,393222,0,-1,0,0,VALUE,0.0,-40.0,1,0,1,25.0,1,1,,,1,0,铜号,kopernummer,Copper Number,Quantité de cuivre,Kupferzahl,Numero rame,銅番号,Número do Cobre,Площадь металлизации,Número de cobre,Bakır Numarası,Numer miedzi,
0,Country,4,1966110,0,-1,0,0,VALUE,0.0,-40.0,1,0,1,25.0,1,1,,,1,0,国家,land,Country,Pays,Land,Paese,国,País,Страна,Campo,Vatan,Kraj,
0,CSA,4,393222,0,-1,0,0,VALUE,0.0,-40.0,1,0,1,25.0,1,1,,,1,0,CSA许可,toestemming CSA,Permission CSA,Admission CSA,Zulassung CSA,Certificazione CSA,CSA認可,Permissão CSA,Допуск CSA,Permiso CSA,İzin verilen CSA,Pozwolenie CSA,
0,Cut,1,128,0,0,0,0,VALUE,0.0,-40.0,1,0,1,25.0,1,1,,,1,0,切割,doorsnede,Cut,Coupe,Schnitt,Taglio,カット,Corte,Отрезка,Corta,Kes,Cięcie,
0,CuttingLength,4,393220,0,-1,0,0,VALUE,0.0,-40.0,1,0,1,25.0,1,1,,,1,0,切割长度,doorsneelengte,Cutting Length,Longueur de coupe,Schnittlänge,Lunghezza di taglio,カット長,Comprimento de Corte,Длина отрезки,Longitud de corta,Uzunluk Kesme,Długość cięcia,
33,DB_User,4,809631776,16,-1,0,0,VALUE,0.0,-40.0,1,0,1,20.0,1,1,,DB_User,,0,数据库用户,databank gebruiker,Database User,Utilisateur de base de données,Datenbankbearbeiter,Utente database,データベースユーザ,Usuário do Banco de Dados,Пользователь Базы Данных,Usuario de base de datos,Veritabanı kullanıcısı,Użytkownik bazy danych,
0,DemoFeature,4,845293731,1044,-1,0,0,VALUE,0.0,-40.0,1,0,1,25.0,1,1,,,1,0,New Feature,New Feature,New Feature,New Feature,Demo Besonderheit,New Feature,New Feature,New Feature,New Feature,New Feature,New Feature,Nowa funkcja,
,Description_castellano,4,809631776,16,-1,0,0,VALUE,0.0,-40.0,1,0,1,20.0,1,1,,,,0,数据库描述  西班牙语,databankbeschrijving Spaans,Database Description Spanish,Description de base de données espagnole,Datenbankbeschreibung spanisch,Descrizione database spagnolo,データベース表記(スペイン語),Descrição do Banco de Dados em Espanhol,Описание в Базе Данных (исп.),Descripción de Base de datos castellano,Veritabanı Açıklama İspanyolca ,Opis bazy danych hiszpański,
,Description_chinese,4,809631776,16,-1,0,0,VALUE,0.0,-40.0,1,0,1,20.0,1,1,,,,0,数据库描述  汉语,databankbeschrijving Chinees,Database Description Chinese,Description de base de données chinoise,Datenbankbeschreibung chinesisch,Descrizione database cinese,データベース表記(中国語),Descrição do Banco de Dados em Chinês,Описание в Базе Данных (…....),Descripción de Base de datos china,Veritabanı Açıklama Çince,Opis bazy danych chiński,
,Description_deutsch,4,809631776,16,-1,0,0,VALUE,0.0,-40.0,1,0,1,20.0,1,1,,,1,0,数据库描述  德语,databankbeschrijving Duits,Database Description German,Description de base de données allemande,Datenbankbeschreibung deutsch,Descrizione database tedesco,データベース表記(ドイツ語),Descrição do Banco de Dados em Alemão,Описание в Базе Данных (нем.),Descripción de Base de datos alemán,Veritabanı Açıklama Almanca,Opis bazy danych niemiecki,
,Description_english,4,809631776,16,-1,0,0,VALUE,0.0,-40.0,1,0,1,20.0,1,1,,,1,0,数据库描述  英语,databankbeschrijving Engels,Database Description English,Description de base de données anglaise,Datenbankbeschreibung englisch,Descrizione database inglese,データベース表記(英語),Descrição do Banco de Dados em Inglês,Описание в Базе Данных (англ.),Descripción de Base de datos inglés,Veritabanı Açıklama İngilizce,Opis bazy danych angielski,
,Description_francais,4,809631776,16,-1,0,0,VALUE,0.0,-40.0,1,0,1,20.0,1,1,,,1,0,数据库描述  法语,databankbeschrijving Frans,Database Description French,Description de base de données française,Datenbankbeschreibung französisch,Descrizione database francese,データベース表記(フランス語),Descrição do Banco de Dados em Francês,Описание в Базе Данных (фр.),Descripción de Base de datos francés,Veritabanı Açıklama Fransızca,Opis bazy danych francuski,
,Description_italiano,4,809631776,16,-1,0,0,VALUE,0.0,-40.0,1,0,1,20.0,1,1,,,,0,数据库描述  意大利语,databankbeschrijving Italiaans,Database Description Italian,Description de base de données italienne,Datenbankbeschreibung italienisch,Descrizione database italiano,データベース表記(イタリア語),Descrição do Banco de Dados em Italiano,Описание в Базе Данных (ит.),Descripción de Base de datos italiano,Veritabanı Açıklama İtalyanca,Opis bazy danych włoski,
0,Description_japanese,4,809631776,16,-1,0,0,VALUE,0.0,-40.0,1,0,1,20.0,1,1,,,,0,数据库描述 日语,databankbeschrijving Japans,Database Description Japanese,Description de base de données Japonaise,Datenbankbeschreibung japanisch,Descrizione database giapponese,データベース表記(日本語),Descrição de Banco de Dados em Japonês,Описание в Базе Данных (япон.),Descripción de Base de datos japonés,Veritabanı Açıklama Japonca,Opis bazy danych japoński,
,Description_nederlands,4,809631776,16,-1,0,0,VALUE,0.0,-40.0,1,0,1,20.0,1,1,,,,0,数据库描述  荷兰语,databankbeschrijving Nederlands,Database Description Dutch,Description de base de données hollandais,Datenbankbeschreibung niederländisch,Descrizione database olandese,データベース表記(オランダ語),Descrição do Banco de Dados em Holandês,Описание в Базе Данных (голл.),Descripción de Base de datos neerlandés,Veritabanı Açıklama Flemankçe,Opis bazy danych holenderski,
,Description_portugues,4,809631776,16,-1,0,0,VALUE,0.0,-40.0,1,0,1,20.0,1,1,,,,0,数据库描述  葡萄牙语,databankbeschrijving Portugees,Database Description Portuguese,Description de base de données portuguese,Datenbankbeschreibung portugiesisch,Descrizione database portoghese,データベース表記(ポルトガル語),Descrição do Banco de Dados em Português,Описание в Базе Данных (порт.),Descripción de Base de datos portugués,Veritabanı Açıklama Portekizce,Opis bazy danych portugalski,
,Description_russian,4,809631776,16,-1,0,0,VALUE,0.0,-40.0,1,0,1,20.0,1,1,,,,0,数据库描述  俄语,databankbeschrijving Russisch,Database Description Russian,Description de base de données russe,Datenbankbeschreibung russisch,Descrizione database russo,データベース表記(ロシア語),Descrição do Banco de Dados em Russo,Описание в Базе Данных (рус.),Descripción de Base de datos rusa,Veritabanı Açıklama Rusca,Opis bazy danych rosyjski,
0,Description_text,4,5440,0,-1,0,0,VALUE,0.0,-40.0,1,0,1,25.0,1,1,,,,0,针脚描述,pinbeschrijving,Pin Description,Description de broche,Anschlusspunktbeschreibung,Descrizione pin,ピン表記,Descrição de pino,Описание вывода,Descripción de pin,Pin Açıklaması,Opis pinu,
,Description_turkce,4,809631776,16,-1,0,0,VALUE,0.0,-40.0,1,0,1,20.0,1,1,,,,0,数据库描述  土耳其语,databankbeschrijving Turkisch,Database Description Turkish,Description de base de données turque,Datenbankbeschreibung türkisch,Descrizione database turco,データベース表記(トルコ語),Descrição do Banco de Dados em Turco,Описание в Базе Данных (турецк.),Descripción de Base de datos turca,Veritabanı Açıklama Türkçe,Opis bazy danych turecki,
0,Desina,4,393222,0,-1,0,0,VALUE,0.0,-40.0,1,0,1,25.0,1,1,,,1,0,Desina许可,toestemming Desina,Permission Desina,Admission Desina,Zulassung Desina,Certificazione Desina,Desina認可,Permissão Desina,Допуск Desina,Permiso Desina,Desina dan onaylıdır,Zezwolenie Desina,
0,DevDes-EL-Customer,4,2178,4,-1,0,0,VALUE,0.0,-40.0,1,0,1,25.0,1,1,,,1,0,用户对象代号电气,klanten toestelbenaming (elektrisch),Customer device designation (electric),"Désignation d'élément du client, électrique",Kunden BMK elektrisch,Designazione materiale elettrica cliente,顧客アイテム識別名電気,designação elétrica de item de cliente,обозначение поставщика - электрика,Designación de objeto eléctrico definida por el usuario,müşteri öğe atama elektrik,Oznaczenie urządzenia klienta (elektryczne),
0,DevDes-EL-Internal,4,2178,4,-1,0,0,VALUE,0.0,-40.0,1,0,1,25.0,1,1,,,1,0,内部对象代号电气,interne toestelbenaming (elektrisch),Internal device designation (electric),"Désignation d'élément interne, électrique",Internes BMK elektrisch,Designazione materiale elettrico interna,内部アイテム識別名電気,designação elétrica de item interno,внутреннее позиционное обозначение - электрика,Designación interna de objeto eléctrico,iç öğe atama elektrik,Wewnętrzne oznaczenie urządzenia (elektryczne),
0,Device_Text_Instances,4,68256,0,0,0,0,VALUE,0.0,-40.0,1,0,1,25.0,1,1,,,,0,对象代号(文本类型),toestelbenaming (text instantie),Device designation (text instance),Désignation d'élément (instance de texte),Betriebsmittelkennzeichen (Text Instanz),Designazione materiale (istanza testo),アイテム識別名（テキストインスタンス）,Designação de Ítem (Instância  de texto),Позиционное обозначение (Вариант надписи),Designación de Objeto (Instancia de Texto),Öğe atama (Metin örnek),Oznaczenie urządzenia (instancja tekstu),
0,DeviceName_Electrical,4,4160,0,0,0,0,VALUE,0.0,-40.0,1,0,1,25.0,1,1,,,,0,对象代号_电气,toestelbenaming elektrisch,Device designation (electric),Désignation d'élément Electrique,Betriebsmittelkennzeichen Elektrisch,Designazione Dispositivo - elettrica,アイテム識別名(電気),Designação de Item Elétrico,Обозначение электрической схемы,Designación de Objeto - eléctrica,Öğe atama Elektrik,Oznaczenie urządzenia (elektryczne),
0,DeviceName_Fluid,4,4160,0,-1,0,0,VALUE,0.0,-40.0,1,0,1,25.0,1,1,<nn>,,2,0,对象代号_电气 (1),toestelbenaming fluid,Device designation (fluid),Désignation d'élément Fluide,Betriebsmittelkennzeichen Fluid,Designazione Dispositivo - fluidica,アイテム識別名(流体),Designação de Item Hidráulico,Обозначение гидравлической схемы,Designación de Objeto - Fluid,Öğe atama Akışkan,Oznaczenie urządzenia (hydr./pneu.),
0,DeviceName_Pneumatic,4,541460647,0,-1,0,0,VALUE,0.0,-40.0,1,0,1,25.0,1,1,,,1,0,对象代号_气动,toestelbenaming pneumatisch,Device designation (pneumatic),Désignation d'élément Pneumatique,Betriebsmittelkennzeichen Pneumatik,Designazione Dispositivo - pneumatica,アイテム識別名(空力),Designação de Item Pneumático,Обозначение пневматической схемы,Designación de Objeto - neumática,Öğe atama Pnömatik,Oznaczenie urządzenia (pneumatyka),
0,DeviceSubFunction,4,4160,0,0,0,0,VALUE,0.0,-40.0,1,0,1,25.0,1,1,,,1,0,设备子功能,sub-funktie van toestel,Device sub-function,Sous-fonction d'appareil,Betriebsmittel-Unterfunktion,Sottofunzione dispositivo,デバイスサブ機能,Sub-função do dispositivo,Субфункция изделия,Sub-función dispositivo,Cihaz alt işlev,Podfunkcja urządzenia,
0,Diameter,4,393222,0,0,0,0,VALUE,0.0,-40.0,1,0,1,25.0,1,1,,,1,0,直径,diameter,Diameter for cables and cores (conductors),Diamètre,Durchmesser,Diametro,直径,Diâmetro,Диаметр,Diámetro,Kablo ve famar için çap,Przekrój kabli i żył (żyły),
55,Dismanteling,3,8,0,-1,0,0,VALUE,0.0,-40.0,1,0,1,20.0,1,1,,,,0,剥绝缘皮(mm),ontmanteling (mm),Amount of insulation to be cut back/stripped (mm),Dénudage (mm),Abmantelung (mm),Sguainatura (mm),剥きしろ(mm),Decapagem (mm),Длина жилы без оболочки кабеля (мм),Dismanteling (mm),Parça boyutu(mm),Ilośc izolacji do usunięcia/odizolowania (mm),
,Dismanteling_Shield,3,8,0,0,0,0,VALUE,0.0,-40.0,1,0,1,20.0,1,1,,,,0,剥绝缘皮 Shield (mm),ontmanteling Shield (mm),Amount of insulation to be cut back/stripped Shield (mm),Dénudage Shield (mm),Abmantelung Schirm (mm),Sguainatura Shield (mm),剥きしろShield (mm),Decapagem Shield (mm),Длина жилы без оболочки кабеля Shield (мм),Dismanteling Shield (mm),Parça boyutu Shield (mm),Ilość izolacji do usunięcia/odizolowania dla ekranu (mm),
0,Displacement,4,1966110,0,-1,0,0,VALUE,0.0,-40.0,1,0,1,25.0,1,1,,,1,0,替换,verplaatsing,Engine displacement,Cylindrée,Hubraum,Cilindrata,置き換え,Deslocamento,Рабочий объем,Displacement,Yerinden çıkartma,Objętość skokowa silnika,
0,Display_in_ConnectionList,5,5440,0,-1,0,0,VALUE,0.0,-40.0,1,0,1,25.0,1,1,,,,0,连接表显示,weergave in verbindingslijst,Display in Connection List,Affichage dans liste des connexions,Anzeige in Verbindungsliste,Visualizza nella lista connessioni,接続リストの表示,Exibir na Lista de Conexões,Отображать в таблице соединений,Visualización en la lista de conexión,Bağlantı listesini görüntüle,Wyświetl w liście połączeń,
0,Door,4,1966110,0,-1,0,0,VALUE,0.0,-40.0,1,0,1,25.0,1,1,,,1,0,门,deur,Door,Portière,Tür,Portiera,ドア,Porta,Дверь,Puerta,Kapı,Drzwi,
0,DrillHoleDefinition,4,2080,0,0,0,0,VALUE,0.0,-40.0,1,0,1,25.0,1,1,,,1,0,钻孔定义,Boorgat definitie,Drillhole Definition,Definition du trou de forage,Bohrlochdefinition,Definizione di foratura,ドリル穴定義,Definição de furo,Определение отверстия сверловки,Definición de perforación,Delik Tanımı,Definicja otworów,
89,E3.ePLM_Description,4,-2147483648,0,-1,0,0,VALUE,0.0,0.0,1,0,1,25.0,1,1,,,,0,E3.ePLM Description(描述),E3.ePLM beschrijving,E3.ePLM Description,Description E3.ePLM,E3.ePLM Aktionsbeschreibung,E3.ePLM Descrizione azione,E3.ePLM表記,E3.ePLM Descrição ,E3.ePLM Описание,E3.ePLM Descripción,E3.ePLM Açıklama,E3.ePLM opis,
90,E3.ePLM_Function,4,-2147483648,0,-1,0,0,VALUE,0.0,0.0,1,0,1,25.0,1,1,,,,0,E3.ePLM Function（功能）,E3.ePLM functie,E3.ePLM Function,Fonction E3.ePLM,E3.ePLM Funktion,E3.ePLM Funzione,E3.ePLM機能,E3.ePLM Função ,E3.ePLM Функция,E3.ePLM Función,E3.ePLM Foksiyon,E3.ePLM funkcja,
88,E3.ePLM_FunctionName,4,-2147483648,0,-1,0,0,VALUE,0.0,0.0,1,0,1,25.0,1,1,,,,0,E3.ePLM Function Name（功能名称）,E3.ePLM functie naam,E3.ePLM Function Name,NomFonction E3.ePLM,E3.ePLM Funktionsname,E3.ePLM Azione,E3.ePLM機能名,E3.ePLM Nome da Função,E3.ePLM ИмяФункции,E3.ePLM Nombre de función,E3.ePLM FonksiyonAdı,E3.ePLM nazwa funkcji,
43,EAN_Num,4,131104,16,-1,0,0,VALUE,0.0,-40.0,1,0,1,20.0,1,1,,,,0,EAN号,EAN nummer,EAN Number,Numéro EAN,EAN Nummer,Codice EAN,EAN番号,Número EAN,Номер EAN,Número EAN,EAN Numarası,Numer EAN,
0,eCl@ss,4,68256,0,-1,0,0,VALUE,0.0,-40.0,1,0,1,25.0,1,1,,,1,0,eCl@ss 类,eCl@ss klasse,eCl@ss class,eCl@ss Classe,eCl@ss Klasse,eCl@ss Classe,eCl@ss クラス,eCl@ss Classe,eCl@ss Класс,eCl@ss Clase,eCl@ss Klas,Klasa eCl@ss,
0,Engine,4,1966110,0,-1,0,0,VALUE,0.0,-40.0,1,0,1,25.0,1,1,,,1,0,引擎,motor,Engine,Moteur,Motor,Motore,エンジン,Motor,Двигатель,Engine,Motor,Silnik,
0,ExcludeDevice,5,2080,0,-1,0,0,VALUE,0.0,-40.0,1,0,1,25.0,1,1,,,1,0,不包括设备,Uitsluiten Device,Exclude Device,Exclure appareil,Betriebsmittel ausschliessen,Escludere dispositivo,除外デバイス,Excluir o dispositivo,Исключить изделие в проекте,Excluir dispositivo,Cihazı dışla,Wyklucz urządzenia,
0,First_Pin_number,4,68256,0,-1,0,0,VALUE,0.0,-40.0,1,0,1,25.0,1,1,,,1,0,First pin number（阵脚数量）,First pin number,First pin number,Premier numéro de broche,Erster Anschlusspunktname,Numero primo pin,第1ピン名,Primeiro Número do pino,Номер 1-го вывода (ключа),Primero nombre de pin,First pin number,Pierwszy numer pinu,
0,FixDeviceName,5,68226,0,-1,0,0,VALUE,0.0,-40.0,1,0,1,25.0,1,1,,,1,0,固定对象代号,fixe toestelbenaming,Fix Item designation,Désignation fixe d'élément,Fixes Betriebsmittelkennzeichen,Designazione dispositivo fissa,固定アイテム識別名,Designação de Ítem Fixa,Обозначение фиксированного элемента,Fix Item designation,Öğe atamayı düzelt,Stałe oznaczenie elementu,
,Function,4,-2082530881,1028,0,0,0,VALUE,0.0,-40.0,1,0,1,20.0,1,17,,,,0,功能,functie,Function,Fonction,Funktion,Funzione,機能,Função,Функция,Función,Fonksiyon,Funkcja,
0,FunctionalDescription,4,0,2048,-1,0,0,VALUE,0.0,-40.0,1,0,1,25.0,1,1,,,1,0,Functional Description（功能描述）,functie beschrijving,Functional Description,Description fonctionnelle,Funktionsbeschreibung,Descrizione funzionale,論理表記,Descrição Funcional,Функциональное описание,Descripción funcional,Fonksiyonel Açıklama,Opis funkcjonalny,
0,Group,1,2048,0,0,0,0,VALUE,0.0,-40.0,1,0,1,25.0,2,1,,,1,0,编组,groep,Group,Groupe,Gruppe,Gruppo,グループ,Grupo,Группа,Grupo,Grup,Grupa,
0,HighestChangeCount,1,16384,0,-1,0,0,VALUE,0.0,-40.0,1,0,1,25.0,1,1,,,1,0,最大修改数,hoogste modificatienummer,Highest Change Number,Le plus haut numéro de modification,Höchste Änderungsnummer,Indice di modifica massimo,最大変更番号,Maior Número de Alteração,Последний номер для изменения,Número de modificación más alto,En yüksek değişim numarası,Najwyższy numer zmiany,
0,InsulationType,4,393216,0,-1,0,0,VALUE,0.0,-40.0,1,0,1,25.0,1,1,,,1,0,绝缘类型,isoleringstype,Type of insulation,Type d'isolation,Isolierungsart,Tipo di isolamento,絶縁タイプ,Tipo de Isolação,Тип изоляции,Tipo del aislamiento,İzolasyon Türü,Typ izolacji,
0,InternalArticleNumber,4,262144,0,-1,0,0,VALUE,0.0,-40.0,1,0,1,25.0,1,1,,,1,0,内部部件号码,intern artikel nummer,Internal Article Number,Numéro d'article interne,Interne Artikelnummer,Numero articolo interno,内部品番,Número de Artigo interno,Внутренний номер изделия,Número de artículo interno,İç Başlık Numarası,Wewnętrzny numer artykułu,
0,InternalLength,4,5440,0,-1,0,0,VALUE,0.0,-40.0,1,0,1,25.0,1,1,,,1,0,内部长度,interne lengte,Internal length,Longueur interne,Interne Länge,Lunghezza interna,内部長,Comprimento Interno,Внутренняя длина,Longitud interna,İç uzunluk,Wewnętrzna długość,
0,IsJIC,5,33554432,0,-1,0,0,VALUE,0.0,-40.0,1,0,1,25.0,1,1,,,1,0,JIC图纸,JIC blad,JIC Sheet,feuille JIC,JIC Blatt,Pagina JIC,JIC シート,Folha JIC,Лист JIC,Hoja JIC,JIC Sayfası,Arkusz JIC,
60,Length,3,131110,4,-1,0,0,DEFAULT,0.0,-40.0,1,0,1,20.0,1,1,,,,0,长度 (mm),lengte (mm),Length (mm),Longueur (mm),Länge (mm),Lunghezza (mm),長さ(mm),Comprimento (mm),Длина (мм),Longitud (mm),Uzunluk (mm),Długość (mm),
0,MarkerArticleNumber,4,2099362,4,-1,0,0,VALUE,0.0,-40.0,1,0,1,25.0,1,1,,,1,0,标识物编码,Markering artikel nummer,Marker Article Number,Numéro d'article du marqueur,Markierer Artikelnummer,Numero articolo Marker,商品番号マーカー,,Каталожный номер маркера,Marcador de número de articulo,Ürün Numarası İşareti,Numer artykułu markera,
0,Material,4,10621410,20,0,0,0,VALUE,0.0,-40.0,1,0,1,25.0,1,1,,,1,0,材料,materiaal,Material,Matériel,Material,Materiale,材料,Material,Материал,Material,Meteryal,Materiał,
0,Max_CrossSection,2,5440,0,-1,0,0,VALUE,0.0,-40.0,1,0,1,25.0,1,1,,,,0,最大线截面(mm²),max. draad doorsnede (mm²),Max. wire cross-section (mm²),Section max. de fil (mm²),Max. Drahtquerschnitt (mm²),Sezione massima filo (mm²),最大ワイヤ断面積(mm²),Seção Máxima de Fio (mm²),Макс. сечение провода (мм²),Sección cruzada máx. de hilos (mm²),Maksimum tel kesiti (mm²),Max. przekrój przewodu (mm²),
0,Max_Wires,1,5440,0,-1,0,0,VALUE,0.0,-40.0,1,0,1,25.0,1,1,,,,0,最大连线数,max. aantal draaden,Max. number of wires,Nombre max. de fils,Max. Anzahl Drähte,Numero massimo fili,最大ワイヤ数,Número máximo dos fios,Макс. количество проводов,Número máx. de hilos,Maksimum tel sayısı,Max. ilość przewodów,
0,Min_CrossSection,2,5440,0,-1,0,0,VALUE,0.0,-40.0,1,0,1,25.0,1,1,,,,0,最小线截面 (mm²),min. draad doorsnede (mm²),Min. wire cross-section (mm²),Section min. de fil (mm²),Min. Drahtquerschnitt (mm²),Sezione minima filo (mm²),最小ワイヤ断面積(mm²),Seção Mínima de Fio (mm²),Миним. сечение провода (мм²),Sección cruzada mín. de hilos (mm²),Minumum tel kesiti (mm²),Min. przekrój przewodu (mm²),
0,MinBendRadius,4,393222,0,-1,0,0,VALUE,0.0,-40.0,1,0,1,25.0,1,1,,,1,0,最小弯曲半径,min. krommingsdoorsnede,Minimum Bend Radius,Rayon de courbure min.,Min. Biegeradius,Raggio minimo di piegatura,最小屈曲半径,Raio mínimo de dobra,Миним. радиус загиба,Radio mínimo de curva,Minimum Eğil Yarıçapı,Minimalny promień gięcia,
0,ModelName,4,537004706,0,-1,0,0,VALUE,0.0,-40.0,1,0,1,25.0,1,1,,,1,0,M-CAD模型名称,M CAD model naam,M-CAD model name,Nom de modèle M-CAD,M-CAD Modelname,Nome Modello M-CAD,M-CADモデル名,Nome de Modelo M-CAD,Имя модели M-CAD,Nombre modelo M-CAD,M-CAD model adı,Nazwa modelu M-CAD,
0,NetSegCircumference,4,16777216,0,-1,0,0,VALUE,0.0,-40.0,1,0,1,25.0,1,1,,,1,0,Net segment circumference（网络线段周长）,net segment omvang,Net segment circumference,Circonférence du segment de réseau,Netzsegment Umfang,Circonferenza segmento rete,セグメントの外周,Circunferencia do segmento de rede,Окружность сегмента цепи,Circunferencia de segmento de red,Net çevresi,Obwód segmentu sieci,
0,NetSegCrossSection,4,16777216,0,-1,0,0,VALUE,0.0,-40.0,1,0,1,25.0,1,1,,,1,0,Net segment cross-section（网络线段截面积）,net segment doorsnede,Net segment cross-section,Coupe transversale du segment de réseau,Netzsegment Querschnitt,Diametro segmento rete,セグメントの断面積,Seção transversal do segmento de rede,Сечение сегмента цепи,Sección cruzada de segmento de red,Net kesiti,Przekrój segmentu sieci,
57,NominalWidth,1,16777216,0,-1,0,0,VALUE,0.0,-40.0,1,0,1,20.0,1,1,,,,0,公称宽度,nominale breedte,Nominal Width,Largeur nominale,Nennweite,Spessore nominale,公称幅,Largura Nominal,Номинальная ширина,Anchura nominal,Nominal Genişlik,Nominalna szerokość,
0,Option,4,1966110,0,-1,0,0,VALUE,0.0,-40.0,1,0,1,25.0,1,1,,,1,0,选项,optie,Option,Option,Option,Ozione,オプション,Opção,Опция,Option,Seçenek,Opcja,
0,OuterDiameter,4,393222,20,-1,0,0,VALUE,0.0,-40.0,1,0,1,25.0,1,1,,,1,0,厚度,buitendiameter,Thickness,Diamètre extérieur,Aussendurchmesser,Diametro esterno,厚さ,Espessura,Толщина,Grosor,Kalınlık,Grubość,
0,Panel_Arrangement_FrontView_Closed,4,32,0,-1,0,0,VALUE,0.0,-40.0,1,0,1,25.0,1,1,,,1,0,"机柜布置,主视图,关闭","panel plaatsing, voorkant, gesloten","Panel arrangement, front view, closed","Disposition Panel, vue de face, fermée","Schaltschrankanordnung, Frontansicht, geschlossen","Layout quadro, vista da davanti, chiuso","パネル割り付け, 正面視, 閉","Arranjo de painel, vista frontal, fechada","Панель, вид спереди, закрыто","Disposición del panel, vista frontal, cerrado","Panel düzenlemesi, ön görünüm, kapalı","Aranżacja panelu, widok z przodu, zamknięty",
0,Panel_Arrangement_TopView,4,32,0,-1,0,0,VALUE,0.0,-40.0,1,0,1,25.0,1,1,,,1,0,"机柜布置,俯视图","panel plaatsing, bovenkant","Panel arrangement, top view","Disposition Panel, vue de dessus","Schaltschrankanordnung, Draufsicht","Layout quadro, vista dall'alto","パネル割り付け, 平面視","Arranjo de painel, vista superior","Панель, вид сверху","Disposición del panel, vista superior","Panel düzenlemesi, üst görünüm","Aranżacja panelu, widok z góry",
0,PanelFrontViewSymbol,4,2208,0,-1,0,0,VALUE,0.0,-40.0,1,0,1,25.0,1,1,,,1,0,机柜主视图符号,symbool voor vooraanzicht van het panel,Panel front view symbol,Symbole pour vue d'armoire électrique,Symbol für Schaltschrankansicht,Simbolo per layout quadro,フロントパネルビュー用シンボル,Símbolo para vista frontal de painel,"Символ для панели, вид спереди ",Símbolo para vista frontal del panel,Ön panel görünümü için sembol,Symbol panelu widok z przodu,
59,PanelWireClass,4,272388,0,0,0,0,VALUE,0.0,-40.0,1,0,1,20.0,1,1,,,,0,连接分类 (机柜),verbindingsklasse (Panel),Connection Class (Panel),Classe de connexion (Panel),Verbindungsklasse (Panel),Classe di connessione  (Panel),接続クラス(パネル),Classe de Conexão (Painel),Класс соединения (Компоновка),Clase de conexión (Panel),Bağlantı Klas (Panel),Klasa połączenia (Panel),
0,PID_EMSR-Function,4,2080,0,0,0,0,VALUE,0.0,-40.0,1,0,2,25.0,1,1,,PID_Function,,0,PID EMSR-Points-Function,PID EMSR-Points-Function,PID EMSR-Points-Function,PID fonction points EMSR,R&I EMSR Punkt Funktion,PID EMSR-Points-Function,P&ID EMSR識別名,PID EMSR-Points-Function,PID EMSR-Points-Функция,PID EMSR-Stellen-Funktion,PID EMSR-Nokta-Fonksiyon,PID EMSR-Funkcja-Punktów,
0,PID_EMSR-ItemDesignation,4,2080,0,0,0,0,VALUE,0.0,-40.0,1,0,2,25.0,1,1,,,2,0,PID EMSR-Points-Item Designation,PID EMSR-Points-Item Designation,PID EMSR-Points-Item Designation,PID désignation d'élément points EMSR,R&I EMSR Punkt Betriebsmittelkennzeichen,PID EMSR-Points-Item Designation,P&ID EMSRファンクション,PID EMSR-Points-Item Designation,PID EMSR-Points-Поз. Обозначение,PID EMSR-Stellen-Kennzeichen,PID EMSR-Nokta-Parması,PID EMSR-Punkty-Oznaczenie urządzenia,
0,PID_MassFlow,4,25165824,20,0,0,0,DEFAULT,0.0,-40.0,0,0,1,25.0,1,1,,,,0,PID Mass Flow(流量),PID Mass Flow,PID Mass Flow,PID flux de masse,R&I Durchflussmenge,PID Mass Flow,P&IDマスフロー,PID Fluxo de massa,PID Расход,	PID Massenstrom,PID Kütle Akışı,PID Przepływ masy,
0,PID_OperatingPressure,4,25165824,20,0,0,0,DEFAULT,0.0,-40.0,0,0,1,25.0,1,1,,,,0,PID Operating Pressure（ 操作压力）,PID Operating Pressure,PID Operating Pressure,PID pression de fonctionnement,R&I Betriebs-Druck,PID Operating Pressure,P&ID動作圧,PID Pressão de Operação,PID Рабочее давление,PID Arbeitsdruck,PID Basınç İşleniyor,PID Nominalne ciśnienie,
0,PID_OperatingTemperature,4,25165824,20,0,0,0,DEFAULT,0.0,-40.0,0,0,1,25.0,1,1,,,,0,PID Operating Temperature（操作温度）,PID Operating Temperature,PID Operating Temperature,PID température de fonctionnement,R&I Betriebs-Temperatur,PID Operating Temperature,P&ID動作温度,PID Temperatura de Operação,PID Рабочая температура,	PID Arbeitstemperatur,PID Sıcaklık işleniyor,PID Nominalna temperatura,
,PlcComment,4,4160,0,-1,0,0,VALUE,0.0,-40.0,1,0,1,20.0,1,72,,,,0,PLC 注释 1,PLC commentaar 1,PLC Comment 1,API - Commentaire 1,SPS Kommentar 1,PLC commento 1,PLC注釈1,Comentário 1 do PLC,ПК (PLC) - Комментарий 1,PLC Comentario 1,PLC Açıklama 1,PLC Komentarz 1,
,PlcComment2,4,4160,0,-1,0,0,VALUE,0.0,-40.0,1,0,1,20.0,1,73,,,,0,PLC 注释 2,PLC commentaar 2,PLC Comment 2,API - Commentaire 2,SPS Kommentar 2,PLC commento 2,PLC注釈2,Comentário 2 do PLC,ПК (PLC) - Комментарий 2,PLC Comentario 2,PLC Açıklama 2,PLC Komentarz 2,
0,PlcDevice,4,32,0,-1,0,0,VALUE,0.0,-40.0,1,0,1,25.0,1,1,,,1,0,PLC 设备,PLC Device,PLC Device,Appareil API,SPS Betriebsmittel,Dispositivo PLC,PLC デバイス,Dispositivo de PLC,ПЛК - Изделие в проекте,Dispositivo de PLC,PLC Cihazı,PLC Urządzenie,
0,PlcDirection,4,64,0,-1,0,0,VALUE,0.0,-40.0,1,0,1,25.0,1,1,,,1,0,PLC 指导,PLC Richting,PLC Direction,Sens API,SPS Richtung,Direzzione PLC,PLC ダイレクション,Direção de PLC,ПЛК - Направление,Dirección de PLC,PLC Yönü,PLC Kierunek,
0,PlcFunctionCategory,4,96,0,-1,0,0,VALUE,0.0,-40.0,1,0,1,25.0,1,1,,,1,0,PLC功能分类,PLC Functie Categorie,PLC Function Category,Catégorie fonctionnelle API,SPS Funktions Kategorie,Categoria funzionale PLC,PLC 機能カテゴリ,Categoria funcionalde PLC,ПЛК - Функциональная категория,Categoría funcional de PLC,PLC Fonksiyon Kategorisi,PLC Kategoria funkcji,
0,PlcFunctionId,4,64,0,-1,0,0,VALUE,0.0,-40.0,1,0,1,25.0,1,1,,,1,0,PLC 功能ID,PLC Functie ID,PLC Function ID,ID fonctionnelle API,SPS Funktions ID,ID funzionale PLC,PLC 機能ID,ID funcional de PLC,ПЛК - ID функции,ID funcional de PLC,PLC Fonksiyon ID,PLC ID funkcji,
0,PlcFunctionType,4,64,0,-1,0,0,VALUE,0.0,-40.0,1,0,1,25.0,1,1,,,1,0,PLC功能类型,PLC functie type,PLC Function Type,Type de fonction API,SPS Funktions Typ,PLC - Tipo Funzione,PLCファンクションタイプ,,ПЛК Тип функции,Tipo de función PLC,PLC Fonksiyon Tipi,PLC Typ funkcji,
0,PlcGroup,4,32,0,-1,0,0,VALUE,0.0,-40.0,1,0,1,25.0,1,1,,,1,0,PLC组,PLC groep,PLC Group,Groupe API,SPS Gruppe,PLC - Gruppo,PLCグループ,,ПЛК Группа,Grupo PLC,PLC Grup,PLC grupa,
0,PlcIOType,4,96,0,-1,0,0,VALUE,0.0,-40.0,1,0,1,25.0,1,1,,,1,0,PLC IO类型,PLC IO type,PLC IO Type,IO Type API,SPS IO Typ,PLC - Tipo I/O,PLC IOタイプ,,ПЛК Тип ввода-вывода,Tipo de PLC E/S,PLCIOTipi,PLC Typ IO,
0,PlcNetType,4,4194305,0,-1,0,0,VALUE,0.0,-40.0,1,0,1,25.0,1,1,,Bus Types (PLC Topology),1,0,PLC网络类型,PLC netwerk type,PLC Network Type,Type de réseau API,SPS Netzwerk Typ,PLC - Tipo rete,PLCネットタイプ,,ПЛК Тип сети,,PLC Bağlantı Tipi,PLC Typ sieci,
0,PlcObjectId,4,32,0,-1,0,0,VALUE,0.0,-40.0,1,0,1,25.0,1,1,,,1,0,PLC对象ID,PLC object id,PLC Object ID,ID du projet API,SPS Objekt ID,PLC - ID Oggetto,PLCオブジェクトID,,ПЛК ID объекта,Objeto ID PLC,PLC Proje ID,PLC ID obiektu,
0,PlcPositionNumber,4,96,0,0,0,0,VALUE,0.0,-40.0,1,0,1,25.0,1,1,,,1,0,PLC位置编号,PLC positie nummer,PLC Position Number,Numéro de position API,SPS Positions Nummer,PLC - Numero posizione,PLC位置番号,,ПЛК Номер позиции,,PLC Yerleşim Numarası,PLC Numer pozycji,
,PlcSymbAdr,4,4160,0,-1,0,0,VALUE,0.0,-40.0,1,0,1,20.0,1,71,,,,0,PLC 符号地址,PLC symbolisch adres,PLC Symbolic Adress,API - Adresse symbolique,SPS symbolische Adresse,PLC - Indirizzo simbolico,PLC シンボリックアドレス,Endereço Simbólico de PLC,ПЛК Символьный адрес,Dirección simbólico PLC,PLC Sembolik adres,PLC adres symboliczny,
0,PlcTopology,4,32,0,-1,0,0,VALUE,0.0,-40.0,1,0,1,25.0,1,1,,,1,0,PLC拓扑设备,PLC topologie toestel,PLC Topology Device,Appareil topologique API,SPS Topology Betriebsmittel,PLC - Dispositivo topologico,PLCトポロジ,,ПЛК Изделие Топологии,,PLC Topoloji Cihaz,PLC Urządzenie topologii,
0,PlcTopologyNet,4,4194305,0,-1,0,0,VALUE,0.0,-40.0,1,0,1,25.0,1,1,,,1,0,PLC拓扑网络,PLC topologie netwerk,PLC Topology Network,Réseau topologique Api,SPS Topology Netzwerk,PLC - Rete topologica,PLCトポロジネット,,ПЛК Сеть Топологии,,PLC Topoloji Bağlantısı,PLC Sieć topologii,
0,PlcType,4,64,0,-1,0,0,VALUE,0.0,-40.0,1,0,1,25.0,1,1,,,1,0,PLC 类型,PLC Type,PLC Type,Type API,SPS Typ,PLC - Tipo,PLC タイプ,Tipo de PLC,ПЛК - Тип,Tipo de PLC,PLC Tipi,PLC Typ,
0,PlcTypeIdentifier,4,32,0,-1,0,0,VALUE,0.0,-40.0,1,0,1,25.0,1,1,,,1,0,PLC类型标识符,PLC type kenmerk,PLC Type Identifier,Identifiant de type API,SPS Typ Identifikator,PLC - Identificatore Tipo,PLCタイプ識別子,,ПЛК Идентификатор типа,Tipo de identificador de PLC,PLCTipTanımlayıcı,PLC Identyfikator typu,
0,PneumaticPart,5,133282,0,-1,0,0,VALUE,0.0,-40.0,1,0,1,25.0,1,1,,,1,0,气动部件,pneumatisch deel,Pneumatic part,Partie pneumatique,Pneumatikteil,Parte pneumatica,空力部品,Peça pneumática,Пневматическая часть,Pieza neumática,Pnömatik parça,Część pneumatyczna,
0,Power,4,36,0,-1,0,0,VALUE,0.0,-40.0,1,0,1,25.0,1,1,,,1,0,动力,voeding,Power,Alimentation,Leistung,Alimentazione,電力,Potência,Мощность,Potencia,Güç,Moc,
0,PowerLoss,4,395430,0,-1,0,0,VALUE,0.0,-40.0,1,0,1,25.0,1,1,,,1,0,功率损耗 W,vermogensverlies W,Power loss W,Perte de puissance W,Verlustleistung W,Potenza dissipata,電力損失W,Potência dissipada W,"Потери мощности, Вт ",Potencia de perdidas W,Güç kaybı W,Strata mocy W,
0,Price,2,2099362,0,-1,0,0,VALUE,0.0,-40.0,1,0,1,50.0,1,13,,,,0,价格,prijs,Price,Prix,Preis,Prezzo,価格,Preço,Цена,Precio,Fiyat,Cena,
49,ProjectID,4,16384,0,-1,0,0,VALUE,0.0,-40.0,1,0,1,20.0,1,1,,,1,0,项目 Id,projectnummer,Project Id,Numéro du projet,Projektnummer,Numero di progetto,プロジェクトID,Id do Projeto,Идентификатор проекта,Nº de ID de proyecto,Proje Id,ID projektu,
50,ProjectVersion,4,16384,0,-1,0,0,VALUE,0.0,-40.0,0,0,1,20.0,1,1,,,1,0,项目版本,projectversie,Project Version,Version du projet,Projektversion,Versione progetto,プロジェクトバージョン,Versão do Projeto,Версия проекта,Versión de proyecto,Proje Sürümü,Wersja projektu,
0,Rack,4,2080,0,0,0,0,VALUE,0.0,-40.0,1,0,1,25.0,1,1,,,1,0,支架,rek,Rack,Rack,Baugruppenträger,Rack,ラック,Rack,Рейка,Rack,Askı,Rack,
0,ReleaseDate,4,16384,0,-1,0,0,VALUE,0.0,-40.0,1,0,1,25.0,1,1,,,1,0,发布日期,vrijgavedatum,Release Date,Date d'autorisation,Freigabedatum,Data di rilascio,リリース日,Lançamento - Data,Дата версии,Fecha de lanzamiento,Yayın Tarihi,Data wersji,
0,ReleaseShortText,4,16384,0,-1,0,0,VALUE,0.0,-40.0,1,0,1,25.0,1,1,,,1,0,释放简要文本,vrijgave - korte tekst,Release Short Text,Courte description de l'autorisation,Freigabekurztext,"Rilascio, sigla",リリースショートテキスト,Lançamento - Texto Curto,Заголовок версии,Texto corto de lanzamiento,Yayın Kısa Metni,Krótki tekst wersji,
0,ReleaseText,4,16384,0,-1,0,0,VALUE,0.0,-40.0,1,0,1,25.0,1,1,,,1,0,释放用户,vrijgavetekst,Release Text,Description de l'autorisation,Freigabetext,"Rilascio, descrizione",リリーステキスト,Lançamento - Texto,Текст версии,Texto de lanzamiento,Yayın Metni,Tekst wersji,
0,ReleaseUser,4,16384,0,-1,0,0,VALUE,0.0,-40.0,1,0,1,25.0,1,1,,,1,0,释放用户 (1),vrijgave - bewerker,Release User,Autorisé par,Freigabebearbeiter,Rilasciato da,リリースユーザ,Lançamento - Usuário,Исполнитель версии,Usuario de lanzamiento,Yayın Kullanıcı,Użytkownik wersji,
0,ReleaseVersion,4,16384,0,-1,0,0,VALUE,0.0,-40.0,1,0,1,25.0,1,1,,,1,0,释放索引,vrijgavebenaming,Release Index,Index de l'autorisation,Freigabekennzeichen,Indice di rilascio,リリースインデックス,Lançamento - Índice,Индекс версии,Índice de lanzamiento,Yayın Kütüğü,Indeks wersji,
0,Revisor,4,199330,0,-1,0,0,VALUE,0.0,-40.0,0,1,1,25.0,1,1,,,1,0,校核,revisor,Revisor,Réviseur,Überprüfer,Revisore,改訂者,Revisor,Проверил,Revisor,Revize eden,Sprawdził,
0,rmChangeDate,4,16384,2,-1,0,0,VALUE,0.0,-40.0,1,0,1,25.0,1,1,,,,0,rm修改日期,rmModificatiedatum,rmChangeDate,rmDateModification,rmÄnderungsDatum,rmDataModifica,変更日(rm),rmDatadeAlteração,rmChangeDate,rmFechaModificación,rmDeğişimTarihi,rmDataZmiany,
0,rmChangeHistory,4,33554432,2,0,0,0,VALUE,0.0,-40.0,1,0,1,25.0,1,1,,,,0,rm修改历史,rmModificatiehistorie,rmChangeHistory,rmHistoireModification,rmÄnderungsHistorie,rmStoricoModifiche,変更履歴(rm),rmHistóricodeAlteração,rmChangeHistory,rmHistoriaModificación,rmDeğişiklikGeçmişi,rmHistoriaZmiany,
0,rmChangeIndex,4,33570816,2,-1,0,0,VALUE,0.0,-40.0,1,0,1,25.0,1,1,,,,0,rm修改索引,rmModificatiebenaming,rmChangeIndex,rmIndex,rmÄnderungsIndex,rmIndiceModifiche,変更インデックス(rm),rmÍndicedeAlteração,rmChangeIndex,rmÍndiceModificación,rmDeğişimEndeks,rmIndeksZmiany,
0,rmChangeReason,4,33554432,2,-1,0,0,VALUE,0.0,-40.0,1,0,1,25.0,1,1,,,,0,rm修改原因,rmWijzigingsReden,rmChangeReason,rmRaisonModification,rmÄnderungsgrund,rmMotivoModifica,変更理由(rm),rmMotivoMudança,rmChangeReason,rmMotivoModificación,rmDeğişimNedeni,rmPowódZmiany,
0,rmChangeReleased,5,16384,2,-1,0,0,VALUE,0.0,-40.0,1,0,1,25.0,1,1,,,,0,rm修改释放,rmModificatie vrijgegeven,rmChangeReleased,rmLibérationModification,rmÄnderungsFreigabe,rmModificaRilasciata,変更リリース(rm),rmInformaçãodeAlteração,rmChangeReleased,rmModificaciónLanzada,rmDeğişimYayınlandı,rmZwolnienieZmiany,
0,rmChangeRevision,4,16384,2,-1,0,0,VALUE,0.0,-40.0,1,0,1,25.0,1,1,,,,0,rm修订,rmModificatierevisie,rmChangeRevision,rmRévisionModification,rmÄnderungsRevision,rmModificaRevisione,変更リビジョン(rm),rmAlteração-Revisão,rmChangeRevision,rmRevisiónModificación,rmDeğişimRevizyon,rmRewizjaZmiany,
0,rmChangeShortText,4,16384,2,-1,0,0,VALUE,0.0,-40.0,1,0,1,25.0,1,1,,,,0,rm修改简要文本,rmModificatie - korte tekst,rmChangeShortText,rmSigleModification,rmÄnderungsKürzel,rmIndiceModifica,変更ショートテキスト(rm),rmAlteração-TextoCurto,rmChangeShortText,rmTextoCortoModificación,rmDeğişimKısaMetni,rmKrótkiTekstZmiany,
0,rmChangeText,4,33570816,2,-1,0,0,VALUE,0.0,-40.0,1,0,1,25.0,1,1,,,,0,rm修改文本,rmModificatietekst,rmChangeText,rmTexteModification,rmÄnderungsText,rmDescrizioneModifica,変更テキスト(rm),rmAlteração-Texto,rmChangeText,rmTextoModificación,rmDeğişimMetni,rmTekstZmiany,
0,rmChangeUser,4,16384,2,-1,0,0,VALUE,0.0,-40.0,1,0,1,25.0,1,1,,,,0,rm修改用户,rmModificatiebewerker,rmChangeUser,rmUtilisateurModification,rmÄnderungsAnwender,rmUtenteModifica,変更ユーザ(rm),rmAlteração-Usuário,rmChangeUser,rmUsuarioModificación,rmDeğişimKullanıcı,rmUżytkownikZmiany,
0,rmChangeVersion,4,16384,2,-1,0,0,VALUE,0.0,-40.0,1,0,1,25.0,1,1,,,,0,rm修改版本,rmModifiatie versie,rmChangeVersion,rmVersionModification,rmÄnderungsVersion,rmVersioneModifica,変更バージョン(rm),rmAlteração-Versão,rmChangeVersion,rmVersiónModificación,rmDeğişimSürümü,rmWersjaZmiany,
0,rmLastUsedLanguage,4,16384,2,-1,0,0,VALUE,0.0,-40.0,1,0,1,25.0,1,1,,,,0,rm上次使用语言,rmLaats gebruikte taal,rmLastUsedLanguage,rmDernièreLangueUtilisée,rmZuletztVerwendeteSprache,rmUltimaLinguaUsata,最後に使用された言語(rm),rmÚltimaLinguagemUsada,rmLastUsedLanguage,rmIdiomaUltimoUsado,rmSonKullanılanDil,rmOstatnioUżywanyJęzyk,
0,rmMaxChangeNumber,1,33570816,2,-1,0,0,VALUE,0.0,-40.0,1,0,1,25.0,1,1,,,,0,rm最大修改数,rmWijzigingsnummer,rmMaxChangeNumber,rmNuméroMaxModification,rmMax.Änderungsnummer,rmNumeroMassimoModifiche,最大変更番号(rm),rmNúmeroMáximodeAlterações,rmMaxChangeNumber,rmNumeroMaximoCambios,rmMaksimumDeğişimNumarası,rmMaxLiczbaZmian,
0,rmReleaseDate,4,33570816,2,-1,0,0,VALUE,0.0,-40.0,1,0,1,25.0,1,1,,,,0,rm释放日期,rmRelease datum,rmReleaseDate,rmDateLibération,rmFreigabeDatum,rmDataRilascio,リリース日(rm),rmLançamento-Data,rmReleaseDate,rmFechaLanzamiento,rmYayımTarihi,rmDataZwolnienia,
0,rmReleaseRevision,4,33570816,2,-1,0,0,VALUE,0.0,-40.0,1,0,1,25.0,1,1,,,,0,rm修订 (1),rmRelease Revisie,rmReleaseRevision,rmLibérationRévision,rmFreigabeRevision,rmRilascioRevisione,リリースリビジョン(rm),rmLançamento-Revisão,rmReleaseRevision,rmRevisiónLanzamiento,rmYayınRevizyonu,rmRewizjaZwolnienia,
0,rmReleaseShortText,4,33570816,2,-1,0,0,VALUE,0.0,-40.0,1,0,1,25.0,1,1,,,,0,rm释放简要文本,rmRelease korte tekst,rmReleaseShortText,rmSigleLibération,rmFreigabeKürzel,rmSiglaRilascio,リリースショートテキスト(rm),rmLançamento-TextoCurto,rmReleaseShortText,rmTextoCortoLanzamiento,rmYayınKısaMetni,rmKrótkiTekstZwolnienia,
0,rmReleaseText,4,33570816,2,-1,0,0,VALUE,0.0,-40.0,1,0,1,25.0,1,1,,,,0,rm释放文本,rmRelease tekst,rmReleaseText,rmTexteLibération,rmFreigabeText,rmDescrizioneRilascio,リリーステキスト(rm),rmLançamento-Texto,rmReleaseText,rmTextoLanzamiento,rmYayımMetni,rmTekstZwolnienia,
0,rmReleaseUser,4,33570816,2,-1,0,0,VALUE,0.0,-40.0,1,0,1,25.0,1,1,,,,0,rm释放用户,rmRelease bewerker,rmReleaseUser,rmUtilisateurLibération,rmFreigabeAnwender,rmUtenteRilascio,リリースユーザ(rm),rmLançamento-Usuário,rmReleaseUser,rmUsuarioLanzamiento,rmYayımKullanıcı,rmUżytkownikZwolnienia,
0,rmReleaseVersion,4,33570816,2,-1,0,0,VALUE,0.0,-40.0,1,0,1,25.0,1,1,,,,0,rm释放版本,rmRelease versie,rmReleaseVersion,rmVersionLibération,rmFreigabeVersion,rmVersioneRilascio,リリースバージョン(rm),rmLançamento-Versão,rmReleaseVersion,rmVersiónLanzamiento,rmYayımSürümü,rmWersjaZwolnienia,
0,rmVISFile,4,33570816,2,-1,0,0,VALUE,0.0,-40.0,1,0,1,25.0,1,1,,,,0,rmVIS文件,rmVIS,rmVISFile,rmFichierVIS,rmVISDatei,rmFileVIS,VISファイル(rm),rmVIS,rmVISFile,rmArchivoVIS,rmVISDosya,rmPlikVIS,
0,S7_Comment,4,4160,0,-1,0,0,VALUE,0.0,-40.0,1,0,1,25.0,1,1,,,1,0,S7注释,S7 commentaar,S7 Comment,S7 Commentaire,S7 Kommentar,Commento S7,S7注釈,Comentário S7,S7 - Комментарий,Comentario S7,S7 Açıklama,Komentarz S7,
0,saberConnectorCurrent,4,1054040,0,-1,0,0,VALUE,0.0,-40.0,1,0,1,25.0,1,1,,,1,0,Saber 接插件电流,Saber stekkerstroom,Saber Connector Current,Courant de connecteur Saber,Saber Stecker Strom,Saber - corrente connettore,Saberコネクタ電流,Saber Corrente do conector,Saber Ток соединителя,Saber Conector Corriente,Saber konnektör Akım,Saber Prąd Złącza,
0,saberConnectorPin,4,1054040,0,0,0,0,VALUE,0.0,-40.0,1,0,1,25.0,1,1,,,1,0,Saber 接插件阵脚,Saber stekkerpin,Saber Connector Pin,Broche de connecteur Saber,Saber Stecker Anschlusspunkt,Saber - pin connettore,Saberコネクタピン,Saber Pino do conector,Saber Вывод соединителя,Saber Conector Pin,Saber konnektör Pin,Saber Pin Złącza,
0,saberConnectorVoltage,4,1054040,0,-1,0,0,VALUE,0.0,-40.0,1,0,1,25.0,1,1,,,1,0,Saber 接插件电压,Saber stekkerspanning,Saber Connector Voltage,Tension de connecteur Saber,Saber Stecker Spannung,Saber - tensione connettore,Saberコネクタ電圧,Saber Tensão do conector,Saber Напряжение соединителя,Saber Conector Voltaje,Saber konnektör Voltaj,Saber Napięcie Złącza,
0,saberCurrent,4,1054040,0,-1,0,0,VALUE,0.0,-40.0,1,0,1,25.0,1,1,,,1,0,Saber 电流,Saber stroom,Saber Current,Courant Saber,Saber Strom,Saber - corrente,SABER電流,Saber Corrente,Saber Ток,Saber Corriente,Saber  Akım,Saber Prąd,
0,saberLib,4,328965,0,-1,0,0,VALUE,0.0,-40.0,1,0,1,25.0,1,1,,,1,0,Saber 器件库,Saber databank,Saber Library,Bibliothèque Saber,Saber Datenbank,Saber -  Libreria,SABERライブラリ,Saber Biblioteca,Saber Библиотека,Saber Biblioteca,Saber Kütüphane,Saber Biblioteka,
0,saberModel,4,328965,0,-1,0,0,VALUE,0.0,-40.0,1,0,1,25.0,1,1,,,1,0,Saber 模型名称,Saber model naam,Saber Model Name,Nom de modèle Saber,Saber Bauformname,Saber -  Nome Modello,SABERモデル名,Saber Nome do Modelo,Saber Имя модели,Saber Nombre de modelo,Saber Model Adı,Saber Nazwa modelu,
0,saberParam1,4,328965,0,0,0,0,VALUE,0.0,-40.0,1,0,1,25.0,1,1,,,1,0,Saber 参数1,Saber parameter 1,Saber Parameter 1,Paramètre 1 Saber,Saber Parameter 1,Saber -  Parametro 1,SABERパラメータ1,Saber Parâmetro 1,Saber Параметр 1,Parámetro Saber 1,Saber Parametre 1,Saber Parametr 1,
0,saberParam10,4,328965,0,0,0,0,VALUE,0.0,-40.0,1,0,1,25.0,1,1,,,1,0,Saber 参数10,Saber parameter 10,Saber Parameter 10,Paramètre 10 Saber ,Saber Parameter 10,Saber -  Parametro 10,SABERパラメータ10,Saber Parâmetro 10,Saber Параметр 10,Parámetro Saber 10,Saber Parametre 10,Saber Parametr 10,
0,saberParam11,4,328965,0,0,0,0,VALUE,0.0,-40.0,1,0,1,25.0,1,1,,,1,0,Saber 参数11,Saber parameter 11,Saber Parameter 11,Paramètre 11 Saber ,Saber Parameter 11,Saber -  Parametro 11,SABERパラメータ11,Saber Parâmetro 11,Saber Параметр 11,Parámetro Saber 11,Saber Parametre 11,Saber Parametr 11,
0,saberParam12,4,328965,0,0,0,0,VALUE,0.0,-40.0,1,0,1,25.0,1,1,,,1,0,Saber 参数12,Saber parameter 12,Saber Parameter 12,Paramètre 12 Saber ,Saber Parameter 12,Saber -  Parametro 12,SABERパラメータ12,Saber Parâmetro 12,Saber Параметр 12,Parámetro Saber 12,Saber Parametre 12,Saber Parametr 12,
0,saberParam13,4,328965,0,0,0,0,VALUE,0.0,-40.0,1,0,1,25.0,1,1,,,1,0,Saber 参数13,Saber parameter 13,Saber Parameter 13,Paramètre 13 Saber ,Saber Parameter 13,Saber -  Parametro 13,SABERパラメータ13,Saber Parâmetro 13,Saber Параметр 13,Parámetro Saber 13,Saber Parametre 13,Saber Parametr 13,
0,saberParam14,4,328965,0,0,0,0,VALUE,0.0,-40.0,1,0,1,25.0,1,1,,,1,0,Saber 参数14,Saber parameter 14,Saber Parameter 14,Paramètre 14 Saber ,Saber Parameter 14,Saber -  Parametro 14,SABERパラメータ14,Saber Parâmetro 14,Saber Параметр 14,Parámetro Saber 14,Saber Parametre 14,Saber Parametr 14,
0,saberParam15,4,328965,0,0,0,0,VALUE,0.0,-40.0,1,0,1,25.0,1,1,,,1,0,Saber 参数15,Saber parameter 15,Saber Parameter 15,Paramètre 15 Saber ,Saber Parameter 15,Saber -  Parametro 15,SABERパラメータ15,Saber Parâmetro 15,Saber Параметр 15,Parámetro Saber 15,Saber Parametre 15,Saber Parametr 15,
0,saberParam16,4,328965,0,0,0,0,VALUE,0.0,-40.0,1,0,1,25.0,1,1,,,1,0,Saber 参数16,Saber parameter 16,Saber Parameter 16,Paramètre 16 Saber ,Saber Parameter 16,Saber -  Parametro 16,SABERパラメータ16,Saber Parâmetro 16,Saber Параметр 16,Parámetro Saber 16,Saber Parametre 16,Saber Parametr 16,
0,saberParam17,4,328965,0,0,0,0,VALUE,0.0,-40.0,1,0,1,25.0,1,1,,,1,0,Saber 参数17,Saber parameter 17,Saber Parameter 17,Paramètre 17 Saber ,Saber Parameter 17,Saber -  Parametro 17,SABERパラメータ17,Saber Parâmetro 17,Saber Параметр 17,Parámetro Saber 17,Saber Parametre 17,Saber Parametr 17,
0,saberParam18,4,328965,0,0,0,0,VALUE,0.0,-40.0,1,0,1,25.0,1,1,,,1,0,Saber 参数18,Saber parameter 18,Saber Parameter 18,Paramètre 18 Saber ,Saber Parameter 18,Saber -  Parametro 18,SABERパラメータ18,Saber Parâmetro 18,Saber Параметр 18,Parámetro Saber 18,Saber Parametre 18,Saber Parametr 18,
0,saberParam19,4,328965,0,0,0,0,VALUE,0.0,-40.0,1,0,1,25.0,1,1,,,1,0,Saber 参数19,Saber parameter 19,Saber Parameter 19,Paramètre 19 Saber ,Saber Parameter 19,Saber -  Parametro 19,SABERパラメータ19,Saber Parâmetro 19,Saber Параметр 19,Parámetro Saber 19,Saber Parametre 19,Saber Parametr 19,
0,saberParam2,4,328965,0,0,0,0,VALUE,0.0,-40.0,1,0,1,25.0,1,1,,,1,0,Saber 参数2,Saber parameter 2,Saber Parameter 2,Paramètre 2 Saber ,Saber Parameter 2,Saber -  Parametro 2,SABERパラメータ2,Saber Parâmetro 2,Saber Параметр 2,Parámetro Saber 2,Saber Parametre 2,Saber Parametr 2,
0,saberParam20,4,328965,0,0,0,0,VALUE,0.0,-40.0,1,0,1,25.0,1,1,,,1,0,Saber 参数20,Saber parameter 20,Saber Parameter 20,Paramètre 20 Saber ,Saber Parameter 20,Saber -  Parametro 20,SABERパラメータ20,Saber Parâmetro 20,Saber Параметр 20,Parámetro Saber 20,Saber Parametre 20,Saber Parametr 20,
0,saberParam21,4,328965,0,0,0,0,VALUE,0.0,-40.0,1,0,1,25.0,1,1,,,1,0,Saber 参数21,Saber parameter 21,Saber Parameter 21,Paramètre 21 Saber ,Saber Parameter 21,Saber -  Parametro 21,SABERパラメータ21,Saber Parâmetro 21,Saber Параметр 21,Parámetro Saber 21,Saber Parametre 21,Saber Parametr 21,
0,saberParam22,4,328965,0,0,0,0,VALUE,0.0,-40.0,1,0,1,25.0,1,1,,,1,0,Saber 参数22,Saber parameter 22,Saber Parameter 22,Paramètre 22 Saber ,Saber Parameter 22,Saber -  Parametro 22,SABERパラメータ22,Saber Parâmetro 22,Saber Параметр 22,Parámetro Saber 22,Saber Parametre 22,Saber Parametr 22,
0,saberParam23,4,328965,0,0,0,0,VALUE,0.0,-40.0,1,0,1,25.0,1,1,,,1,0,Saber 参数23,Saber parameter 23,Saber Parameter 23,Paramètre 23 Saber ,Saber Parameter 23,Saber -  Parametro 23,SABERパラメータ23,Saber Parâmetro 23,Saber Параметр 23,Parámetro Saber 23,Saber Parametre 23,Saber Parametr 23,
0,saberParam24,4,328965,0,0,0,0,VALUE,0.0,-40.0,1,0,1,25.0,1,1,,,1,0,Saber 参数24,Saber parameter 24,Saber Parameter 24,Paramètre 24 Saber ,Saber Parameter 24,Saber -  Parametro 24,SABERパラメータ24,Saber Parâmetro 24,Saber Параметр 24,Parámetro Saber 24,Saber Parametre 24,Saber Parametr 24,
0,saberParam25,4,328965,0,0,0,0,VALUE,0.0,-40.0,1,0,1,25.0,1,1,,,1,0,Saber 参数25,Saber parameter 25,Saber Parameter 25,Paramètre 25 Saber,Saber Parameter 25,Saber -  Parametro 25,SABERパラメータ25,Saber Parâmetro 25,Saber Параметр 25,Parámetro Saber 25,Saber Parametre 25,Saber Parametr 25,
0,saberParam26,4,328965,0,0,0,0,VALUE,0.0,-40.0,1,0,1,25.0,1,1,,,1,0,Saber 参数26,Saber parameter 26,Saber Parameter 26,Paramètre 26 Saber ,Saber Parameter 26,Saber -  Parametro 26,SABERパラメータ26,Saber Parâmetro 26,Saber Параметр 26,Parámetro Saber 26,Saber Parametre 26,Saber Parametr 26,
0,saberParam27,4,328965,0,0,0,0,VALUE,0.0,-40.0,1,0,1,25.0,1,1,,,1,0,Saber 参数27,Saber parameter 27,Saber Parameter 27,Paramètre 27 Saber ,Saber Parameter 27,Saber -  Parametro 27,SABERパラメータ27,Saber Parâmetro 27,Saber Параметр 27,Parámetro Saber 27,Saber Parametre 27,Saber Parametr 27,
0,saberParam28,4,328965,0,0,0,0,VALUE,0.0,-40.0,1,0,1,25.0,1,1,,,1,0,Saber 参数28,Saber parameter 28,Saber Parameter 28,Paramètre 28 Saber ,Saber Parameter 28,Saber -  Parametro 28,SABERパラメータ28,Saber Parâmetro 28,Saber Параметр 28,Parámetro Saber 28,Saber Parametre 28,Saber Parametr 28,
0,saberParam29,4,328965,0,0,0,0,VALUE,0.0,-40.0,1,0,1,25.0,1,1,,,1,0,Saber 参数29,Saber parameter 29,Saber Parameter 29,Paramètre 29 Saber ,Saber Parameter 29,Saber -  Parametro 29,SABERパラメータ29,Saber Parâmetro 29,Saber Параметр 29,Parámetro Saber 29,Saber Parametre 29,Saber Parametr 29,
0,saberParam3,4,328965,0,0,0,0,VALUE,0.0,-40.0,1,0,1,25.0,1,1,,,1,0,Saber 参数3,Saber parameter 3,Saber Parameter 3,Paramètre 3 Saber ,Saber Parameter 3,Saber -  Parametro 3,SABERパラメータ3,Saber Parâmetro 3,Saber Параметр 3,Parámetro Saber 3,Saber Parametre 3,Saber Parametr 3,
0,saberParam30,4,328965,0,0,0,0,VALUE,0.0,-40.0,1,0,1,25.0,1,1,,,1,0,Saber 参数30,Saber parameter 30,Saber Parameter 30,Paramètre 30 Saber ,Saber Parameter 30,Saber -  Parametro 30,SABERパラメータ30,Saber Parâmetro 30,Saber Параметр 30,Parámetro Saber 30,Saber Parametre 30,Saber Parametr 30,
0,saberParam31,4,328965,0,0,0,0,VALUE,0.0,-40.0,1,0,1,25.0,1,1,,,1,0,Saber 参数31,Saber parameter 31,Saber Parameter 31,Paramètre 31 Saber ,Saber Parameter 31,Saber -  Parametro 31,SABERパラメータ31,Saber Parâmetro 31,Saber Параметр 31,Parámetro Saber 31,Saber Parametre 31,Saber Parametr 31,
0,saberParam32,4,328965,0,0,0,0,VALUE,0.0,-40.0,1,0,1,25.0,1,1,,,1,0,Saber 参数32,Saber parameter 32,Saber Parameter 32,Paramètre 32 Saber ,Saber Parameter 32,Saber -  Parametro 32,SABERパラメータ32,Saber Parâmetro 32,Saber Параметр 32,Parámetro Saber 32,Saber Parametre 32,Saber Parametr 32,
0,saberParam4,4,328965,0,0,0,0,VALUE,0.0,-40.0,1,0,1,25.0,1,1,,,1,0,Saber 参数4,Saber parameter 4,Saber Parameter 4,Paramètre 4 Saber ,Saber Parameter 4,Saber -  Parametro 4,SABERパラメータ4,Saber Parâmetro 4,Saber Параметр 4,Parámetro Saber 4,Saber Parametre 4,Saber Parametr 4,
0,saberParam5,4,328965,0,0,0,0,VALUE,0.0,-40.0,1,0,1,25.0,1,1,,,1,0,Saber 参数5,Saber parameter 5,Saber Parameter 5,Paramètre 5 Saber ,Saber Parameter 5,Saber -  Parametro 5,SABERパラメータ5,Saber Parâmetro 5,Saber Параметр 5,Parámetro Saber 5,Saber Parametre 5,Saber Parametr 5,
0,saberParam6,4,328965,0,0,0,0,VALUE,0.0,-40.0,1,0,1,25.0,1,1,,,1,0,Saber 参数6,Saber parameter 6,Saber Parameter 6,Paramètre 6 Saber ,Saber Parameter 6,Saber -  Parametro 6,SABERパラメータ6,Saber Parâmetro 6,Saber Параметр 6,Parámetro Saber 6,Saber Parametre 6,Saber Parametr 6,
0,saberParam7,4,328965,0,0,0,0,VALUE,0.0,-40.0,1,0,1,25.0,1,1,,,1,0,Saber 参数7,Saber parameter 7,Saber Parameter 7,Paramètre 7 Saber ,Saber Parameter 7,Saber -  Parametro 7,SABERパラメータ7,Saber Parâmetro 7,Saber Параметр 7,Parámetro Saber 7,Saber Parametre 7,Saber Parametr 7,
0,saberParam8,4,328965,0,0,0,0,VALUE,0.0,-40.0,1,0,1,25.0,1,1,,,1,0,Saber 参数8,Saber parameter 8,Saber Parameter 8,Paramètre 8 Saber ,Saber Parameter 8,Saber -  Parametro 8,SABERパラメータ8,Saber Parâmetro 8,Saber Параметр 8,Parámetro Saber 8,Saber Parametre 8,Saber Parametr 8,
0,saberParam9,4,328965,0,0,0,0,VALUE,0.0,-40.0,1,0,1,25.0,1,1,,,1,0,Saber 参数 9,Saber parameter 9,Saber Parameter 9,Paramètre 9 Saber ,Saber Parameter 9,Saber -  Parametro 9,SABERパラメータ9,Saber Parâmetro 9,Saber Параметр 9,Parámetro Saber 9,Saber Parametre 9,Saber Parametr 9,
0,saberPin,4,1054040,0,0,0,0,VALUE,0.0,-40.0,1,0,1,25.0,1,1,,,1,0,Saber Pin（阵脚）,Saber pin,Saber Pin,Broche Saber,Saber Anschlusspunkt,Saber -  Pin,SABERピン,Saber Pin,Saber Вывод,Pin Saber,Saber Pin,Saber Pin,
0,saberSimulationEnable,5,328965,0,-1,0,0,VALUE,0.0,-40.0,1,0,1,25.0,1,1,,,1,0,Saber Simulation Enable,Saber simulatie vrijgave,Saber Simulation Enable,Activer Simulation Saber ,Saber Simulation Freigabe,Saber -  Attiva per simulazione,SABERシミュレーション可,Saber Permitir Simulação,Saber Моделирование включено,Permitir simulación Saber,Saber Simulasyon Onayı,Saber Włącz Symulację,
0,saberVoltage,4,1054040,0,-1,0,0,VALUE,0.0,-40.0,1,0,1,25.0,1,1,,,1,0,Saber Voltage（电压）,Saber spanning,Saber Voltage,Tension Saber,Saber Spannung,Saber -  Tensione,SABER電圧,Saber Voltagem,Saber Напряжение,Voltaje Saber,Saber Volt,Saber Napięcie,
0,Scope,4,809500673,0,-1,0,0,VALUE,0.0,-40.0,0,1,1,25.0,1,1,,,1,0,范围,bereik,Scope,Plage,Bereich,Area,スコープ,Escopo,Диапазон,Ámbito,Alan,Zakres,
64,SheetDate,4,301989888,0,-1,0,0,VALUE,0.0,-40.0,1,0,1,25.0,1,1,,,1,0,日期,datum,Date,Date,Datum,Data,日付,Data,Дата,Fecha,Tarih,Data,
0,SheetMUPermission,4,301989888,0,-1,0,0,VALUE,0.0,-40.0,1,0,1,25.0,1,1,,SheetMUPermission,1,0,多用户图纸权限,multi user blad permissie,Multi-User sheet permission,Autorisation de feuille multi-utilisateur,Multi-User Blattberechtigung,MU - autorizzazione su pagina,マルチユーザシートパーミッション,Permissão de folha Multi-Usuário,Право доступа к листу в многопользовательском режиме,Permiso de hoja multi-usuario,Çoklu-Kullanıcı sayfa izni,Pozwolenie użytkownika MU dla arkusza,
65,SheetName1,4,301989888,0,-1,0,0,VALUE,0.0,-40.0,1,0,1,25.0,1,1,,,1,0,名称(1),benaming (1),Name (1),Nom (1),Bezeichnung (1),Denominazione (1),名称(1),Nome (1),Имя листа 1,Nombre (1),İsim (1),Nazwa (1),
66,SheetName2,4,301989888,0,-1,0,0,VALUE,0.0,-40.0,1,0,1,25.0,1,1,,,1,0,名称(2),benaming (2),Name (2),Nom (2),Bezeichnung (2),Denominazione (2),名称(2),Nome (2),Имя листа 2,Nombre (2),İsim (2),Nazwa (2),
67,SheetType,4,301989888,0,-1,0,0,VALUE,0.0,-40.0,1,0,1,25.0,1,1,,,1,0,图纸类型,bladtype,Sheet Type,Type de feuille,Blattart,Tipo pagina,シートタイプ,Tipo de Folha,Тип листа,Tipo de la hoja,Sayfa Türü,Typ Arkusza,
68,SheetUser,4,301989888,0,-1,0,0,VALUE,0.0,-40.0,1,0,1,25.0,1,1,,,1,0,用户,gebruiker,User,Utilisateur,Ersteller,Creato da,ユーザ,Usuário,Исполнитель,Usuario,Kullanıcı,Użytkownik,
0,Slot,4,2080,0,-1,0,0,VALUE,0.0,-40.0,1,0,1,25.0,1,1,,,1,0,插槽,slot,Slot,Socle enfichable,Steckplatz,Slot,スロット,Slot,Слот,Ranura,Delik,Gniazdo,
0,Source_DevDes,4,16384,0,-1,0,0,VALUE,0.0,-40.0,0,0,1,25.0,1,1,,,,0,源对象代号,source toestelbenaming,source item designation,Désignation d'élément source,Quell-BMK,designazione materiale sorgente,ソースアイテム識別名,designação de item principal,обозначение источника,Designación original de objeto,kaynak öğe atama,Oznaczenie źródła elementu,
0,Standard,4,4194305,0,0,0,0,VALUE,0.0,-40.0,1,0,1,25.0,1,1,,,1,0,Standard,Standaard,Standard,Norme,Norm,Norma,Standard,Standard,Стандарт,Estándar,Standard,Standard,
0,Steering,4,1966110,0,-1,0,0,VALUE,0.0,-40.0,1,0,1,25.0,1,1,,,1,0,转向,stuur,Steering,Direction,Lenkung,Guida,ステアリング,Director,Рулевое управление,Steering,Yönetim,Sterowanie,
0,Step,4,4196385,0,0,0,0,VALUE,0.0,-40.0,1,0,1,25.0,1,1,,,,0,增量,stap,Increment,Largeur incrémentielle,Schrittweite,Passo,増量,Incremento,Шаг,Incremento,Artış,Przyrost,
51,StorageDate,4,16384,0,-1,0,0,VALUE,0.0,-40.0,0,0,1,20.0,1,1,,,1,0,项目储存日期,projectregistratiedatum,Project Storage date,Date d'enregistrement du projet,Projekt Speicherdatum,Data archiviazione progetto,プロジェクト保管日,Data de Armazenamento de Projeto,Дата сохранения проекта,Fecha de almacenamiento de proyecto,Proje Depolama Tarihi,Data przechowywania projektu,
0,Structure_Node_Attribute,4,570427555,6,-1,0,0,VALUE,0.0,-40.0,1,0,1,25.0,1,1,,,1,0,结构节点属性,struktuur node attribuut,Structure Node Attribute,Attribut de nœud de structure,Strukturknoten-Attribut,Attributo nodo struttura,構造ノード属性,Atributo de Estrutura de Nó,Атрибут раздела структурного дерева,Atributo de nodo de estructura,Düğüm Yapısı Özniteliği,Atrybut Węzła Struktury,
0,SubProj,4,-2113860990,6,-1,0,0,VALUE,0.0,-40.0,1,0,1,25.0,1,1,,,1,0,子项目,sub projekt,Sub-project,Sous-projet,Unterprojekt,Sotto progetto,サブプロジェクト,Sub-projeto,Подпроект,Sub-proyecto,Alt-proje,Pod-projekt,
0,Symbol_DatabaseEditor,4,272629761,0,-1,0,0,VALUE,0.0,-40.0,0,1,1,25.0,1,1,,,1,0,符号数据编辑器,symbool generator,Symbol generator,Générateur de symboles,Symbolersteller,Creatore simbolo,シンボルジェネレータ,Gerador de símbolos,Генератор символов,Generador de símbolos,Sembol üretici,Generator symbolu,
0,Symbolpintext-extended,4,5440,0,0,0,0,VALUE,0.0,-40.0,1,0,1,25.0,1,1,,,1,0,符号针脚扩展文本,symbool pin text (vergrotert),Symbol pin text extended,Texte étendu de la broche de symbole,Erweiterter Symbol Anschlusstext,Testo pin simbolo esteso,拡張シンボルピンテキスト,Texto extendido de símbolo de pino,Дополнительная надпись символа вывода,Texto extendido de pin de símbolo,Sembol pin metni uzun,Tekst symbolu pinu rozszerzony,
39,Techdat1,4,537004066,16,-1,0,0,VALUE,0.0,-40.0,1,0,1,20.0,1,50,,,,0,技术描述 1,technische beschrijving 1,Technical description 1,Données techniques 1,Technische Beschreibung 1,Descrizione tecnica 1,技術表記1,Descrição técnica 1,Тех. описание 1,Datos Técnicos 1,Teknik açıklama 1,Opis Techniczny 1,
46,Techdat2,4,133154,16,-1,0,0,VALUE,0.0,-40.0,1,0,1,20.0,1,51,,,,0,技术描述 2,technische beschrijving 2,Technical description 2,Données techniques 2,Technische Beschreibung 2,Descrizione tecnica 2,技術表記2,Descrição técnica 2,Тех. описание 2,Datos Técnicos 2,Teknik açıklama  2,Opis Techniczny 2,
44,Techdat3,4,133154,16,-1,0,0,VALUE,0.0,-40.0,1,0,1,20.0,1,52,,,,0,技术描述 3,technische beschrijving 3,Technical description 3,Données techniques 3,Technische Beschreibung 3,Descrizione tecnica 3,技術表記3,Descrição técnica 3,Тех. описание 3,Datos Técnicos 3,Teknik açıklama  3,Opis Techniczny 3,
,Techdat4,4,133154,16,0,0,0,VALUE,0.0,-40.0,1,0,1,20.0,1,53,,,,0,技术描述 4,technische beschrijving 4,Technical description 4,Données techniques 4,Technische Beschreibung 4,Descrizione tecnica 4,技術表記4,Descrição técnica 4,Тех. описание 4,Datos Técnicos 4,Teknik açıklama  4,Opis Techniczny 4,
,Techdat5,4,133154,16,-1,0,0,VALUE,0.0,-40.0,1,0,1,20.0,1,54,,,,0,技术描述 5,technische beschrijving 5,Technical description 5,Données techniques 5,Technische Beschreibung 5,Descrizione tecnica 5,技術表記5,Descrição técnica 5,Тех. описание 5,Datos Técnicos 5,Teknik açıklama  5,Opis Techniczny 5,
0,TerminalGroupCode,4,2080,0,-1,0,0,VALUE,0.0,-40.0,1,0,1,25.0,1,1,,,1,0,端子组代码,klemmengroep code,Terminal Group Code,Code de groupe de bornes,Klemmengruppen Code,Codice gruppo morsetto,ターミナルグループコード,Código de Grupo de Bornes,Код группы клемм,Código de grupo borne,Terminal Grup Kod,Kod Grupy Złączek,
,TermPlanAssignedSymbol,4,2080,0,-1,0,0,VALUE,0.0,-40.0,1,0,1,20.0,1,1,,,,0,电缆图符号,symbool voor kabelplan,Symbol for cable plan,Symbole pour plan de câbles,Symbol für Klemmenanschlussplan,Simbolo per schema cavi,ケーブルプラン用シンボル,Símbolo para planilha de cabos,Символ для схемы кабелей,Símbolo para plan de manguera,Kablo planı için sembol,Symbol dla zestawienia kabli,
0,Total_CrossSection,2,5440,0,-1,0,0,VALUE,0.0,-40.0,1,0,1,25.0,1,1,,,,0,最大电线横截面(mm²),"max. draad doorsnede (mm²), totaal","Max. wire cross-section (mm²), total","Section max. de fil (mm²), totale",Max. Gesamtdrahtquerschnitt (mm²),Sezione massima totale fili (mm²),最大ワイヤ断面積(mm²)、総計,"Seção Máxima de Fio (mm²), total",Макс. общее сечение провода (мм²),Sección cruzada máx. total de hilos (mm²),"Maksimum tel kesiti (mm²), toplam","Max. przekrój przewodu (mm²), całkowity",
52,TransferDate,4,16384,0,-1,0,0,VALUE,0.0,-40.0,1,0,1,20.0,1,1,,,1,0,项目传送日期,projecttransferdatum,Project Transfer date,Date de transfert du projet,Projekt Transferdatum,Data trasferimento progetto,プロジェクト移管日,Data de Transferência do Projeto,Дата передачи проекта,Fecha transferencia proyecto,Proje Transferi tarihi,Data Transferu Projektu,
0,Transmission,4,1966110,0,-1,0,0,VALUE,0.0,-40.0,1,0,1,25.0,1,1,,,1,0,Transmission,transmission,Transmission,Transmission,Getriebe,Trasmissione,トランスミッション,Transmissão,Трансмиссия,Transmission,İletim,Transmisja,
0,UL,4,393222,0,-1,0,0,VALUE,0.0,-40.0,1,0,1,25.0,1,1,,,1,0,UL许可,toestemming UL,Permission UL,Admission UL,Zulassung UL,Certificazione UL,UL認可,Permissão UL,Допуск UL,Permiso UL,UL İzni,Pozwolenie UL,
0,Voltage,4,393222,0,-1,0,0,VALUE,0.0,-40.0,1,0,1,25.0,1,1,,,1,0,电压Uo/U,spanning Uo/U,Voltage Uo/U,Tension Uo/U,Spannung Uo/U,Tensione Uo/U,電圧Uo/U,Tensão Uo/U,Напряжение Uo/U,Voltaje Uo/U,Voltaj Uo/U,Napięcie Uo/U,
0,Weight,4,395430,0,-1,0,0,VALUE,0.0,-40.0,1,0,1,25.0,1,1,,,1,0,重量,gewicht,Weight,Poids,Gewicht,Peso,重量,Peso,Масса,Peso,Ağırlık,Waga,
0,widgenDestinationInfo,4,5376,0,-1,0,0,VALUE,0.0,-40.0,1,0,1,25.0,1,1,,,1,0,WIDGEN 目标信息,WIDGEN eind info,WIDGEN Destination Info,Informations de destination WIDGEN,WIDGEN Ziel Information,WIDGEN - Info Destinazione,WIDGEN デスティネーション情報,WIDGEN Informação de Destino,WIDGEN Инфо адреса соединения,WIDGEN Información de destino,WIDGEN Hedef Bilgisi,WIDGEN Informacja Celu,
0,widgenHarnessConfiguration,4,4,0,-1,0,0,VALUE,0.0,-40.0,1,0,1,25.0,1,1,,,1,0,WIDGEN 线束配置,WIDGEN harness konfiguration,WIDGEN Harness Configuration,Configuration de harnais WIDGEN ,WIDGEN Leitungssatz Konfiguration,WIDGEN - Configurazione Harness,WIDGEN ハーネスコンフィグ,WIDGEN Configuração do Chicote,WIDGEN Конфигурация жгута,WIDGEN Configuración de arnés ,WIDGEN Kablolama Konfigürasyonu,WIDGEN Konfiguracja Wiązki,
0,widgenPindescription,4,5376,0,-1,0,0,VALUE,0.0,-40.0,1,0,1,25.0,1,1,,,1,0,WIDGEN 管脚描述,WIDGEN pin beschrijving,WIDGEN Pin Description,Description de broche WIDGEN ,WIDGEN Anschlusspunktbeschreibung,WIDGEN - Descrizione Pin,WIDGEN ピン表記,WIDGEN Descrição do Pino,WIDGEN Описание вывода,WIDGEN Descripción de pin,WIDGEN Pin Açıklaması,WIDGEN Opis Pinu,
0,widgenPinDestinationRecord,4,5376,0,0,0,0,VALUE,0.0,-40.0,1,0,1,25.0,1,1,,,1,0,WIDGEN 管脚目标记录,WIDGEN pin eind record,WIDGEN Pin Destination Record,Enregistrement de destination de broche WIDGEN,WIDGEN Zielanschlusspunkt Record,WIDGEN - Descrizione Pin record,WIDGEN ピンデスティネーションレコード,WIDGEN Registro de destino do pino,WIDGEN Запись назначения вывода,WIDGEN Registro de destino de pin,WIDGEN Pin Hedef Kaydı,WIDGEN Zapis Celu Pinów,
0,widgenSignalInfo,4,7172,0,-1,0,0,VALUE,0.0,-40.0,1,0,1,25.0,1,1,,,1,0,WIDGEN 信号信息,WIDGEN signaal info,WIDGEN Signal Info,Infos de signal WIDGEN ,WIDGEN Signal Information,WIDGEN - Info Segnale,WIDGEN 信号情報,WIDGEN Informação de Sinal,WIDGEN Инфо цепи,WIDGEN Información de señal,WIDGEN Sinyal bilgisi,WIDGEN Informacja o Sygnale,
0,widgenVariantFamily,4,4,0,-1,0,0,VALUE,0.0,-40.0,1,0,1,25.0,1,1,,,1,0,WIDGEN 变量族 ,WIDGEN variant groep,WIDGEN Variant Family,Famille de variantes WIDGEN,WIDGEN Varianten Familie,WIDGEN - Familia Variante,WIDGEN 仕向けファミリー,WIDGEN Família de Variante,WIDGEN Вариант - Семейство,WIDGEN Familia de variante,WIDGEN Değişken Kümesi,WIDGEN Wariant Rodziny,
0,widgenVariantOption,4,4,0,-1,0,0,VALUE,0.0,-40.0,1,0,1,25.0,1,1,,,1,0,WIDGEN 变量选项,WIDGEN variant option,WIDGEN Variant Option,Option de variante WIDGEN,WIDGEN Varianten Option,WIDGEN - Opzione Variante,WIDGEN 仕向けオプション,WIDGEN Opção de Variante,WIDGEN Вариант - Опция,WIDGEN Opción de variante,WIDGEN Değişken Ayarları,WIDGEN Opcja Wariantu,
0,widgenWireType,4,4,0,-1,0,0,VALUE,0.0,-40.0,1,0,1,25.0,1,1,,,1,0,WIDGEN 线型,WIDGEN draad type,WIDGEN Wire Type,Type de fil WIDGEN ,WIDGEN Drahttyp,WIDGEN - Tipo Filo,WIDGEN ワイヤタイプ,WIDGEN Tipo de Fio,WIDGEN Тип провода,WDIGEN Tipo de hilo,WIDGEN Tel Tipi,WIDGEN Typ Przewodu,
,WireNumber,4,16777216,0,-1,-1,0,VALUE,0.0,-40.0,1,0,1,20.0,1,1,,,,0,线号,draadnummer,Wire number,Numéro de fil,Drahtnummer,Numero filo,ワイヤ番号,Número do fio,Номер провода,Nº de hilo,tel numarası,Numer Przewodu,
0,WireNumber_Add,4,4,0,-1,0,0,VALUE,0.0,-40.0,1,0,1,25.0,1,1,,,1,0,附加线号,extra draadnummer,Additional Wire number,Numéro de fil supplémentaire,Zusatz zur Drahtnummer,Aggiunta al numero filo,追加ワイヤ番号,Número de Fio Adicional,Дополнительный номер провода,Número adicional de hilo,Ek Tel numarası,Dodatkowy Numer Przewodu,
0,WireNumber_Wire,4,4,0,-1,0,0,VALUE,0.0,-40.0,1,0,1,25.0,1,1,,,1,0,线号(导线),draadnummer (ader),Wire Number (Core),Numéro de fil (brin),Drahtnummer (Ader),Numero filo (conduttore),ワイヤ番号(コア),Número de Fio (Condutor),Номер провода (жилы),Número de hilo (vena),Tel Numarası (Kod),Numer Przewodu (żyła),
0,Attr4ViewSymbol,4,27140126,1020,0,0,0,VALUE,0.0,-40.0,1,0,1,25.0,1,1,,,1,0,视图符号的使用属性,Attribuut gebruikt door weergave symbool,Attribute for use from View Symbol,Attribut à utiliser par le symbole de vue,Attribut das vom Ansichten-Symbol benutzt wird,Attributo da usare dal simbolo di vista,ビューシンボルからの使用属性,,Атрибут для использования из символа изображения,,,Atrybut z widoku symbolu,
,Class_polish,4,809631776,16,-1,0,0,VALUE,0.0,-40.0,1,0,1,20.0,1,1,,,,0,数据库类 波兰语,Databank klasse Pools,Database Class Polish,Classe de base de données Polonais,Datenbankklasse polnisch,Classe database polacco,データベースクラス(ポーランド語),,База данных - Класс - Польский,,Veritabanı Sınıfı Lehçe,Klasa bazy danych Polski,
0,.HISTORY_TSREPAIR_SUMMARY,4,16384,0,0,0,0,VALUE,0.0,-40.0,0,1,1,25.0,1,1,,,1,0,,,History - date of repairing summary,,Historie - Zeitpunkt reparieren Überblick,,,,,,,,
0,SUBTYP,1,272629761,0,-1,-1,0,VALUE,0.0,-40.0,0,1,1,25.0,1,1,,,,0,,,,,,,,,,,,,
0,AttrFileSTP,4,536939169,0,-1,0,0,VALUE,0.0,0.0,1,0,1,25.0,1,1,,,,0,,,Attr File STP,,,,,,,,,,
0,Description_rumanian,4,809700003,16,-1,0,0,VALUE,0.0,-40.0,1,0,1,20.0,1,1,,,,0,,,Database Description Romanian,,,,,,,,,,
0,AttrFile6,4,536939169,0,-1,0,0,VALUE,0.0,0.0,1,0,1,25.0,1,1,,,,0,,,Attr File 6 (Product photo),,,,,,,,,,
0,AttrFileJPG,4,536939169,0,-1,0,0,VALUE,0.0,0.0,1,0,1,25.0,1,1,,,,0,,,Attr File JPG (Thumbnail),,,,,,,,,,
,Class_hungarian,4,809631776,16,-1,0,0,VALUE,0.0,-40.0,1,0,1,20.0,1,1,,,,0,,Database Class Hungarian,Database Class Hungarian,Database Class Hungarian,Datenbankklasse ungarisch,Database Class Hungarian,Database Class Hungarian,Database Class Hungarian,Database Class Hungarian,,Database Class Hungarian,,
,Class_rumanian,4,809631776,16,-1,0,0,VALUE,0.0,-40.0,1,0,1,20.0,1,1,,,,0,,,Database Class Romanian,,Datenbankklasse rumänisch,,,,,,,,
,Description_hungarian,4,809631776,16,-1,0,0,VALUE,0.0,-40.0,1,0,1,20.0,1,1,,,,0,Database Description  Hungarian,Database Description  Hungarian,Database Description Hungarian,Database Description  Hungarian,Datenbankbeschreibung ungarisch,Database Description  Hungarian,Database Description  Hungarian,Database Description  Hungarian,Database Description  Hungarian,Database Description  Hungarian,Database Description  Hungarian,,
0,.HARNESS_FOLDER_PATH,4,16384,0,-1,0,0,VALUE,0.0,-40.0,0,1,1,25.0,1,1,,,,0,,,Harness Drawings Folder Path,,,,,,,,,,
0,.HISTORY_PANLINK_VERSION,4,16384,0,0,0,0,VALUE,0.0,-40.0,0,1,1,25.0,1,1,,,1,0,,,,,,,,,,,,,
,Description_czech,4,809631776,16,-1,0,0,VALUE,0.0,-40.0,1,0,1,20.0,1,1,,,,0,,,Database Description Czech,,Datenbankbeschreibung tschechisch,,,,,,,,
,Description_danish,4,809631776,16,-1,0,0,VALUE,0.0,-40.0,1,0,1,20.0,1,1,,,,0,,,Database Description Danish,,Datenbankbeschreibung dänisch,,,,,,,,
,Description_finnish,4,809631776,16,-1,0,0,VALUE,0.0,-40.0,1,0,1,20.0,1,1,,,,0,,,Database Description Finnish,,Datenbankbeschreibung finnisch,,,,,,,,
,Description_greek,4,809631776,16,-1,0,0,VALUE,0.0,-40.0,1,0,1,20.0,1,1,,,1,0,,,Database Description Greek,,Datenbankbeschreibung griechisch,,,,,,,,
,Description_slovenian,4,809631776,16,-1,0,0,VALUE,0.0,-40.0,1,0,1,20.0,1,1,,,,0,,,Database Description Slovene,,Datenbankbeschreibung slowenisch,,,,,,,,
,Description_swedish,4,809631776,16,-1,0,0,VALUE,0.0,-40.0,1,0,1,20.0,1,1,,,,0,,,Database Description Swedish,,Datenbankbeschreibung schwedisch,,,,,,,,
,Description_korean,4,809631776,16,-1,0,0,VALUE,0.0,-40.0,1,0,1,20.0,1,1,,,1,0,,,Database Description Korean,,Datenbankbeschreibung koreanisch,,,,,,,,
,Description_norwegian,4,809631776,16,-1,0,0,VALUE,0.0,-40.0,1,0,1,20.0,1,1,,,,0,,,Database Description Norwegian,,Datenbankbeschreibung norwegisch,,,,,,,,
0,.HISTORY_IV_DP,4,16384,0,0,0,0,VALUE,0.0,-40.0,0,1,1,25.0,1,1,,,1,0,,,,,,,,,,,,,
0,.HISTORY_IV_DR,4,16384,0,0,0,0,VALUE,0.0,-40.0,0,1,1,25.0,1,1,,,1,0,,,,,,,,,,,,,
0,.HISTORY_IV_EN,4,16384,0,0,0,0,VALUE,0.0,-40.0,0,1,1,25.0,1,1,,,1,0,,,,,,,,,,,,,
0,.IS_JOINT_CONNECTOR_SYMBOL,5,4194305,0,-1,0,0,VALUE,0.0,-40.0,0,1,1,25.0,1,1,,,1,0,,,Use as Joint Connector symbol,,,,,,,,,,
0,PlcArticleNumber,4,32,0,-1,0,0,VALUE,0.0,-40.0,1,0,1,25.0,1,1,,,1,0,,,PLC Article Number,,,,,,,,,,
0,PlcChannelDescription,4,5440,0,-1,0,0,VALUE,0.0,-40.0,1,0,1,25.0,1,1,,,1,0,,,PLC Channel Description,,,,,,,,,,
0,.HISTORY_PATH_EDA_FILE,4,16384,0,0,0,0,VALUE,0.0,-40.0,0,1,1,25.0,1,1,,,1,0,,,,,,,,,,,,,
0,.HISTORY_TSAUTO_SAVE,4,16384,0,0,0,0,VALUE,0.0,-40.0,0,1,1,25.0,1,1,,,1,0,,,,,,,,,,,,,
0,.HISTORY_TSSAVE_LAST,4,16384,0,0,0,0,VALUE,0.0,-40.0,0,1,1,25.0,1,1,,,1,0,,,,,,,,,,,,,
0,.ROUTE_TARGET_NUMBER,4,64,0,-1,0,0,VALUE,0.0,-40.0,0,1,1,25.0,1,1,,,,0,,,Route Target Number,,,,,,,,,,
0,.VARIATION_FILE_NAME,4,16384,0,-1,0,0,VALUE,0.0,-40.0,0,1,1,25.0,1,1,,,,0,,,Variation File Name,,,,,,,,,,
0,.VARIATION_FOLDER_PATH,4,16384,0,-1,0,0,VALUE,0.0,-40.0,0,1,1,25.0,1,1,,,,0,,,Variation Folder Path,,,,,,,,,,
96,AttrFile5,4,536873121,0,-1,0,0,VALUE,0.0,0.0,1,0,1,25.0,1,1,,,,0,,,Attr File 5 (Circuit diagram),,Attr Datei 5 (Schaltplan),,,,,,,,
95,AttrFileBMP,4,536873121,0,-1,0,0,VALUE,0.0,0.0,1,0,1,25.0,1,1,,,,0,,,Attr File BMP,,Attr Datei BMP,,,,,,,,
95,AttrFileDXF,4,536873121,0,-1,0,0,VALUE,0.0,0.0,1,0,1,25.0,1,1,,,,0,,,Attr File DXF,,Attr Datei DXF,,,,,,,,
97,AttrFileTIF,4,536873121,0,-1,0,0,VALUE,0.0,0.0,1,0,1,25.0,1,1,,,,0,,,Attr File TIF,,Attr Datei TIF,,,,,,,,
,Attr Spannung,4,2208,0,-1,0,0,VALUE,0.0,0.0,1,0,1,25.0,1,1,,,,0,,,Attr Voltage,,Attr Spannung,,,,,,,,
,Attr Strom,4,2208,0,-1,0,0,VALUE,0.0,0.0,1,0,1,25.0,1,1,,,,0,,,Attr Current,,Attr Strom,,,,,,,,
,Class_czech,4,809631776,16,-1,0,0,VALUE,0.0,-40.0,1,0,1,20.0,1,1,,,,0,,,Database Class Czech,,Datenbankklasse tschechisch,,,,,,,,
,Class_danish,4,809631776,16,-1,0,0,VALUE,0.0,-40.0,1,0,1,20.0,1,1,,,,0,,,Database Class Danish,,Datenbankklasse dänisch,,,,,,,,
,Class_finnish,4,809631776,16,-1,0,0,VALUE,0.0,-40.0,1,0,1,20.0,1,1,,,,0,,,Database Class Finnish,,Datenbankklasse finnisch,,,,,,,,
,Class_greek,4,809631776,16,-1,0,0,VALUE,0.0,-40.0,1,0,1,20.0,1,1,,,1,0,,,Database Class Greek,,Datenbankklasse griechisch,,,,,,,,
,Class_korean,4,809631776,16,-1,0,0,VALUE,0.0,-40.0,1,0,1,20.0,1,1,,,,0,,,Database Class Korean,,Datenbankklasse koreanisch,,,,,,,,
,Class_norwegian,4,809631776,16,-1,0,0,VALUE,0.0,-40.0,1,0,1,20.0,1,1,,,,0,,,Database Class Norwegian,,Datenbankklasse norwegisch,,,,,,,,
,Class_slovenian,4,809631776,16,-1,0,0,VALUE,0.0,-40.0,1,0,1,20.0,1,1,,,,0,,,Database Class Slovene,,Datenbankklasse slowenisch,,,,,,,,
,Class_swedish,4,809631776,16,-1,0,0,VALUE,0.0,-40.0,1,0,1,20.0,1,1,,,,0,,,Database Class Swedish,,Datenbankklasse schwedisch,,,,,,,,
,Description_polish,4,809631776,16,-1,0,0,VALUE,0.0,-40.0,1,0,1,20.0,1,1,,,,0,数据库描述 波兰语,Databank beschrijving Pools,Database Description Polish,Description de base de données Polonais,Datenbankbeschreibung polnisch,Descrizione database polacco,データベース表記(ポーランド語),,База данных - Описание - Польское,,Veritabanı Açıklama Lehçe,Opis bazy danych Polski,
0,.HD_DRAW_FILL_COLOR,1,32,0,-1,0,-1,VALUE,0.0,-40.0,0,1,1,25.0,1,1,,,,0,HarnessDesigner Drawing 填充色,HarnessDesigner tekening vulkleur,HarnessDesigner Drawing Fill Color,HarnessDesigner Dessin Couleur de remplissage ,HarnessDesigner Zeichnung Füll Farbe,HarnessDesigner - colore riempimento,HarnessDesigner 描画塗りつぶし色,,HarnessDesigner Чертеж - Цвет заливки,,Harness Tasarımı çizimini doldurma rengi,Kolor wypełnienia schematu HarnessDesigner,
0,.HD_DRAW_FILL_TYPE,1,32,0,-1,0,-1,VALUE,0.0,-40.0,0,1,1,25.0,1,1,,,,0,HarnessDesigner Drawing 填充类型,HarnessDesigner tekening vultype,HarnessDesigner Drawing Fill Type,HarnessDesigner Dessin Type de remplissage,HarnessDesigner Zeichnung Füll Type,HarnessDesigner - stile riempimento,HarnessDesigner 描画塗りつぶしタイプ,,HarnessDesigner Чертеж - Тип заливки,,Harness Tasarımı çizimini doldurma tipi,Typ wypełnienia schematu HarnessDesigner,
0,.HD_DRAW_LINE_COLOR,1,32,0,-1,0,-1,VALUE,0.0,-40.0,0,1,1,25.0,1,1,,,,0,HarnessDesigner Drawing 线色,HarnessDesigner tekening lijnkleur,HarnessDesigner Drawing Linie Color,HarnessDesigner Dessin Couleur de ligne,HarnessDesigner Zeichnung Linie Farbe,HarnessDesigner - colore linea,HarnessDesigner 描画線色,,HarnessDesigner Чертеж - Цвет линии,,Harness Tasarımı çiziminin çizgi rengi,Kolor linii schematu HarnessDesigner,
0,.HD_DRAW_LINE_TYPE,1,32,0,-1,0,-1,VALUE,0.0,-40.0,0,1,1,25.0,1,1,,,,0,HarnessDesigner Drawing 线型,HarnessDesigner tekening lijntype,HarnessDesigner Drawing Linie Type,HarnessDesigner Dessin Type de ligne,HarnessDesigner Zeichnung Linie Type,HarnessDesigner - stile linea,HarnessDesigner 描画線種,,HarnessDesigner Чертеж - Тип линии,,Harness Tasarımı çiziminin çizgi tipi,Typ linii schematu HarnessDesigner,
0,.HD_DRAW_LINE_WIDTH,2,32,0,-1,0,-1,VALUE,0.0,-40.0,0,1,1,25.0,1,1,,,,0,HarnessDesigner Drawing 线宽,HarnessDesigner tekening lijnbreedte,HarnessDesigner Drawing Linie Width,HarnessDesigner Dessin ,HarnessDesigner Zeichnung Linie Breite,HarnessDesigner - spessore linea,HarnessDesigner 描画線幅,,HarnessDesigner Чертеж - Толщина линии,,Harness Tasarımı çiziminin çizgi genişliği,Szerokość linii schematu HarnessDesigner,
